<?xml version="1.0" encoding="utf-8" ?>
<kml xmlns="http://www.opengis.net/kml/2.2">
<Document id="root_doc">
<Schema name="SAFE_MunicipalFireStations_MCAC" id="SAFE_MunicipalFireStations_MCAC">
	<SimpleField name="OBJECTID" type="int"></SimpleField>
	<SimpleField name="County" type="string"></SimpleField>
	<SimpleField name="ZIP" type="string"></SimpleField>
	<SimpleField name="Address" type="string"></SimpleField>
	<SimpleField name="StationName" type="string"></SimpleField>
	<SimpleField name="State" type="string"></SimpleField>
	<SimpleField name="Type" type="string"></SimpleField>
	<SimpleField name="Phone" type="string"></SimpleField>
	<SimpleField name="Fax" type="string"></SimpleField>
	<SimpleField name="Email" type="string"></SimpleField>
	<SimpleField name="Website" type="string"></SimpleField>
	<SimpleField name="City" type="string"></SimpleField>
</Schema>
<Folder><name>SAFE_MunicipalFireStations_MCAC</name>
  <Placemark>
	<ExtendedData><SchemaData schemaUrl="#SAFE_MunicipalFireStations_MCAC">
		<SimpleData name="OBJECTID">1</SimpleData>
		<SimpleData name="County">Allegany County</SimpleData>
		<SimpleData name="ZIP">21502</SimpleData>
		<SimpleData name="Address">20 Bedford St</SimpleData>
		<SimpleData name="StationName">Cumberland Fire Department Co. 1</SimpleData>
		<SimpleData name="State">MD</SimpleData>
		<SimpleData name="Type">Career</SimpleData>
		<SimpleData name="Phone"></SimpleData>
		<SimpleData name="Fax"></SimpleData>
		<SimpleData name="Email"></SimpleData>
		<SimpleData name="Website">http://www.ci.cumberland.md.us/new_site/index.php/contents/view/52</SimpleData>
		<SimpleData name="City">Cumberland</SimpleData>
	</SchemaData></ExtendedData>
      <Point><coordinates>-78.7602261229999,39.635026134</coordinates></Point>
  </Placemark>
  <Placemark>
	<ExtendedData><SchemaData schemaUrl="#SAFE_MunicipalFireStations_MCAC">
		<SimpleData name="OBJECTID">2</SimpleData>
		<SimpleData name="County">Frederick County</SimpleData>
		<SimpleData name="ZIP">21716</SimpleData>
		<SimpleData name="Address">200 W Potomac St</SimpleData>
		<SimpleData name="StationName">Brunswick Ambulance Co</SimpleData>
		<SimpleData name="State">MD</SimpleData>
		<SimpleData name="Type">Volunteer</SimpleData>
		<SimpleData name="Phone"></SimpleData>
		<SimpleData name="Fax"></SimpleData>
		<SimpleData name="Email"></SimpleData>
		<SimpleData name="Website"></SimpleData>
		<SimpleData name="City">Brunswick</SimpleData>
	</SchemaData></ExtendedData>
      <Point><coordinates>-77.6297264949999,39.313261154</coordinates></Point>
  </Placemark>
  <Placemark>
	<ExtendedData><SchemaData schemaUrl="#SAFE_MunicipalFireStations_MCAC">
		<SimpleData name="OBJECTID">3</SimpleData>
		<SimpleData name="County">Frederick County</SimpleData>
		<SimpleData name="ZIP">21777</SimpleData>
		<SimpleData name="Address">1809 Ballenger Creek Rd</SimpleData>
		<SimpleData name="StationName">Carroll Manor/ Pt Of Rocks Station</SimpleData>
		<SimpleData name="State">MD</SimpleData>
		<SimpleData name="Type">Volunteer</SimpleData>
		<SimpleData name="Phone"></SimpleData>
		<SimpleData name="Fax"></SimpleData>
		<SimpleData name="Email"></SimpleData>
		<SimpleData name="Website"></SimpleData>
		<SimpleData name="City">Point Of Rocks</SimpleData>
	</SchemaData></ExtendedData>
      <Point><coordinates>-77.529414527,39.284557154</coordinates></Point>
  </Placemark>
  <Placemark>
	<ExtendedData><SchemaData schemaUrl="#SAFE_MunicipalFireStations_MCAC">
		<SimpleData name="OBJECTID">4</SimpleData>
		<SimpleData name="County">Cecil County</SimpleData>
		<SimpleData name="ZIP">21901</SimpleData>
		<SimpleData name="Address">2846 Northeast Rd</SimpleData>
		<SimpleData name="StationName">Community Fire Company Of Rising Sun - Sta 18</SimpleData>
		<SimpleData name="State">MD</SimpleData>
		<SimpleData name="Type">Volunteer</SimpleData>
		<SimpleData name="Phone"></SimpleData>
		<SimpleData name="Fax"></SimpleData>
		<SimpleData name="Email"></SimpleData>
		<SimpleData name="Website"></SimpleData>
		<SimpleData name="City">North East</SimpleData>
	</SchemaData></ExtendedData>
      <Point><coordinates>-75.979008987,39.6987250130001</coordinates></Point>
  </Placemark>
  <Placemark>
	<ExtendedData><SchemaData schemaUrl="#SAFE_MunicipalFireStations_MCAC">
		<SimpleData name="OBJECTID">5</SimpleData>
		<SimpleData name="County">Cecil County</SimpleData>
		<SimpleData name="ZIP">21915</SimpleData>
		<SimpleData name="Address">2 Charles Wharton Dr</SimpleData>
		<SimpleData name="StationName">Chesapeake City Fire Station 12</SimpleData>
		<SimpleData name="State">MD</SimpleData>
		<SimpleData name="Type">Volunteer</SimpleData>
		<SimpleData name="Phone"></SimpleData>
		<SimpleData name="Fax"></SimpleData>
		<SimpleData name="Email"></SimpleData>
		<SimpleData name="Website"></SimpleData>
		<SimpleData name="City">Chesapeake City</SimpleData>
	</SchemaData></ExtendedData>
      <Point><coordinates>-75.831388046,39.5071380470001</coordinates></Point>
  </Placemark>
  <Placemark>
	<ExtendedData><SchemaData schemaUrl="#SAFE_MunicipalFireStations_MCAC">
		<SimpleData name="OBJECTID">6</SimpleData>
		<SimpleData name="County">Harford County</SimpleData>
		<SimpleData name="ZIP">21014</SimpleData>
		<SimpleData name="Address">109 S Hickory Ave</SimpleData>
		<SimpleData name="StationName">Bel Air Vol Fire Co Main Station</SimpleData>
		<SimpleData name="State">MD</SimpleData>
		<SimpleData name="Type">Volunteer</SimpleData>
		<SimpleData name="Phone">410-638-4400</SimpleData>
		<SimpleData name="Fax">410-638-4431</SimpleData>
		<SimpleData name="Email"></SimpleData>
		<SimpleData name="Website"></SimpleData>
		<SimpleData name="City">Bel Air</SimpleData>
	</SchemaData></ExtendedData>
      <Point><coordinates>-76.348633881,39.539610059</coordinates></Point>
  </Placemark>
  <Placemark>
	<ExtendedData><SchemaData schemaUrl="#SAFE_MunicipalFireStations_MCAC">
		<SimpleData name="OBJECTID">7</SimpleData>
		<SimpleData name="County">Harford County</SimpleData>
		<SimpleData name="ZIP">21001</SimpleData>
		<SimpleData name="Address">1437 Perryman Rd</SimpleData>
		<SimpleData name="StationName">Aberdeen Fire Department</SimpleData>
		<SimpleData name="State">MD</SimpleData>
		<SimpleData name="Type">Career</SimpleData>
		<SimpleData name="Phone"></SimpleData>
		<SimpleData name="Fax"></SimpleData>
		<SimpleData name="Email"></SimpleData>
		<SimpleData name="Website"></SimpleData>
		<SimpleData name="City">Aberdeen</SimpleData>
	</SchemaData></ExtendedData>
      <Point><coordinates>-76.1918989339999,39.4862670640001</coordinates></Point>
  </Placemark>
  <Placemark>
	<ExtendedData><SchemaData schemaUrl="#SAFE_MunicipalFireStations_MCAC">
		<SimpleData name="OBJECTID">8</SimpleData>
		<SimpleData name="County">Harford County</SimpleData>
		<SimpleData name="ZIP">21001</SimpleData>
		<SimpleData name="Address">643 Aberdeen Trwy</SimpleData>
		<SimpleData name="StationName">Aberdeen Fire Department</SimpleData>
		<SimpleData name="State">MD</SimpleData>
		<SimpleData name="Type">Career</SimpleData>
		<SimpleData name="Phone"></SimpleData>
		<SimpleData name="Fax"></SimpleData>
		<SimpleData name="Email"></SimpleData>
		<SimpleData name="Website"></SimpleData>
		<SimpleData name="City">Aberdeen</SimpleData>
	</SchemaData></ExtendedData>
      <Point><coordinates>-76.180453938,39.492473062</coordinates></Point>
  </Placemark>
  <Placemark>
	<ExtendedData><SchemaData schemaUrl="#SAFE_MunicipalFireStations_MCAC">
		<SimpleData name="OBJECTID">9</SimpleData>
		<SimpleData name="County">Harford County</SimpleData>
		<SimpleData name="ZIP">21001</SimpleData>
		<SimpleData name="Address">104 E Bel Air Ave</SimpleData>
		<SimpleData name="StationName">Aberdeen Fire Department</SimpleData>
		<SimpleData name="State">MD</SimpleData>
		<SimpleData name="Type">Career</SimpleData>
		<SimpleData name="Phone"></SimpleData>
		<SimpleData name="Fax"></SimpleData>
		<SimpleData name="Email"></SimpleData>
		<SimpleData name="Website"></SimpleData>
		<SimpleData name="City">Aberdeen</SimpleData>
	</SchemaData></ExtendedData>
      <Point><coordinates>-76.1576859419999,39.5063640590001</coordinates></Point>
  </Placemark>
  <Placemark>
	<ExtendedData><SchemaData schemaUrl="#SAFE_MunicipalFireStations_MCAC">
		<SimpleData name="OBJECTID">10</SimpleData>
		<SimpleData name="County">Harford County</SimpleData>
		<SimpleData name="ZIP">21047</SimpleData>
		<SimpleData name="Address">3108 Hunt Rd</SimpleData>
		<SimpleData name="StationName">Fallston Vol Fire &amp; Ambulance</SimpleData>
		<SimpleData name="State">MD</SimpleData>
		<SimpleData name="Type">Volunteer</SimpleData>
		<SimpleData name="Phone"></SimpleData>
		<SimpleData name="Fax"></SimpleData>
		<SimpleData name="Email"></SimpleData>
		<SimpleData name="Website"></SimpleData>
		<SimpleData name="City">Fallston</SimpleData>
	</SchemaData></ExtendedData>
      <Point><coordinates>-76.486393838,39.5508210630001</coordinates></Point>
  </Placemark>
  <Placemark>
	<ExtendedData><SchemaData schemaUrl="#SAFE_MunicipalFireStations_MCAC">
		<SimpleData name="OBJECTID">11</SimpleData>
		<SimpleData name="County">Harford County</SimpleData>
		<SimpleData name="ZIP">21050</SimpleData>
		<SimpleData name="Address">27 E Jarrettsville Rd</SimpleData>
		<SimpleData name="StationName">Bel Air Vol Fire Co Forest Hill Substation</SimpleData>
		<SimpleData name="State">MD</SimpleData>
		<SimpleData name="Type">Volunteer</SimpleData>
		<SimpleData name="Phone">410-638-4402</SimpleData>
		<SimpleData name="Fax"></SimpleData>
		<SimpleData name="Email"></SimpleData>
		<SimpleData name="Website"></SimpleData>
		<SimpleData name="City">Forest Hill</SimpleData>
	</SchemaData></ExtendedData>
      <Point><coordinates>-76.3842048669999,39.584398053</coordinates></Point>
  </Placemark>
  <Placemark>
	<ExtendedData><SchemaData schemaUrl="#SAFE_MunicipalFireStations_MCAC">
		<SimpleData name="OBJECTID">12</SimpleData>
		<SimpleData name="County">Harford County</SimpleData>
		<SimpleData name="ZIP">21040</SimpleData>
		<SimpleData name="Address">3301 Willoughby Beach Rd</SimpleData>
		<SimpleData name="StationName">Abingdon Volunteer Fire Company - Edgewood Station</SimpleData>
		<SimpleData name="State">MD</SimpleData>
		<SimpleData name="Type">Volunteer</SimpleData>
		<SimpleData name="Phone"></SimpleData>
		<SimpleData name="Fax"></SimpleData>
		<SimpleData name="Email"></SimpleData>
		<SimpleData name="Website"></SimpleData>
		<SimpleData name="City">Edgewood</SimpleData>
	</SchemaData></ExtendedData>
      <Point><coordinates>-76.269831913,39.431825077</coordinates></Point>
  </Placemark>
  <Placemark>
	<ExtendedData><SchemaData schemaUrl="#SAFE_MunicipalFireStations_MCAC">
		<SimpleData name="OBJECTID">13</SimpleData>
		<SimpleData name="County">Howard County</SimpleData>
		<SimpleData name="ZIP">21042</SimpleData>
		<SimpleData name="Address">9601 Old Frederick Rd</SimpleData>
		<SimpleData name="StationName">Bethany Fire Station - Station 8</SimpleData>
		<SimpleData name="State">MD</SimpleData>
		<SimpleData name="Type">Volunteer</SimpleData>
		<SimpleData name="Phone"></SimpleData>
		<SimpleData name="Fax"></SimpleData>
		<SimpleData name="Email"></SimpleData>
		<SimpleData name="Website"></SimpleData>
		<SimpleData name="City">Ellicott City</SimpleData>
	</SchemaData></ExtendedData>
      <Point><coordinates>-76.845591741,39.2972011260001</coordinates></Point>
  </Placemark>
  <Placemark>
	<ExtendedData><SchemaData schemaUrl="#SAFE_MunicipalFireStations_MCAC">
		<SimpleData name="OBJECTID">14</SimpleData>
		<SimpleData name="County">Anne Arundel County</SimpleData>
		<SimpleData name="ZIP">21403</SimpleData>
		<SimpleData name="Address">991 Bay Ridge Rd</SimpleData>
		<SimpleData name="StationName">Annapolis Neck Fire Co. 8</SimpleData>
		<SimpleData name="State">MD</SimpleData>
		<SimpleData name="Type">Volunteer</SimpleData>
		<SimpleData name="Phone"></SimpleData>
		<SimpleData name="Fax"></SimpleData>
		<SimpleData name="Email"></SimpleData>
		<SimpleData name="Website">http://www.aacounty.org</SimpleData>
		<SimpleData name="City">Annapolis</SimpleData>
	</SchemaData></ExtendedData>
      <Point><coordinates>-76.485830874,38.9457511840001</coordinates></Point>
  </Placemark>
  <Placemark>
	<ExtendedData><SchemaData schemaUrl="#SAFE_MunicipalFireStations_MCAC">
		<SimpleData name="OBJECTID">15</SimpleData>
		<SimpleData name="County">Prince George's County</SimpleData>
		<SimpleData name="ZIP">20715</SimpleData>
		<SimpleData name="Address">13009 9th St</SimpleData>
		<SimpleData name="StationName">Bowie Volunteer Fire Department Sta 19</SimpleData>
		<SimpleData name="State">MD</SimpleData>
		<SimpleData name="Type">Volunteer</SimpleData>
		<SimpleData name="Phone"></SimpleData>
		<SimpleData name="Fax"></SimpleData>
		<SimpleData name="Email"></SimpleData>
		<SimpleData name="Website"></SimpleData>
		<SimpleData name="City">Bowie</SimpleData>
	</SchemaData></ExtendedData>
      <Point><coordinates>-76.777226779,39.0083351810001</coordinates></Point>
  </Placemark>
  <Placemark>
	<ExtendedData><SchemaData schemaUrl="#SAFE_MunicipalFireStations_MCAC">
		<SimpleData name="OBJECTID">16</SimpleData>
		<SimpleData name="County">Prince George's County</SimpleData>
		<SimpleData name="ZIP">20716</SimpleData>
		<SimpleData name="Address">14901 Health Center Dr</SimpleData>
		<SimpleData name="StationName">Northview Fire Station</SimpleData>
		<SimpleData name="State">MD</SimpleData>
		<SimpleData name="Type">Volunteer</SimpleData>
		<SimpleData name="Phone"></SimpleData>
		<SimpleData name="Fax"></SimpleData>
		<SimpleData name="Email"></SimpleData>
		<SimpleData name="Website"></SimpleData>
		<SimpleData name="City">Northview</SimpleData>
	</SchemaData></ExtendedData>
      <Point><coordinates>-76.7395147939999,38.945571193</coordinates></Point>
  </Placemark>
  <Placemark>
	<ExtendedData><SchemaData schemaUrl="#SAFE_MunicipalFireStations_MCAC">
		<SimpleData name="OBJECTID">17</SimpleData>
		<SimpleData name="County">Prince George's County</SimpleData>
		<SimpleData name="ZIP">20772</SimpleData>
		<SimpleData name="Address">10400 Campus Way</SimpleData>
		<SimpleData name="StationName">Kentland Volunteer Fire Department Sta 46</SimpleData>
		<SimpleData name="State">MD</SimpleData>
		<SimpleData name="Type">Volunteer</SimpleData>
		<SimpleData name="Phone"></SimpleData>
		<SimpleData name="Fax"></SimpleData>
		<SimpleData name="Email"></SimpleData>
		<SimpleData name="Website"></SimpleData>
		<SimpleData name="City">Upper Marlboro</SimpleData>
	</SchemaData></ExtendedData>
      <Point><coordinates>-76.824858771,38.8909042070001</coordinates></Point>
  </Placemark>
  <Placemark>
	<ExtendedData><SchemaData schemaUrl="#SAFE_MunicipalFireStations_MCAC">
		<SimpleData name="OBJECTID">18</SimpleData>
		<SimpleData name="County">Allegany County</SimpleData>
		<SimpleData name="ZIP">21562</SimpleData>
		<SimpleData name="Address">22618 Mountain Top Rd</SimpleData>
		<SimpleData name="StationName">Westernport Tower</SimpleData>
		<SimpleData name="State">MD</SimpleData>
		<SimpleData name="Type">Career</SimpleData>
		<SimpleData name="Phone"></SimpleData>
		<SimpleData name="Fax"></SimpleData>
		<SimpleData name="Email"></SimpleData>
		<SimpleData name="Website"></SimpleData>
		<SimpleData name="City">Westernport</SimpleData>
	</SchemaData></ExtendedData>
      <Point><coordinates>-79.061379039,39.4814901760001</coordinates></Point>
  </Placemark>
  <Placemark>
	<ExtendedData><SchemaData schemaUrl="#SAFE_MunicipalFireStations_MCAC">
		<SimpleData name="OBJECTID">19</SimpleData>
		<SimpleData name="County">Carroll County</SimpleData>
		<SimpleData name="ZIP">21771</SimpleData>
		<SimpleData name="Address">702 N Main St</SimpleData>
		<SimpleData name="StationName">Mount Airy Volunteer Fire Company</SimpleData>
		<SimpleData name="State">MD</SimpleData>
		<SimpleData name="Type">Volunteer</SimpleData>
		<SimpleData name="Phone">301-829-0100</SimpleData>
		<SimpleData name="Fax">301-829-2353</SimpleData>
		<SimpleData name="Email">mavfc@adelphia.net</SimpleData>
		<SimpleData name="Website">www.mavfc.org</SimpleData>
		<SimpleData name="City">Mount Airy</SimpleData>
	</SchemaData></ExtendedData>
      <Point><coordinates>-77.148200963,39.3820231390001</coordinates></Point>
  </Placemark>
  <Placemark>
	<ExtendedData><SchemaData schemaUrl="#SAFE_MunicipalFireStations_MCAC">
		<SimpleData name="OBJECTID">20</SimpleData>
		<SimpleData name="County">Frederick County</SimpleData>
		<SimpleData name="ZIP">21770</SimpleData>
		<SimpleData name="Address">3939 Green Vally Rd</SimpleData>
		<SimpleData name="StationName">New Market/ Green Valley Station</SimpleData>
		<SimpleData name="State">MD</SimpleData>
		<SimpleData name="Type">Volunteer</SimpleData>
		<SimpleData name="Phone"></SimpleData>
		<SimpleData name="Fax"></SimpleData>
		<SimpleData name="Email"></SimpleData>
		<SimpleData name="Website"></SimpleData>
		<SimpleData name="City">Monrovia</SimpleData>
	</SchemaData></ExtendedData>
      <Point><coordinates>-77.267294605,39.3447161330001</coordinates></Point>
  </Placemark>
  <Placemark>
	<ExtendedData><SchemaData schemaUrl="#SAFE_MunicipalFireStations_MCAC">
		<SimpleData name="OBJECTID">21</SimpleData>
		<SimpleData name="County">Frederick County</SimpleData>
		<SimpleData name="ZIP">21701</SimpleData>
		<SimpleData name="Address">6061 Spring Ridge Pkwy</SimpleData>
		<SimpleData name="StationName">Spring Ridge Fire Station</SimpleData>
		<SimpleData name="State">MD</SimpleData>
		<SimpleData name="Type">Career</SimpleData>
		<SimpleData name="Phone"></SimpleData>
		<SimpleData name="Fax"></SimpleData>
		<SimpleData name="Email"></SimpleData>
		<SimpleData name="Website"></SimpleData>
		<SimpleData name="City">Frederick</SimpleData>
	</SchemaData></ExtendedData>
      <Point><coordinates>-77.3484935769999,39.4026451240001</coordinates></Point>
  </Placemark>
  <Placemark>
	<ExtendedData><SchemaData schemaUrl="#SAFE_MunicipalFireStations_MCAC">
		<SimpleData name="OBJECTID">22</SimpleData>
		<SimpleData name="County">Frederick County</SimpleData>
		<SimpleData name="ZIP">21704</SimpleData>
		<SimpleData name="Address">5525 New Design Rd</SimpleData>
		<SimpleData name="StationName">United/ Westview Fire Station</SimpleData>
		<SimpleData name="State">MD</SimpleData>
		<SimpleData name="Type">Career</SimpleData>
		<SimpleData name="Phone"></SimpleData>
		<SimpleData name="Fax"></SimpleData>
		<SimpleData name="Email"></SimpleData>
		<SimpleData name="Website"></SimpleData>
		<SimpleData name="City">Frederick</SimpleData>
	</SchemaData></ExtendedData>
      <Point><coordinates>-77.4208505559999,39.3828891310001</coordinates></Point>
  </Placemark>
  <Placemark>
	<ExtendedData><SchemaData schemaUrl="#SAFE_MunicipalFireStations_MCAC">
		<SimpleData name="OBJECTID">23</SimpleData>
		<SimpleData name="County">Washington County</SimpleData>
		<SimpleData name="ZIP">21779</SimpleData>
		<SimpleData name="Address">3417 Rohrersville Rd</SimpleData>
		<SimpleData name="StationName">Substation 8 - Boonsboro Volunteer Fire Department</SimpleData>
		<SimpleData name="State">MD</SimpleData>
		<SimpleData name="Type">Volunteer</SimpleData>
		<SimpleData name="Phone"></SimpleData>
		<SimpleData name="Fax"></SimpleData>
		<SimpleData name="Email"></SimpleData>
		<SimpleData name="Website"></SimpleData>
		<SimpleData name="City">Rohrersville</SimpleData>
	</SchemaData></ExtendedData>
      <Point><coordinates>-77.660136479,39.4068721350001</coordinates></Point>
  </Placemark>
  <Placemark>
	<ExtendedData><SchemaData schemaUrl="#SAFE_MunicipalFireStations_MCAC">
		<SimpleData name="OBJECTID">24</SimpleData>
		<SimpleData name="County">Washington County</SimpleData>
		<SimpleData name="ZIP">21740</SimpleData>
		<SimpleData name="Address">17556 York Rd</SimpleData>
		<SimpleData name="StationName">Washington Co Rehab Unit 255</SimpleData>
		<SimpleData name="State">MD</SimpleData>
		<SimpleData name="Type">Volunteer</SimpleData>
		<SimpleData name="Phone"></SimpleData>
		<SimpleData name="Fax"></SimpleData>
		<SimpleData name="Email"></SimpleData>
		<SimpleData name="Website"></SimpleData>
		<SimpleData name="City">Hagerstown</SimpleData>
	</SchemaData></ExtendedData>
      <Point><coordinates>-77.758751434,39.6248640960001</coordinates></Point>
  </Placemark>
  <Placemark>
	<ExtendedData><SchemaData schemaUrl="#SAFE_MunicipalFireStations_MCAC">
		<SimpleData name="OBJECTID">25</SimpleData>
		<SimpleData name="County">Washington County</SimpleData>
		<SimpleData name="ZIP">21742</SimpleData>
		<SimpleData name="Address">1501 Pennsylvania Ave</SimpleData>
		<SimpleData name="StationName">Washington County Volunteer Fire &amp; Rescue Association</SimpleData>
		<SimpleData name="State">MD</SimpleData>
		<SimpleData name="Type">Volunteer</SimpleData>
		<SimpleData name="Phone"></SimpleData>
		<SimpleData name="Fax"></SimpleData>
		<SimpleData name="Email"></SimpleData>
		<SimpleData name="Website"></SimpleData>
		<SimpleData name="City">Hagerstown</SimpleData>
	</SchemaData></ExtendedData>
      <Point><coordinates>-77.719089445,39.667083087</coordinates></Point>
  </Placemark>
  <Placemark>
	<ExtendedData><SchemaData schemaUrl="#SAFE_MunicipalFireStations_MCAC">
		<SimpleData name="OBJECTID">26</SimpleData>
		<SimpleData name="County">Montgomery County</SimpleData>
		<SimpleData name="ZIP">20852</SimpleData>
		<SimpleData name="Address">121 Rollins Ave</SimpleData>
		<SimpleData name="StationName">Rockville Vol. Fire Department - Station 23</SimpleData>
		<SimpleData name="State">MD</SimpleData>
		<SimpleData name="Type">Volunteer</SimpleData>
		<SimpleData name="Phone"></SimpleData>
		<SimpleData name="Fax"></SimpleData>
		<SimpleData name="Email"></SimpleData>
		<SimpleData name="Website"></SimpleData>
		<SimpleData name="City">Rockville</SimpleData>
	</SchemaData></ExtendedData>
      <Point><coordinates>-77.122935668,39.058988184</coordinates></Point>
  </Placemark>
  <Placemark>
	<ExtendedData><SchemaData schemaUrl="#SAFE_MunicipalFireStations_MCAC">
		<SimpleData name="OBJECTID">27</SimpleData>
		<SimpleData name="County">Montgomery County</SimpleData>
		<SimpleData name="ZIP">20854</SimpleData>
		<SimpleData name="Address">11430 Falls Rd</SimpleData>
		<SimpleData name="StationName">Rockville Vol. Fire Department - Station 33</SimpleData>
		<SimpleData name="State">MD</SimpleData>
		<SimpleData name="Type">Volunteer</SimpleData>
		<SimpleData name="Phone"></SimpleData>
		<SimpleData name="Fax"></SimpleData>
		<SimpleData name="Email"></SimpleData>
		<SimpleData name="Website"></SimpleData>
		<SimpleData name="City">Potomac</SimpleData>
	</SchemaData></ExtendedData>
      <Point><coordinates>-77.193692648,39.0437921910001</coordinates></Point>
  </Placemark>
  <Placemark>
	<ExtendedData><SchemaData schemaUrl="#SAFE_MunicipalFireStations_MCAC">
		<SimpleData name="OBJECTID">28</SimpleData>
		<SimpleData name="County">Montgomery County</SimpleData>
		<SimpleData name="ZIP">20855</SimpleData>
		<SimpleData name="Address">7272 Muncaster Mill Rd</SimpleData>
		<SimpleData name="StationName">Gaithersburg Vol. Fire Department - Station 28</SimpleData>
		<SimpleData name="State">MD</SimpleData>
		<SimpleData name="Type">Volunteer</SimpleData>
		<SimpleData name="Phone"></SimpleData>
		<SimpleData name="Fax"></SimpleData>
		<SimpleData name="Email"></SimpleData>
		<SimpleData name="Website"></SimpleData>
		<SimpleData name="City">Derwood</SimpleData>
	</SchemaData></ExtendedData>
      <Point><coordinates>-77.1469326559999,39.1479991680001</coordinates></Point>
  </Placemark>
  <Placemark>
	<ExtendedData><SchemaData schemaUrl="#SAFE_MunicipalFireStations_MCAC">
		<SimpleData name="OBJECTID">29</SimpleData>
		<SimpleData name="County">Montgomery County</SimpleData>
		<SimpleData name="ZIP">20817</SimpleData>
		<SimpleData name="Address">6700 Democracy Blvd</SimpleData>
		<SimpleData name="StationName">Bethesda Fire Department - Station 26</SimpleData>
		<SimpleData name="State">MD</SimpleData>
		<SimpleData name="Type">Career</SimpleData>
		<SimpleData name="Phone"></SimpleData>
		<SimpleData name="Fax"></SimpleData>
		<SimpleData name="Email"></SimpleData>
		<SimpleData name="Website"></SimpleData>
		<SimpleData name="City">Bethesda</SimpleData>
	</SchemaData></ExtendedData>
      <Point><coordinates>-77.137642666,39.0210761920001</coordinates></Point>
  </Placemark>
  <Placemark>
	<ExtendedData><SchemaData schemaUrl="#SAFE_MunicipalFireStations_MCAC">
		<SimpleData name="OBJECTID">30</SimpleData>
		<SimpleData name="County">Montgomery County</SimpleData>
		<SimpleData name="ZIP">20906</SimpleData>
		<SimpleData name="Address">14401 Connecticut Ave</SimpleData>
		<SimpleData name="StationName">Kensington Vol. Fire Department - Station 25</SimpleData>
		<SimpleData name="State">MD</SimpleData>
		<SimpleData name="Type">Volunteer</SimpleData>
		<SimpleData name="Phone"></SimpleData>
		<SimpleData name="Fax"></SimpleData>
		<SimpleData name="Email"></SimpleData>
		<SimpleData name="Website"></SimpleData>
		<SimpleData name="City">Layhill</SimpleData>
	</SchemaData></ExtendedData>
      <Point><coordinates>-77.069089683,39.0921781750001</coordinates></Point>
  </Placemark>
  <Placemark>
	<ExtendedData><SchemaData schemaUrl="#SAFE_MunicipalFireStations_MCAC">
		<SimpleData name="OBJECTID">31</SimpleData>
		<SimpleData name="County">Montgomery County</SimpleData>
		<SimpleData name="ZIP">20902</SimpleData>
		<SimpleData name="Address">12251 Georgia Ave</SimpleData>
		<SimpleData name="StationName">Kensington Vol. Fire Department - Station 18</SimpleData>
		<SimpleData name="State">MD</SimpleData>
		<SimpleData name="Type">Volunteer</SimpleData>
		<SimpleData name="Phone"></SimpleData>
		<SimpleData name="Fax"></SimpleData>
		<SimpleData name="Email"></SimpleData>
		<SimpleData name="Website"></SimpleData>
		<SimpleData name="City">Wheaton</SimpleData>
	</SchemaData></ExtendedData>
      <Point><coordinates>-77.0494506909999,39.0578411820001</coordinates></Point>
  </Placemark>
  <Placemark>
	<ExtendedData><SchemaData schemaUrl="#SAFE_MunicipalFireStations_MCAC">
		<SimpleData name="OBJECTID">32</SimpleData>
		<SimpleData name="County">Montgomery County</SimpleData>
		<SimpleData name="ZIP">20853</SimpleData>
		<SimpleData name="Address">12500 Viers Mill Rd</SimpleData>
		<SimpleData name="StationName">Kensington Vol. Fire Department - Station 21</SimpleData>
		<SimpleData name="State">MD</SimpleData>
		<SimpleData name="Type">Volunteer</SimpleData>
		<SimpleData name="Phone"></SimpleData>
		<SimpleData name="Fax"></SimpleData>
		<SimpleData name="Email"></SimpleData>
		<SimpleData name="Website"></SimpleData>
		<SimpleData name="City">Rockville</SimpleData>
	</SchemaData></ExtendedData>
      <Point><coordinates>-77.092616677,39.0613751830001</coordinates></Point>
  </Placemark>
  <Placemark>
	<ExtendedData><SchemaData schemaUrl="#SAFE_MunicipalFireStations_MCAC">
		<SimpleData name="OBJECTID">33</SimpleData>
		<SimpleData name="County">Montgomery County</SimpleData>
		<SimpleData name="ZIP">20814</SimpleData>
		<SimpleData name="Address">9041 Old Georgetown Rd</SimpleData>
		<SimpleData name="StationName">Bethesda Fire Department - Station 20</SimpleData>
		<SimpleData name="State">MD</SimpleData>
		<SimpleData name="Type">Career</SimpleData>
		<SimpleData name="Phone"></SimpleData>
		<SimpleData name="Fax"></SimpleData>
		<SimpleData name="Email"></SimpleData>
		<SimpleData name="Website"></SimpleData>
		<SimpleData name="City">Bethesda</SimpleData>
	</SchemaData></ExtendedData>
      <Point><coordinates>-77.110086676,39.004098195</coordinates></Point>
  </Placemark>
  <Placemark>
	<ExtendedData><SchemaData schemaUrl="#SAFE_MunicipalFireStations_MCAC">
		<SimpleData name="OBJECTID">34</SimpleData>
		<SimpleData name="County">Montgomery County</SimpleData>
		<SimpleData name="ZIP">20878</SimpleData>
		<SimpleData name="Address">12100 Darnestown Rd</SimpleData>
		<SimpleData name="StationName">Rockville Vol. Fire Department - Station 31</SimpleData>
		<SimpleData name="State">MD</SimpleData>
		<SimpleData name="Type">Volunteer</SimpleData>
		<SimpleData name="Phone"></SimpleData>
		<SimpleData name="Fax"></SimpleData>
		<SimpleData name="Email"></SimpleData>
		<SimpleData name="Website"></SimpleData>
		<SimpleData name="City">North Potomac</SimpleData>
	</SchemaData></ExtendedData>
      <Point><coordinates>-77.2505116259999,39.1161241780001</coordinates></Point>
  </Placemark>
  <Placemark>
	<ExtendedData><SchemaData schemaUrl="#SAFE_MunicipalFireStations_MCAC">
		<SimpleData name="OBJECTID">35</SimpleData>
		<SimpleData name="County">Montgomery County</SimpleData>
		<SimpleData name="ZIP">20904</SimpleData>
		<SimpleData name="Address">13216 New Hampshire Ave</SimpleData>
		<SimpleData name="StationName">Hillandale Vol. Fire Department - Station 24</SimpleData>
		<SimpleData name="State">MD</SimpleData>
		<SimpleData name="Type">Volunteer</SimpleData>
		<SimpleData name="Phone"></SimpleData>
		<SimpleData name="Fax"></SimpleData>
		<SimpleData name="Email"></SimpleData>
		<SimpleData name="Website"></SimpleData>
		<SimpleData name="City">Silver Spring</SimpleData>
	</SchemaData></ExtendedData>
      <Point><coordinates>-77.003244705,39.0730091770001</coordinates></Point>
  </Placemark>
  <Placemark>
	<ExtendedData><SchemaData schemaUrl="#SAFE_MunicipalFireStations_MCAC">
		<SimpleData name="OBJECTID">36</SimpleData>
		<SimpleData name="County">Cecil County</SimpleData>
		<SimpleData name="ZIP">21904</SimpleData>
		<SimpleData name="Address">1 Bill Amoss Way</SimpleData>
		<SimpleData name="StationName">Water Witch Fire Co, Woodlawn Station - Sta 72</SimpleData>
		<SimpleData name="State">MD</SimpleData>
		<SimpleData name="Type">Volunteer</SimpleData>
		<SimpleData name="Phone"></SimpleData>
		<SimpleData name="Fax"></SimpleData>
		<SimpleData name="Email"></SimpleData>
		<SimpleData name="Website"></SimpleData>
		<SimpleData name="City">Port Deposit</SimpleData>
	</SchemaData></ExtendedData>
      <Point><coordinates>-76.08005696,39.6300900310001</coordinates></Point>
  </Placemark>
  <Placemark>
	<ExtendedData><SchemaData schemaUrl="#SAFE_MunicipalFireStations_MCAC">
		<SimpleData name="OBJECTID">37</SimpleData>
		<SimpleData name="County">Cecil County</SimpleData>
		<SimpleData name="ZIP">21918</SimpleData>
		<SimpleData name="Address">409 Rock Springs Rd</SimpleData>
		<SimpleData name="StationName">Water Witch Fire Co, Conowingo Station - Sta 73</SimpleData>
		<SimpleData name="State">MD</SimpleData>
		<SimpleData name="Type">Volunteer</SimpleData>
		<SimpleData name="Phone"></SimpleData>
		<SimpleData name="Fax"></SimpleData>
		<SimpleData name="Email"></SimpleData>
		<SimpleData name="Website"></SimpleData>
		<SimpleData name="City">Conowingo</SimpleData>
	</SchemaData></ExtendedData>
      <Point><coordinates>-76.168932927,39.689717022</coordinates></Point>
  </Placemark>
  <Placemark>
	<ExtendedData><SchemaData schemaUrl="#SAFE_MunicipalFireStations_MCAC">
		<SimpleData name="OBJECTID">38</SimpleData>
		<SimpleData name="County">Cecil County</SimpleData>
		<SimpleData name="ZIP">21901</SimpleData>
		<SimpleData name="Address">2993 Turkey Point Rd</SimpleData>
		<SimpleData name="StationName">North East Fire Company</SimpleData>
		<SimpleData name="State">MD</SimpleData>
		<SimpleData name="Type">Volunteer</SimpleData>
		<SimpleData name="Phone"></SimpleData>
		<SimpleData name="Fax"></SimpleData>
		<SimpleData name="Email"></SimpleData>
		<SimpleData name="Website"></SimpleData>
		<SimpleData name="City">North East</SimpleData>
	</SchemaData></ExtendedData>
      <Point><coordinates>-75.954023005,39.518373049</coordinates></Point>
  </Placemark>
  <Placemark>
	<ExtendedData><SchemaData schemaUrl="#SAFE_MunicipalFireStations_MCAC">
		<SimpleData name="OBJECTID">39</SimpleData>
		<SimpleData name="County">Cecil County</SimpleData>
		<SimpleData name="ZIP">21903</SimpleData>
		<SimpleData name="Address">16 Gr Dawson Dr</SimpleData>
		<SimpleData name="StationName">Perryville Volunteer Fire Dept</SimpleData>
		<SimpleData name="State">MD</SimpleData>
		<SimpleData name="Type">Volunteer</SimpleData>
		<SimpleData name="Phone"></SimpleData>
		<SimpleData name="Fax"></SimpleData>
		<SimpleData name="Email"></SimpleData>
		<SimpleData name="Website"></SimpleData>
		<SimpleData name="City">Perryville</SimpleData>
	</SchemaData></ExtendedData>
      <Point><coordinates>-76.0702989649999,39.5897520400001</coordinates></Point>
  </Placemark>
  <Placemark>
	<ExtendedData><SchemaData schemaUrl="#SAFE_MunicipalFireStations_MCAC">
		<SimpleData name="OBJECTID">40</SimpleData>
		<SimpleData name="County">Cecil County</SimpleData>
		<SimpleData name="ZIP">21921</SimpleData>
		<SimpleData name="Address">399 E Pulaski Hwy</SimpleData>
		<SimpleData name="StationName">Singerly Fire Company Station - Sta 3</SimpleData>
		<SimpleData name="State">MD</SimpleData>
		<SimpleData name="Type">Volunteer</SimpleData>
		<SimpleData name="Phone"></SimpleData>
		<SimpleData name="Fax"></SimpleData>
		<SimpleData name="Email"></SimpleData>
		<SimpleData name="Website"></SimpleData>
		<SimpleData name="City">Elkton</SimpleData>
	</SchemaData></ExtendedData>
      <Point><coordinates>-75.8146990449999,39.598420027</coordinates></Point>
  </Placemark>
  <Placemark>
	<ExtendedData><SchemaData schemaUrl="#SAFE_MunicipalFireStations_MCAC">
		<SimpleData name="OBJECTID">41</SimpleData>
		<SimpleData name="County">Cecil County</SimpleData>
		<SimpleData name="ZIP">21921</SimpleData>
		<SimpleData name="Address">3074 Singerly Rd</SimpleData>
		<SimpleData name="StationName">Singerly Fire Company Station 14</SimpleData>
		<SimpleData name="State">MD</SimpleData>
		<SimpleData name="Type">Volunteer</SimpleData>
		<SimpleData name="Phone"></SimpleData>
		<SimpleData name="Fax"></SimpleData>
		<SimpleData name="Email"></SimpleData>
		<SimpleData name="Website"></SimpleData>
		<SimpleData name="City">Elkton</SimpleData>
	</SchemaData></ExtendedData>
      <Point><coordinates>-75.8669050239999,39.6925120120001</coordinates></Point>
  </Placemark>
  <Placemark>
	<ExtendedData><SchemaData schemaUrl="#SAFE_MunicipalFireStations_MCAC">
		<SimpleData name="OBJECTID">42</SimpleData>
		<SimpleData name="County">Harford County</SimpleData>
		<SimpleData name="ZIP">21161</SimpleData>
		<SimpleData name="Address">4352 Norrisville Rd</SimpleData>
		<SimpleData name="StationName">Jarrettsville Volunteer Fire Company - Black Horse Station</SimpleData>
		<SimpleData name="State">MD</SimpleData>
		<SimpleData name="Type">Volunteer</SimpleData>
		<SimpleData name="Phone"></SimpleData>
		<SimpleData name="Fax"></SimpleData>
		<SimpleData name="Email"></SimpleData>
		<SimpleData name="Website"></SimpleData>
		<SimpleData name="City">White Hall</SimpleData>
	</SchemaData></ExtendedData>
      <Point><coordinates>-76.5475038129999,39.6203520500001</coordinates></Point>
  </Placemark>
  <Placemark>
	<ExtendedData><SchemaData schemaUrl="#SAFE_MunicipalFireStations_MCAC">
		<SimpleData name="OBJECTID">43</SimpleData>
		<SimpleData name="County">Harford County</SimpleData>
		<SimpleData name="ZIP">21040</SimpleData>
		<SimpleData name="Address">1601 Hanson Rd</SimpleData>
		<SimpleData name="StationName">Joppa Magnolia Volunteer Fire Company - Fort Hanson Station</SimpleData>
		<SimpleData name="State">MD</SimpleData>
		<SimpleData name="Type">Volunteer</SimpleData>
		<SimpleData name="Phone"></SimpleData>
		<SimpleData name="Fax"></SimpleData>
		<SimpleData name="Email"></SimpleData>
		<SimpleData name="Website"></SimpleData>
		<SimpleData name="City">Edgewood</SimpleData>
	</SchemaData></ExtendedData>
      <Point><coordinates>-76.3158098979999,39.424178081</coordinates></Point>
  </Placemark>
  <Placemark>
	<ExtendedData><SchemaData schemaUrl="#SAFE_MunicipalFireStations_MCAC">
		<SimpleData name="OBJECTID">44</SimpleData>
		<SimpleData name="County">Harford County</SimpleData>
		<SimpleData name="ZIP">21078</SimpleData>
		<SimpleData name="Address">301 Market St</SimpleData>
		<SimpleData name="StationName">Susquehanna Hose Company</SimpleData>
		<SimpleData name="State">MD</SimpleData>
		<SimpleData name="Type">Volunteer</SimpleData>
		<SimpleData name="Phone"></SimpleData>
		<SimpleData name="Fax"></SimpleData>
		<SimpleData name="Email"></SimpleData>
		<SimpleData name="Website"></SimpleData>
		<SimpleData name="City">Havre De Grace</SimpleData>
	</SchemaData></ExtendedData>
      <Point><coordinates>-76.087903055,39.5446544440001</coordinates></Point>
  </Placemark>
  <Placemark>
	<ExtendedData><SchemaData schemaUrl="#SAFE_MunicipalFireStations_MCAC">
		<SimpleData name="OBJECTID">45</SimpleData>
		<SimpleData name="County">Harford County</SimpleData>
		<SimpleData name="ZIP">21085</SimpleData>
		<SimpleData name="Address">505 Trimble Rd</SimpleData>
		<SimpleData name="StationName">Joppa Magnolia Volunteer Fire Company - Hooterville Station</SimpleData>
		<SimpleData name="State">MD</SimpleData>
		<SimpleData name="Type">Volunteer</SimpleData>
		<SimpleData name="Phone"></SimpleData>
		<SimpleData name="Fax"></SimpleData>
		<SimpleData name="Email"></SimpleData>
		<SimpleData name="Website"></SimpleData>
		<SimpleData name="City">Joppa</SimpleData>
	</SchemaData></ExtendedData>
      <Point><coordinates>-76.357931884,39.423456082</coordinates></Point>
  </Placemark>
  <Placemark>
	<ExtendedData><SchemaData schemaUrl="#SAFE_MunicipalFireStations_MCAC">
		<SimpleData name="OBJECTID">46</SimpleData>
		<SimpleData name="County">Anne Arundel County</SimpleData>
		<SimpleData name="ZIP">21090</SimpleData>
		<SimpleData name="Address">309 S Camp Meade Rd</SimpleData>
		<SimpleData name="StationName">Linthicum Fire Co. 32</SimpleData>
		<SimpleData name="State">MD</SimpleData>
		<SimpleData name="Type">Volunteer</SimpleData>
		<SimpleData name="Phone"></SimpleData>
		<SimpleData name="Fax"></SimpleData>
		<SimpleData name="Email"></SimpleData>
		<SimpleData name="Website">http://www.aacounty.org</SimpleData>
		<SimpleData name="City">Linthicum</SimpleData>
	</SchemaData></ExtendedData>
      <Point><coordinates>-76.6499928059999,39.2091621370001</coordinates></Point>
  </Placemark>
  <Placemark>
	<ExtendedData><SchemaData schemaUrl="#SAFE_MunicipalFireStations_MCAC">
		<SimpleData name="OBJECTID">47</SimpleData>
		<SimpleData name="County">Anne Arundel County</SimpleData>
		<SimpleData name="ZIP">21144</SimpleData>
		<SimpleData name="Address">7870 Telegraph Rd</SimpleData>
		<SimpleData name="StationName">Severn Fire Co. 4</SimpleData>
		<SimpleData name="State">MD</SimpleData>
		<SimpleData name="Type">Volunteer</SimpleData>
		<SimpleData name="Phone"></SimpleData>
		<SimpleData name="Fax"></SimpleData>
		<SimpleData name="Email"></SimpleData>
		<SimpleData name="Website">http://www.aacounty.org</SimpleData>
		<SimpleData name="City">Severn</SimpleData>
	</SchemaData></ExtendedData>
      <Point><coordinates>-76.686804799,39.134861153</coordinates></Point>
  </Placemark>
  <Placemark>
	<ExtendedData><SchemaData schemaUrl="#SAFE_MunicipalFireStations_MCAC">
		<SimpleData name="OBJECTID">48</SimpleData>
		<SimpleData name="County">Dorchester County</SimpleData>
		<SimpleData name="ZIP">21176</SimpleData>
		<SimpleData name="Address">101 High St</SimpleData>
		<SimpleData name="StationName">New Windsor Fire Company</SimpleData>
		<SimpleData name="State">MD</SimpleData>
		<SimpleData name="Type">Volunteer</SimpleData>
		<SimpleData name="Phone"></SimpleData>
		<SimpleData name="Fax"></SimpleData>
		<SimpleData name="Email"></SimpleData>
		<SimpleData name="Website"></SimpleData>
		<SimpleData name="City">New Windsor</SimpleData>
	</SchemaData></ExtendedData>
      <Point><coordinates>-76.0731550249999,38.574610244</coordinates></Point>
  </Placemark>
  <Placemark>
	<ExtendedData><SchemaData schemaUrl="#SAFE_MunicipalFireStations_MCAC">
		<SimpleData name="OBJECTID">49</SimpleData>
		<SimpleData name="County">Dorchester County</SimpleData>
		<SimpleData name="ZIP">21634</SimpleData>
		<SimpleData name="Address">2756 Hoopers Island Rd</SimpleData>
		<SimpleData name="StationName">Hoopers Island Volunteer Fire Company</SimpleData>
		<SimpleData name="State">MD</SimpleData>
		<SimpleData name="Type">Volunteer</SimpleData>
		<SimpleData name="Phone"></SimpleData>
		<SimpleData name="Fax"></SimpleData>
		<SimpleData name="Email"></SimpleData>
		<SimpleData name="Website"></SimpleData>
		<SimpleData name="City">Fishing Creek</SimpleData>
	</SchemaData></ExtendedData>
      <Point><coordinates>-76.2315649889999,38.341613298</coordinates></Point>
  </Placemark>
  <Placemark>
	<ExtendedData><SchemaData schemaUrl="#SAFE_MunicipalFireStations_MCAC">
		<SimpleData name="OBJECTID">50</SimpleData>
		<SimpleData name="County">Queen Anne's County</SimpleData>
		<SimpleData name="ZIP">21619</SimpleData>
		<SimpleData name="Address">1610 Main St</SimpleData>
		<SimpleData name="StationName">Kent Island Vol. Fire Dept.</SimpleData>
		<SimpleData name="State">MD</SimpleData>
		<SimpleData name="Type">Volunteer</SimpleData>
		<SimpleData name="Phone"></SimpleData>
		<SimpleData name="Fax"></SimpleData>
		<SimpleData name="Email"></SimpleData>
		<SimpleData name="Website"></SimpleData>
		<SimpleData name="City">Chester</SimpleData>
	</SchemaData></ExtendedData>
      <Point><coordinates>-76.281768175,38.9741457480001</coordinates></Point>
  </Placemark>
  <Placemark>
	<ExtendedData><SchemaData schemaUrl="#SAFE_MunicipalFireStations_MCAC">
		<SimpleData name="OBJECTID">51</SimpleData>
		<SimpleData name="County">Somerset County</SimpleData>
		<SimpleData name="ZIP">21853</SimpleData>
		<SimpleData name="Address">27740 Mt Vernon Rd</SimpleData>
		<SimpleData name="StationName">Mount Vernon Vol. Fire Company</SimpleData>
		<SimpleData name="State">MD</SimpleData>
		<SimpleData name="Type">Volunteer</SimpleData>
		<SimpleData name="Phone"></SimpleData>
		<SimpleData name="Fax"></SimpleData>
		<SimpleData name="Email"></SimpleData>
		<SimpleData name="Website"></SimpleData>
		<SimpleData name="City">Princess Anne</SimpleData>
	</SchemaData></ExtendedData>
      <Point><coordinates>-75.7898815569999,38.246610725</coordinates></Point>
  </Placemark>
  <Placemark>
	<ExtendedData><SchemaData schemaUrl="#SAFE_MunicipalFireStations_MCAC">
		<SimpleData name="OBJECTID">52</SimpleData>
		<SimpleData name="County">Harford County</SimpleData>
		<SimpleData name="ZIP">21001</SimpleData>
		<SimpleData name="Address">21 N Rogers St</SimpleData>
		<SimpleData name="StationName">Aberdeen Fire Department</SimpleData>
		<SimpleData name="State">MD</SimpleData>
		<SimpleData name="Type">Volunteer</SimpleData>
		<SimpleData name="Phone">410-272-2211</SimpleData>
		<SimpleData name="Fax"></SimpleData>
		<SimpleData name="Email"></SimpleData>
		<SimpleData name="Website"></SimpleData>
		<SimpleData name="City">Aberdeen</SimpleData>
	</SchemaData></ExtendedData>
      <Point><coordinates>-76.165379168,39.512043464</coordinates></Point>
  </Placemark>
  <Placemark>
	<ExtendedData><SchemaData schemaUrl="#SAFE_MunicipalFireStations_MCAC">
		<SimpleData name="OBJECTID">53</SimpleData>
		<SimpleData name="County">Harford County</SimpleData>
		<SimpleData name="ZIP">21009</SimpleData>
		<SimpleData name="Address">3306 Abingdon Road</SimpleData>
		<SimpleData name="StationName">Abingdon Volunteer Fire Company - Abingdon Station</SimpleData>
		<SimpleData name="State">MD</SimpleData>
		<SimpleData name="Type">Volunteer</SimpleData>
		<SimpleData name="Phone">410-638-3955</SimpleData>
		<SimpleData name="Fax">410-638-3964</SimpleData>
		<SimpleData name="Email"></SimpleData>
		<SimpleData name="Website"></SimpleData>
		<SimpleData name="City">Abingdon</SimpleData>
	</SchemaData></ExtendedData>
      <Point><coordinates>-76.292657128,39.471183796</coordinates></Point>
  </Placemark>
  <Placemark>
	<ExtendedData><SchemaData schemaUrl="#SAFE_MunicipalFireStations_MCAC">
		<SimpleData name="OBJECTID">54</SimpleData>
		<SimpleData name="County">Garrett County</SimpleData>
		<SimpleData name="ZIP">21520</SimpleData>
		<SimpleData name="Address">109 S South St</SimpleData>
		<SimpleData name="StationName">Accident Volunteer Fire Department</SimpleData>
		<SimpleData name="State">MD</SimpleData>
		<SimpleData name="Type">Volunteer</SimpleData>
		<SimpleData name="Phone">301-746-8800</SimpleData>
		<SimpleData name="Fax"></SimpleData>
		<SimpleData name="Email">AVFD50@Qcol.net</SimpleData>
		<SimpleData name="Website"></SimpleData>
		<SimpleData name="City">Accident</SimpleData>
	</SchemaData></ExtendedData>
      <Point><coordinates>-79.3193933809999,39.627634442</coordinates></Point>
  </Placemark>
  <Placemark>
	<ExtendedData><SchemaData schemaUrl="#SAFE_MunicipalFireStations_MCAC">
		<SimpleData name="OBJECTID">55</SimpleData>
		<SimpleData name="County">Prince George's County</SimpleData>
		<SimpleData name="ZIP">20607</SimpleData>
		<SimpleData name="Address">16111 Livingston Road</SimpleData>
		<SimpleData name="StationName">Accokeek Volunteer Fire Department Sta 24</SimpleData>
		<SimpleData name="State">MD</SimpleData>
		<SimpleData name="Type">Volunteer</SimpleData>
		<SimpleData name="Phone">301-283-2730</SimpleData>
		<SimpleData name="Fax"></SimpleData>
		<SimpleData name="Email"></SimpleData>
		<SimpleData name="Website"></SimpleData>
		<SimpleData name="City">Accokeek</SimpleData>
	</SchemaData></ExtendedData>
      <Point><coordinates>-77.026605091,38.6720390560001</coordinates></Point>
  </Placemark>
  <Placemark>
	<ExtendedData><SchemaData schemaUrl="#SAFE_MunicipalFireStations_MCAC">
		<SimpleData name="OBJECTID">56</SimpleData>
		<SimpleData name="County">Wicomico County</SimpleData>
		<SimpleData name="ZIP">21822</SimpleData>
		<SimpleData name="Address">3676 S Upper Ferry Road</SimpleData>
		<SimpleData name="StationName">Allen Volunteer Fire Company</SimpleData>
		<SimpleData name="State">MD</SimpleData>
		<SimpleData name="Type">Volunteer</SimpleData>
		<SimpleData name="Phone">410-546-3515</SimpleData>
		<SimpleData name="Fax"></SimpleData>
		<SimpleData name="Email"></SimpleData>
		<SimpleData name="Website"></SimpleData>
		<SimpleData name="City">Eden</SimpleData>
	</SchemaData></ExtendedData>
      <Point><coordinates>-75.688475521,38.2949974160001</coordinates></Point>
  </Placemark>
  <Placemark>
	<ExtendedData><SchemaData schemaUrl="#SAFE_MunicipalFireStations_MCAC">
		<SimpleData name="OBJECTID">57</SimpleData>
		<SimpleData name="County">Prince George's County</SimpleData>
		<SimpleData name="ZIP">20744</SimpleData>
		<SimpleData name="Address">8709 Allentown Road</SimpleData>
		<SimpleData name="StationName">Allentown Road Volunteer Fire Department Sta 32</SimpleData>
		<SimpleData name="State">MD</SimpleData>
		<SimpleData name="Type">Volunteer</SimpleData>
		<SimpleData name="Phone"></SimpleData>
		<SimpleData name="Fax"></SimpleData>
		<SimpleData name="Email"></SimpleData>
		<SimpleData name="Website"></SimpleData>
		<SimpleData name="City">Fort Washington</SimpleData>
	</SchemaData></ExtendedData>
      <Point><coordinates>-76.952853987,38.769759697</coordinates></Point>
  </Placemark>
  <Placemark>
	<ExtendedData><SchemaData schemaUrl="#SAFE_MunicipalFireStations_MCAC">
		<SimpleData name="OBJECTID">58</SimpleData>
		<SimpleData name="County">Prince George's County</SimpleData>
		<SimpleData name="ZIP">20744</SimpleData>
		<SimpleData name="Address">10900 Fort Washington Road</SimpleData>
		<SimpleData name="StationName">Allentown Road Volunteer Fire Department Sta 47</SimpleData>
		<SimpleData name="State">MD</SimpleData>
		<SimpleData name="Type">Volunteer</SimpleData>
		<SimpleData name="Phone"></SimpleData>
		<SimpleData name="Fax"></SimpleData>
		<SimpleData name="Email"></SimpleData>
		<SimpleData name="Website"></SimpleData>
		<SimpleData name="City">Fort Washington</SimpleData>
	</SchemaData></ExtendedData>
      <Point><coordinates>-76.994436107,38.742522665</coordinates></Point>
  </Placemark>
  <Placemark>
	<ExtendedData><SchemaData schemaUrl="#SAFE_MunicipalFireStations_MCAC">
		<SimpleData name="OBJECTID">59</SimpleData>
		<SimpleData name="County">Anne Arundel County</SimpleData>
		<SimpleData name="ZIP">21401</SimpleData>
		<SimpleData name="Address">1790 Forest Dr</SimpleData>
		<SimpleData name="StationName">Annapolis Fire Department (Assoc.)</SimpleData>
		<SimpleData name="State">MD</SimpleData>
		<SimpleData name="Type">Career</SimpleData>
		<SimpleData name="Phone"></SimpleData>
		<SimpleData name="Fax"></SimpleData>
		<SimpleData name="Email"></SimpleData>
		<SimpleData name="Website"></SimpleData>
		<SimpleData name="City">Annapolis</SimpleData>
	</SchemaData></ExtendedData>
      <Point><coordinates>-76.522169708,38.9716370090001</coordinates></Point>
  </Placemark>
  <Placemark>
	<ExtendedData><SchemaData schemaUrl="#SAFE_MunicipalFireStations_MCAC">
		<SimpleData name="OBJECTID">60</SimpleData>
		<SimpleData name="County">Washington County</SimpleData>
		<SimpleData name="ZIP">21740</SimpleData>
		<SimpleData name="Address">113 Summit Ave</SimpleData>
		<SimpleData name="StationName">Antietam Fire Company</SimpleData>
		<SimpleData name="State">MD</SimpleData>
		<SimpleData name="Type">Volunteer</SimpleData>
		<SimpleData name="Phone">301-733-3334, 301-733-9385</SimpleData>
		<SimpleData name="Fax"></SimpleData>
		<SimpleData name="Email"></SimpleData>
		<SimpleData name="Website">www.antietamfirecompany.org</SimpleData>
		<SimpleData name="City">Hagerstown</SimpleData>
	</SchemaData></ExtendedData>
      <Point><coordinates>-77.724172186,39.6416339580001</coordinates></Point>
  </Placemark>
  <Placemark>
	<ExtendedData><SchemaData schemaUrl="#SAFE_MunicipalFireStations_MCAC">
		<SimpleData name="OBJECTID">61</SimpleData>
		<SimpleData name="County">Baltimore County</SimpleData>
		<SimpleData name="ZIP">21227</SimpleData>
		<SimpleData name="Address">5200 Southwestern Blvd</SimpleData>
		<SimpleData name="StationName">Arbutus Volunteer Fire Company</SimpleData>
		<SimpleData name="State">MD</SimpleData>
		<SimpleData name="Type">Volunteer</SimpleData>
		<SimpleData name="Phone">410-242-6601</SimpleData>
		<SimpleData name="Fax"></SimpleData>
		<SimpleData name="Email">350@bcvfa.org</SimpleData>
		<SimpleData name="Website"></SimpleData>
		<SimpleData name="City">Arbutus</SimpleData>
	</SchemaData></ExtendedData>
      <Point><coordinates>-76.691897351,39.2504289820001</coordinates></Point>
  </Placemark>
  <Placemark>
	<ExtendedData><SchemaData schemaUrl="#SAFE_MunicipalFireStations_MCAC">
		<SimpleData name="OBJECTID">62</SimpleData>
		<SimpleData name="County">Baltimore County</SimpleData>
		<SimpleData name="ZIP">21155</SimpleData>
		<SimpleData name="Address">5415 Arcadia Ave</SimpleData>
		<SimpleData name="StationName">Arcadia Volunteer Fire Department</SimpleData>
		<SimpleData name="State">MD</SimpleData>
		<SimpleData name="Type">Volunteer</SimpleData>
		<SimpleData name="Phone">410-887-1576</SimpleData>
		<SimpleData name="Fax">410-374-6238</SimpleData>
		<SimpleData name="Email"></SimpleData>
		<SimpleData name="Website"></SimpleData>
		<SimpleData name="City">Upperco</SimpleData>
	</SchemaData></ExtendedData>
      <Point><coordinates>-76.836703913,39.563378099</coordinates></Point>
  </Placemark>
  <Placemark>
	<ExtendedData><SchemaData schemaUrl="#SAFE_MunicipalFireStations_MCAC">
		<SimpleData name="OBJECTID">63</SimpleData>
		<SimpleData name="County">Anne Arundel County</SimpleData>
		<SimpleData name="ZIP">21122</SimpleData>
		<SimpleData name="Address">304 Mountain Road</SimpleData>
		<SimpleData name="StationName">Arminger Volunteer Fire Company</SimpleData>
		<SimpleData name="State">MD</SimpleData>
		<SimpleData name="Type">Volunteer</SimpleData>
		<SimpleData name="Phone"></SimpleData>
		<SimpleData name="Fax"></SimpleData>
		<SimpleData name="Email"></SimpleData>
		<SimpleData name="Website"></SimpleData>
		<SimpleData name="City">Pasadena</SimpleData>
	</SchemaData></ExtendedData>
      <Point><coordinates>-76.562165399,39.1316550930001</coordinates></Point>
  </Placemark>
  <Placemark>
	<ExtendedData><SchemaData schemaUrl="#SAFE_MunicipalFireStations_MCAC">
		<SimpleData name="OBJECTID">64</SimpleData>
		<SimpleData name="County">Anne Arundel County</SimpleData>
		<SimpleData name="ZIP">21012</SimpleData>
		<SimpleData name="Address">1505 Ritchie Hwy</SimpleData>
		<SimpleData name="StationName">Arnold Volunteer Fire Company</SimpleData>
		<SimpleData name="State">MD</SimpleData>
		<SimpleData name="Type">Volunteer</SimpleData>
		<SimpleData name="Phone">410-751-2686</SimpleData>
		<SimpleData name="Fax"></SimpleData>
		<SimpleData name="Email"></SimpleData>
		<SimpleData name="Website"></SimpleData>
		<SimpleData name="City">Arnold</SimpleData>
	</SchemaData></ExtendedData>
      <Point><coordinates>-76.5025945249999,39.0287060380001</coordinates></Point>
  </Placemark>
  <Placemark>
	<ExtendedData><SchemaData schemaUrl="#SAFE_MunicipalFireStations_MCAC">
		<SimpleData name="OBJECTID">65</SimpleData>
		<SimpleData name="County">Anne Arundel County</SimpleData>
		<SimpleData name="ZIP">21054</SimpleData>
		<SimpleData name="Address">2380 Davidsonville Road</SimpleData>
		<SimpleData name="StationName">Arundel Volunteer Fire Department</SimpleData>
		<SimpleData name="State">MD</SimpleData>
		<SimpleData name="Type">Volunteer</SimpleData>
		<SimpleData name="Phone">301-261-0060</SimpleData>
		<SimpleData name="Fax">410-798-2848</SimpleData>
		<SimpleData name="Email">arundelvfd@ccconline.net</SimpleData>
		<SimpleData name="Website">www.arundelfire.com</SimpleData>
		<SimpleData name="City">Gambrills</SimpleData>
	</SchemaData></ExtendedData>
      <Point><coordinates>-76.6700722689999,38.9889070460001</coordinates></Point>
  </Placemark>
  <Placemark>
	<ExtendedData><SchemaData schemaUrl="#SAFE_MunicipalFireStations_MCAC">
		<SimpleData name="OBJECTID">66</SimpleData>
		<SimpleData name="County">Anne Arundel County</SimpleData>
		<SimpleData name="ZIP">20764</SimpleData>
		<SimpleData name="Address">6270 Shady Side Road</SimpleData>
		<SimpleData name="StationName">Avalon Shores Volunteer Fire Department</SimpleData>
		<SimpleData name="State">MD</SimpleData>
		<SimpleData name="Type">Volunteer</SimpleData>
		<SimpleData name="Phone">410-867-3141</SimpleData>
		<SimpleData name="Fax"></SimpleData>
		<SimpleData name="Email"></SimpleData>
		<SimpleData name="Website"></SimpleData>
		<SimpleData name="City">Shady Side</SimpleData>
	</SchemaData></ExtendedData>
      <Point><coordinates>-76.515515126,38.837537825</coordinates></Point>
  </Placemark>
  <Placemark>
	<ExtendedData><SchemaData schemaUrl="#SAFE_MunicipalFireStations_MCAC">
		<SimpleData name="OBJECTID">67</SimpleData>
		<SimpleData name="County">Prince George's County</SimpleData>
		<SimpleData name="ZIP">20613</SimpleData>
		<SimpleData name="Address">16608 Brandywine Road</SimpleData>
		<SimpleData name="StationName">Baden Volunteer Fire Department</SimpleData>
		<SimpleData name="State">MD</SimpleData>
		<SimpleData name="Type">Volunteer</SimpleData>
		<SimpleData name="Phone"></SimpleData>
		<SimpleData name="Fax"></SimpleData>
		<SimpleData name="Email"></SimpleData>
		<SimpleData name="Website"></SimpleData>
		<SimpleData name="City">Brandywine</SimpleData>
	</SchemaData></ExtendedData>
      <Point><coordinates>-76.778376209,38.660996418</coordinates></Point>
  </Placemark>
  <Placemark>
	<ExtendedData><SchemaData schemaUrl="#SAFE_MunicipalFireStations_MCAC">
		<SimpleData name="OBJECTID">68</SimpleData>
		<SimpleData name="County">Allegany County</SimpleData>
		<SimpleData name="ZIP">21502</SimpleData>
		<SimpleData name="Address">15010 Baltimore Pike Ne</SimpleData>
		<SimpleData name="StationName">Baltimore Pike Volunteer Fire Company</SimpleData>
		<SimpleData name="State">MD</SimpleData>
		<SimpleData name="Type">Volunteer</SimpleData>
		<SimpleData name="Phone">301-724-4170</SimpleData>
		<SimpleData name="Fax"></SimpleData>
		<SimpleData name="Email">co4@allconet.org</SimpleData>
		<SimpleData name="Website"></SimpleData>
		<SimpleData name="City">Cumberland</SimpleData>
	</SchemaData></ExtendedData>
      <Point><coordinates>-78.685045378,39.6757908170001</coordinates></Point>
  </Placemark>
  <Placemark>
	<ExtendedData><SchemaData schemaUrl="#SAFE_MunicipalFireStations_MCAC">
		<SimpleData name="OBJECTID">69</SimpleData>
		<SimpleData name="County">Allegany County</SimpleData>
		<SimpleData name="ZIP">21521</SimpleData>
		<SimpleData name="Address">19202 Legislative Rd Sw</SimpleData>
		<SimpleData name="StationName">Barton Hose Co. No. 1</SimpleData>
		<SimpleData name="State">MD</SimpleData>
		<SimpleData name="Type">Volunteer</SimpleData>
		<SimpleData name="Phone">301-463-6163</SimpleData>
		<SimpleData name="Fax"></SimpleData>
		<SimpleData name="Email">col19@allconet.org</SimpleData>
		<SimpleData name="Website">bhc19.com</SimpleData>
		<SimpleData name="City">Barton</SimpleData>
	</SchemaData></ExtendedData>
      <Point><coordinates>-79.0161665209999,39.5300421150001</coordinates></Point>
  </Placemark>
  <Placemark>
	<ExtendedData><SchemaData schemaUrl="#SAFE_MunicipalFireStations_MCAC">
		<SimpleData name="OBJECTID">70</SimpleData>
		<SimpleData name="County">Saint Mary's County</SimpleData>
		<SimpleData name="ZIP">20653</SimpleData>
		<SimpleData name="Address">46900 South Shangri La Dr</SimpleData>
		<SimpleData name="StationName">Bay District Volunteer Fire Department</SimpleData>
		<SimpleData name="State">MD</SimpleData>
		<SimpleData name="Type">Volunteer</SimpleData>
		<SimpleData name="Phone">301-737-0654</SimpleData>
		<SimpleData name="Fax">301-737-0353</SimpleData>
		<SimpleData name="Email">bdvfd@bdvfd.org</SimpleData>
		<SimpleData name="Website">www.bdvfd.org</SimpleData>
		<SimpleData name="City">Lexington Park</SimpleData>
	</SchemaData></ExtendedData>
      <Point><coordinates>-76.4542054629999,38.263044845</coordinates></Point>
  </Placemark>
  <Placemark>
	<ExtendedData><SchemaData schemaUrl="#SAFE_MunicipalFireStations_MCAC">
		<SimpleData name="OBJECTID">71</SimpleData>
		<SimpleData name="County">Allegany County</SimpleData>
		<SimpleData name="ZIP">21502</SimpleData>
		<SimpleData name="Address">13200 Bedford Road Ne</SimpleData>
		<SimpleData name="StationName">Bedford Road Volunteer Fire Department</SimpleData>
		<SimpleData name="State">MD</SimpleData>
		<SimpleData name="Type">Volunteer</SimpleData>
		<SimpleData name="Phone">301-724-3670</SimpleData>
		<SimpleData name="Fax">301-724-1588</SimpleData>
		<SimpleData name="Email">co3@allcomet.org</SimpleData>
		<SimpleData name="Website"></SimpleData>
		<SimpleData name="City">Cumberland</SimpleData>
	</SchemaData></ExtendedData>
      <Point><coordinates>-78.713370614,39.7047120230001</coordinates></Point>
  </Placemark>
  <Placemark>
	<ExtendedData><SchemaData schemaUrl="#SAFE_MunicipalFireStations_MCAC">
		<SimpleData name="OBJECTID">72</SimpleData>
		<SimpleData name="County">Charles County</SimpleData>
		<SimpleData name="ZIP">20611</SimpleData>
		<SimpleData name="Address">9765 Bel Alton Newtown Road</SimpleData>
		<SimpleData name="StationName">Bel Alton Volunteer Fire Department</SimpleData>
		<SimpleData name="State">MD</SimpleData>
		<SimpleData name="Type">Volunteer</SimpleData>
		<SimpleData name="Phone">301-932-0894</SimpleData>
		<SimpleData name="Fax"></SimpleData>
		<SimpleData name="Email"></SimpleData>
		<SimpleData name="Website"></SimpleData>
		<SimpleData name="City">Bel Alton</SimpleData>
	</SchemaData></ExtendedData>
      <Point><coordinates>-76.988397698,38.463011807</coordinates></Point>
  </Placemark>
  <Placemark>
	<ExtendedData><SchemaData schemaUrl="#SAFE_MunicipalFireStations_MCAC">
		<SimpleData name="OBJECTID">73</SimpleData>
		<SimpleData name="County">Prince George's County</SimpleData>
		<SimpleData name="ZIP">20705</SimpleData>
		<SimpleData name="Address">4911 Prince Georges Ave</SimpleData>
		<SimpleData name="StationName">Beltsville Volunteer Fire Department Sta 31</SimpleData>
		<SimpleData name="State">MD</SimpleData>
		<SimpleData name="Type">Volunteer</SimpleData>
		<SimpleData name="Phone">301-937-3160</SimpleData>
		<SimpleData name="Fax">301-937-1859</SimpleData>
		<SimpleData name="Email">bvfd2718@aol.com</SimpleData>
		<SimpleData name="Website"></SimpleData>
		<SimpleData name="City">Beltsville</SimpleData>
	</SchemaData></ExtendedData>
      <Point><coordinates>-76.908943802,39.0386059860001</coordinates></Point>
  </Placemark>
  <Placemark>
	<ExtendedData><SchemaData schemaUrl="#SAFE_MunicipalFireStations_MCAC">
		<SimpleData name="OBJECTID">74</SimpleData>
		<SimpleData name="County">Prince George's County</SimpleData>
		<SimpleData name="ZIP">20705</SimpleData>
		<SimpleData name="Address">3939 Powder Mill Road</SimpleData>
		<SimpleData name="StationName">Beltsville Volunteer Fire Department Sta 41</SimpleData>
		<SimpleData name="State">MD</SimpleData>
		<SimpleData name="Type">Volunteer</SimpleData>
		<SimpleData name="Phone"></SimpleData>
		<SimpleData name="Fax"></SimpleData>
		<SimpleData name="Email"></SimpleData>
		<SimpleData name="Website"></SimpleData>
		<SimpleData name="City">Beltsville</SimpleData>
	</SchemaData></ExtendedData>
      <Point><coordinates>-76.937776533,39.0463081440001</coordinates></Point>
  </Placemark>
  <Placemark>
	<ExtendedData><SchemaData schemaUrl="#SAFE_MunicipalFireStations_MCAC">
		<SimpleData name="OBJECTID">75</SimpleData>
		<SimpleData name="County">Charles County</SimpleData>
		<SimpleData name="ZIP">20612</SimpleData>
		<SimpleData name="Address">18210 Hyatt Ave</SimpleData>
		<SimpleData name="StationName">Benedict Volunteer Fire Department And Rescue Squad</SimpleData>
		<SimpleData name="State">MD</SimpleData>
		<SimpleData name="Type">Volunteer</SimpleData>
		<SimpleData name="Phone">301-274-3890</SimpleData>
		<SimpleData name="Fax"></SimpleData>
		<SimpleData name="Email"></SimpleData>
		<SimpleData name="Website"></SimpleData>
		<SimpleData name="City">Benedict</SimpleData>
	</SchemaData></ExtendedData>
      <Point><coordinates>-76.679028118,38.5123137960001</coordinates></Point>
  </Placemark>
  <Placemark>
	<ExtendedData><SchemaData schemaUrl="#SAFE_MunicipalFireStations_MCAC">
		<SimpleData name="OBJECTID">76</SimpleData>
		<SimpleData name="County">Worcester County</SimpleData>
		<SimpleData name="ZIP">21811</SimpleData>
		<SimpleData name="Address">214 N Main St</SimpleData>
		<SimpleData name="StationName">Berlin Volunteer Fire Department - Station 600</SimpleData>
		<SimpleData name="State">MD</SimpleData>
		<SimpleData name="Type">Volunteer</SimpleData>
		<SimpleData name="Phone">410-641-1977</SimpleData>
		<SimpleData name="Fax"></SimpleData>
		<SimpleData name="Email"></SimpleData>
		<SimpleData name="Website"></SimpleData>
		<SimpleData name="City">Berlin</SimpleData>
	</SchemaData></ExtendedData>
      <Point><coordinates>-75.220815712,38.328520295</coordinates></Point>
  </Placemark>
  <Placemark>
	<ExtendedData><SchemaData schemaUrl="#SAFE_MunicipalFireStations_MCAC">
		<SimpleData name="OBJECTID">77</SimpleData>
		<SimpleData name="County">Prince George's County</SimpleData>
		<SimpleData name="ZIP">20740</SimpleData>
		<SimpleData name="Address">8811 60th Ave</SimpleData>
		<SimpleData name="StationName">Berwyn Heights Volunteer Fire Department Sta 14</SimpleData>
		<SimpleData name="State">MD</SimpleData>
		<SimpleData name="Type">Volunteer</SimpleData>
		<SimpleData name="Phone">301-474-5587</SimpleData>
		<SimpleData name="Fax"></SimpleData>
		<SimpleData name="Email"></SimpleData>
		<SimpleData name="Website"></SimpleData>
		<SimpleData name="City">Berwyn Heights</SimpleData>
	</SchemaData></ExtendedData>
      <Point><coordinates>-76.9113514439999,38.9957124790001</coordinates></Point>
  </Placemark>
  <Placemark>
	<ExtendedData><SchemaData schemaUrl="#SAFE_MunicipalFireStations_MCAC">
		<SimpleData name="OBJECTID">78</SimpleData>
		<SimpleData name="County">Montgomery County</SimpleData>
		<SimpleData name="ZIP">20815</SimpleData>
		<SimpleData name="Address">6600 Wisconsin Ave</SimpleData>
		<SimpleData name="StationName">Bethesda Fire Department</SimpleData>
		<SimpleData name="State">MD</SimpleData>
		<SimpleData name="Type">Volunteer</SimpleData>
		<SimpleData name="Phone">301-652-5602</SimpleData>
		<SimpleData name="Fax"></SimpleData>
		<SimpleData name="Email"></SimpleData>
		<SimpleData name="Website"></SimpleData>
		<SimpleData name="City">Bethesda</SimpleData>
	</SchemaData></ExtendedData>
      <Point><coordinates>-77.090941314,38.976736778</coordinates></Point>
  </Placemark>
  <Placemark>
	<ExtendedData><SchemaData schemaUrl="#SAFE_MunicipalFireStations_MCAC">
		<SimpleData name="OBJECTID">79</SimpleData>
		<SimpleData name="County">Montgomery County</SimpleData>
		<SimpleData name="ZIP">20814</SimpleData>
		<SimpleData name="Address">5020 Battery Ln</SimpleData>
		<SimpleData name="StationName">Bethesda-Chevy Chase Rescue Squad</SimpleData>
		<SimpleData name="State">MD</SimpleData>
		<SimpleData name="Type">Volunteer</SimpleData>
		<SimpleData name="Phone">301-652-0077</SimpleData>
		<SimpleData name="Fax">301-656-6523</SimpleData>
		<SimpleData name="Email">ken.holden@bccrs.org</SimpleData>
		<SimpleData name="Website">www.bccrs.org</SimpleData>
		<SimpleData name="City">Bethesda</SimpleData>
	</SchemaData></ExtendedData>
      <Point><coordinates>-77.1028555679999,38.9905164730001</coordinates></Point>
  </Placemark>
  <Placemark>
	<ExtendedData><SchemaData schemaUrl="#SAFE_MunicipalFireStations_MCAC">
		<SimpleData name="OBJECTID">80</SimpleData>
		<SimpleData name="County">Kent County</SimpleData>
		<SimpleData name="ZIP">21610</SimpleData>
		<SimpleData name="Address">2 Howell Point Road</SimpleData>
		<SimpleData name="StationName">Betterton Volunteer Fire Department</SimpleData>
		<SimpleData name="State">MD</SimpleData>
		<SimpleData name="Type">Volunteer</SimpleData>
		<SimpleData name="Phone">410-348-5678</SimpleData>
		<SimpleData name="Fax"></SimpleData>
		<SimpleData name="Email"></SimpleData>
		<SimpleData name="Website"></SimpleData>
		<SimpleData name="City">Betterton</SimpleData>
	</SchemaData></ExtendedData>
      <Point><coordinates>-76.0630347219999,39.3624420420001</coordinates></Point>
  </Placemark>
  <Placemark>
	<ExtendedData><SchemaData schemaUrl="#SAFE_MunicipalFireStations_MCAC">
		<SimpleData name="OBJECTID">81</SimpleData>
		<SimpleData name="County">Worcester County</SimpleData>
		<SimpleData name="ZIP">21813</SimpleData>
		<SimpleData name="Address">10709 Bishopville Road</SimpleData>
		<SimpleData name="StationName">Bishopville Volunteer Fire Department</SimpleData>
		<SimpleData name="State">MD</SimpleData>
		<SimpleData name="Type">Volunteer</SimpleData>
		<SimpleData name="Phone">410-352-5757</SimpleData>
		<SimpleData name="Fax"></SimpleData>
		<SimpleData name="Email"></SimpleData>
		<SimpleData name="Website"></SimpleData>
		<SimpleData name="City">Bishopville</SimpleData>
	</SchemaData></ExtendedData>
      <Point><coordinates>-75.1933280439999,38.4445074770001</coordinates></Point>
  </Placemark>
  <Placemark>
	<ExtendedData><SchemaData schemaUrl="#SAFE_MunicipalFireStations_MCAC">
		<SimpleData name="OBJECTID">82</SimpleData>
		<SimpleData name="County">Garrett County</SimpleData>
		<SimpleData name="ZIP">21522</SimpleData>
		<SimpleData name="Address">176 Brenneman Road</SimpleData>
		<SimpleData name="StationName">Bittinger Volunteer Fire Department</SimpleData>
		<SimpleData name="State">MD</SimpleData>
		<SimpleData name="Type">Volunteer</SimpleData>
		<SimpleData name="Phone">301-245-4414</SimpleData>
		<SimpleData name="Fax"></SimpleData>
		<SimpleData name="Email"></SimpleData>
		<SimpleData name="Website"></SimpleData>
		<SimpleData name="City">Bittinger</SimpleData>
	</SchemaData></ExtendedData>
      <Point><coordinates>-79.221239864,39.600391576</coordinates></Point>
  </Placemark>
  <Placemark>
	<ExtendedData><SchemaData schemaUrl="#SAFE_MunicipalFireStations_MCAC">
		<SimpleData name="OBJECTID">83</SimpleData>
		<SimpleData name="County">Dorchester County</SimpleData>
		<SimpleData name="ZIP">21613</SimpleData>
		<SimpleData name="Address">2401 Key Wallace Dr</SimpleData>
		<SimpleData name="StationName">Blackwater Nwr Fire Program (Assoc.)</SimpleData>
		<SimpleData name="State">MD</SimpleData>
		<SimpleData name="Type">Career</SimpleData>
		<SimpleData name="Phone"></SimpleData>
		<SimpleData name="Fax"></SimpleData>
		<SimpleData name="Email"></SimpleData>
		<SimpleData name="Website"></SimpleData>
		<SimpleData name="City">Cambridge</SimpleData>
	</SchemaData></ExtendedData>
      <Point><coordinates>-76.095947968,38.448363011</coordinates></Point>
  </Placemark>
  <Placemark>
	<ExtendedData><SchemaData schemaUrl="#SAFE_MunicipalFireStations_MCAC">
		<SimpleData name="OBJECTID">84</SimpleData>
		<SimpleData name="County">Prince George's County</SimpleData>
		<SimpleData name="ZIP">20710</SimpleData>
		<SimpleData name="Address">4213 Edmonston Road</SimpleData>
		<SimpleData name="StationName">Bladensburg Volunteer Fire Department Sta. 9</SimpleData>
		<SimpleData name="State">MD</SimpleData>
		<SimpleData name="Type">Volunteer</SimpleData>
		<SimpleData name="Phone">301-864-4415</SimpleData>
		<SimpleData name="Fax">301-277-9366</SimpleData>
		<SimpleData name="Email"></SimpleData>
		<SimpleData name="Website"></SimpleData>
		<SimpleData name="City">Bladensburg</SimpleData>
	</SchemaData></ExtendedData>
      <Point><coordinates>-76.9332957789999,38.94156379</coordinates></Point>
  </Placemark>
  <Placemark>
	<ExtendedData><SchemaData schemaUrl="#SAFE_MunicipalFireStations_MCAC">
		<SimpleData name="OBJECTID">85</SimpleData>
		<SimpleData name="County">Garrett County</SimpleData>
		<SimpleData name="ZIP">21523</SimpleData>
		<SimpleData name="Address">77 N Branch Ave</SimpleData>
		<SimpleData name="StationName">Bloomington Volunteer Fire Department</SimpleData>
		<SimpleData name="State">MD</SimpleData>
		<SimpleData name="Type">Volunteer</SimpleData>
		<SimpleData name="Phone">301-359-3729</SimpleData>
		<SimpleData name="Fax"></SimpleData>
		<SimpleData name="Email"></SimpleData>
		<SimpleData name="Website"></SimpleData>
		<SimpleData name="City">Bloomington</SimpleData>
	</SchemaData></ExtendedData>
      <Point><coordinates>-79.071719832,39.479031395</coordinates></Point>
  </Placemark>
  <Placemark>
	<ExtendedData><SchemaData schemaUrl="#SAFE_MunicipalFireStations_MCAC">
		<SimpleData name="OBJECTID">86</SimpleData>
		<SimpleData name="County">Washington County</SimpleData>
		<SimpleData name="ZIP">21713</SimpleData>
		<SimpleData name="Address">7619 Old National Pike</SimpleData>
		<SimpleData name="StationName">Boonsboro Ambulance And Rescue Services</SimpleData>
		<SimpleData name="State">MD</SimpleData>
		<SimpleData name="Type">Career and Volunteer</SimpleData>
		<SimpleData name="Phone">301-432-6979</SimpleData>
		<SimpleData name="Fax"></SimpleData>
		<SimpleData name="Email"></SimpleData>
		<SimpleData name="Website"></SimpleData>
		<SimpleData name="City">Boonsboro</SimpleData>
	</SchemaData></ExtendedData>
      <Point><coordinates>-77.66182538,39.5242142600001</coordinates></Point>
  </Placemark>
  <Placemark>
	<ExtendedData><SchemaData schemaUrl="#SAFE_MunicipalFireStations_MCAC">
		<SimpleData name="OBJECTID">87</SimpleData>
		<SimpleData name="County">Baltimore County</SimpleData>
		<SimpleData name="ZIP">21136</SimpleData>
		<SimpleData name="Address">14711 Old Hanover Road</SimpleData>
		<SimpleData name="StationName">Boring Volunteer Fire Company</SimpleData>
		<SimpleData name="State">MD</SimpleData>
		<SimpleData name="Type">Volunteer</SimpleData>
		<SimpleData name="Phone">410-429-5200</SimpleData>
		<SimpleData name="Fax"></SimpleData>
		<SimpleData name="Email">ca0420@bcvco.org</SimpleData>
		<SimpleData name="Website"></SimpleData>
		<SimpleData name="City">Reisterstown</SimpleData>
	</SchemaData></ExtendedData>
      <Point><coordinates>-76.8220366859999,39.530348308</coordinates></Point>
  </Placemark>
  <Placemark>
	<ExtendedData><SchemaData schemaUrl="#SAFE_MunicipalFireStations_MCAC">
		<SimpleData name="OBJECTID">88</SimpleData>
		<SimpleData name="County">Prince George's County</SimpleData>
		<SimpleData name="ZIP">20743</SimpleData>
		<SimpleData name="Address">4101 Alton St</SimpleData>
		<SimpleData name="StationName">Boulevard Heights Volunteer Fire Department Sta 17</SimpleData>
		<SimpleData name="State">MD</SimpleData>
		<SimpleData name="Type">Volunteer</SimpleData>
		<SimpleData name="Phone">301-568-8112</SimpleData>
		<SimpleData name="Fax"></SimpleData>
		<SimpleData name="Email"></SimpleData>
		<SimpleData name="Website"></SimpleData>
		<SimpleData name="City">Boulevard Heights</SimpleData>
	</SchemaData></ExtendedData>
      <Point><coordinates>-76.937107539,38.8677798690001</coordinates></Point>
  </Placemark>
  <Placemark>
	<ExtendedData><SchemaData schemaUrl="#SAFE_MunicipalFireStations_MCAC">
		<SimpleData name="OBJECTID">89</SimpleData>
		<SimpleData name="County">Prince George's County</SimpleData>
		<SimpleData name="ZIP">20715</SimpleData>
		<SimpleData name="Address">3262 Superior Ln</SimpleData>
		<SimpleData name="StationName">Bowie Volunteer Fire Department And Rescue Squad</SimpleData>
		<SimpleData name="State">MD</SimpleData>
		<SimpleData name="Type">Volunteer</SimpleData>
		<SimpleData name="Phone">301-809-0122</SimpleData>
		<SimpleData name="Fax">301-809-0123</SimpleData>
		<SimpleData name="Email">info@bowievfd.org</SimpleData>
		<SimpleData name="Website">bowievfd.org</SimpleData>
		<SimpleData name="City">Bowie</SimpleData>
	</SchemaData></ExtendedData>
      <Point><coordinates>-76.734407298,38.9787148</coordinates></Point>
  </Placemark>
  <Placemark>
	<ExtendedData><SchemaData schemaUrl="#SAFE_MunicipalFireStations_MCAC">
		<SimpleData name="OBJECTID">90</SimpleData>
		<SimpleData name="County">Prince George's County</SimpleData>
		<SimpleData name="ZIP">20715</SimpleData>
		<SimpleData name="Address">15454 Annapolis Road</SimpleData>
		<SimpleData name="StationName">Bowie Volunteer Fire Department Sta 39</SimpleData>
		<SimpleData name="State">MD</SimpleData>
		<SimpleData name="Type">Volunteer</SimpleData>
		<SimpleData name="Phone"></SimpleData>
		<SimpleData name="Fax"></SimpleData>
		<SimpleData name="Email"></SimpleData>
		<SimpleData name="Website"></SimpleData>
		<SimpleData name="City">Bowie</SimpleData>
	</SchemaData></ExtendedData>
      <Point><coordinates>-76.736124489,38.979617251</coordinates></Point>
  </Placemark>
  <Placemark>
	<ExtendedData><SchemaData schemaUrl="#SAFE_MunicipalFireStations_MCAC">
		<SimpleData name="OBJECTID">91</SimpleData>
		<SimpleData name="County">Prince George's County</SimpleData>
		<SimpleData name="ZIP">20716</SimpleData>
		<SimpleData name="Address">16408 Pointer Ridge Dr</SimpleData>
		<SimpleData name="StationName">Bowie Volunteer Fire Department Sta 43</SimpleData>
		<SimpleData name="State">MD</SimpleData>
		<SimpleData name="Type">Volunteer</SimpleData>
		<SimpleData name="Phone"></SimpleData>
		<SimpleData name="Fax"></SimpleData>
		<SimpleData name="Email"></SimpleData>
		<SimpleData name="Website"></SimpleData>
		<SimpleData name="City">Bowie</SimpleData>
	</SchemaData></ExtendedData>
      <Point><coordinates>-76.7202784569999,38.9098701200001</coordinates></Point>
  </Placemark>
  <Placemark>
	<ExtendedData><SchemaData schemaUrl="#SAFE_MunicipalFireStations_MCAC">
		<SimpleData name="OBJECTID">92</SimpleData>
		<SimpleData name="County">Allegany County</SimpleData>
		<SimpleData name="ZIP">21502</SimpleData>
		<SimpleData name="Address">12420 Mcmullen Hwy Sw</SimpleData>
		<SimpleData name="StationName">Bowling Green Volunteer Fire Department</SimpleData>
		<SimpleData name="State">MD</SimpleData>
		<SimpleData name="Type">Volunteer</SimpleData>
		<SimpleData name="Phone">301-729-1522</SimpleData>
		<SimpleData name="Fax"></SimpleData>
		<SimpleData name="Email">bowlinggreen@hereintown.net</SimpleData>
		<SimpleData name="Website">bowling-green-vfd.org</SimpleData>
		<SimpleData name="City">Cumberland</SimpleData>
	</SchemaData></ExtendedData>
      <Point><coordinates>-78.8054605039999,39.624968428</coordinates></Point>
  </Placemark>
  <Placemark>
	<ExtendedData><SchemaData schemaUrl="#SAFE_MunicipalFireStations_MCAC">
		<SimpleData name="OBJECTID">93</SimpleData>
		<SimpleData name="County">Allegany County</SimpleData>
		<SimpleData name="ZIP">21502</SimpleData>
		<SimpleData name="Address">11710 Boardwalk Ave Ne</SimpleData>
		<SimpleData name="StationName">Bowman's Addition Volunteer Fire Department</SimpleData>
		<SimpleData name="State">MD</SimpleData>
		<SimpleData name="Type">Volunteer</SimpleData>
		<SimpleData name="Phone">301-759-3272</SimpleData>
		<SimpleData name="Fax"></SimpleData>
		<SimpleData name="Email"></SimpleData>
		<SimpleData name="Website"></SimpleData>
		<SimpleData name="City">Cumberland</SimpleData>
	</SchemaData></ExtendedData>
      <Point><coordinates>-78.746272001,39.6903670450001</coordinates></Point>
  </Placemark>
  <Placemark>
	<ExtendedData><SchemaData schemaUrl="#SAFE_MunicipalFireStations_MCAC">
		<SimpleData name="OBJECTID">94</SimpleData>
		<SimpleData name="County">Frederick County</SimpleData>
		<SimpleData name="ZIP">21703</SimpleData>
		<SimpleData name="Address">6715 Jefferson Blvd</SimpleData>
		<SimpleData name="StationName">Braddock Heights Volunteer Fire Company</SimpleData>
		<SimpleData name="State">MD</SimpleData>
		<SimpleData name="Type">Volunteer</SimpleData>
		<SimpleData name="Phone">301-371-6820</SimpleData>
		<SimpleData name="Fax"></SimpleData>
		<SimpleData name="Email"></SimpleData>
		<SimpleData name="Website"></SimpleData>
		<SimpleData name="City">Frederick</SimpleData>
	</SchemaData></ExtendedData>
      <Point><coordinates>-77.504941451,39.417992977</coordinates></Point>
  </Placemark>
  <Placemark>
	<ExtendedData><SchemaData schemaUrl="#SAFE_MunicipalFireStations_MCAC">
		<SimpleData name="OBJECTID">95</SimpleData>
		<SimpleData name="County">Prince George's County</SimpleData>
		<SimpleData name="ZIP">20740</SimpleData>
		<SimpleData name="Address">4905 Branchville Road</SimpleData>
		<SimpleData name="StationName">Branchville Volunteer Fire Company Station 11</SimpleData>
		<SimpleData name="State">MD</SimpleData>
		<SimpleData name="Type">Volunteer</SimpleData>
		<SimpleData name="Phone">301-883-7711</SimpleData>
		<SimpleData name="Fax"></SimpleData>
		<SimpleData name="Email"></SimpleData>
		<SimpleData name="Website"></SimpleData>
		<SimpleData name="City">College Park</SimpleData>
	</SchemaData></ExtendedData>
      <Point><coordinates>-76.9264696,38.998949919</coordinates></Point>
  </Placemark>
  <Placemark>
	<ExtendedData><SchemaData schemaUrl="#SAFE_MunicipalFireStations_MCAC">
		<SimpleData name="OBJECTID">96</SimpleData>
		<SimpleData name="County">Prince George's County</SimpleData>
		<SimpleData name="ZIP">20613</SimpleData>
		<SimpleData name="Address">14201 Brandywine Road</SimpleData>
		<SimpleData name="StationName">Brandywine Volunteer Fire Department</SimpleData>
		<SimpleData name="State">MD</SimpleData>
		<SimpleData name="Type">Volunteer</SimpleData>
		<SimpleData name="Phone">301-372-8507</SimpleData>
		<SimpleData name="Fax"></SimpleData>
		<SimpleData name="Email"></SimpleData>
		<SimpleData name="Website"></SimpleData>
		<SimpleData name="City">Brandywine</SimpleData>
	</SchemaData></ExtendedData>
      <Point><coordinates>-76.842291083,38.696520799</coordinates></Point>
  </Placemark>
  <Placemark>
	<ExtendedData><SchemaData schemaUrl="#SAFE_MunicipalFireStations_MCAC">
		<SimpleData name="OBJECTID">97</SimpleData>
		<SimpleData name="County">Prince George's County</SimpleData>
		<SimpleData name="ZIP">20722</SimpleData>
		<SimpleData name="Address">3712 Utah Ave</SimpleData>
		<SimpleData name="StationName">Brentwood Volunteer Fire Department</SimpleData>
		<SimpleData name="State">MD</SimpleData>
		<SimpleData name="Type">Volunteer</SimpleData>
		<SimpleData name="Phone">301-927-0615</SimpleData>
		<SimpleData name="Fax"></SimpleData>
		<SimpleData name="Email"></SimpleData>
		<SimpleData name="Website">www.brentwood4.com</SimpleData>
		<SimpleData name="City">Brentwood</SimpleData>
	</SchemaData></ExtendedData>
      <Point><coordinates>-76.956852544,38.943049838</coordinates></Point>
  </Placemark>
  <Placemark>
	<ExtendedData><SchemaData schemaUrl="#SAFE_MunicipalFireStations_MCAC">
		<SimpleData name="OBJECTID">98</SimpleData>
		<SimpleData name="County">Anne Arundel County</SimpleData>
		<SimpleData name="ZIP">21225</SimpleData>
		<SimpleData name="Address">5100 Ritchie Hwy</SimpleData>
		<SimpleData name="StationName">Brooklyn Volunteer Fire Company</SimpleData>
		<SimpleData name="State">MD</SimpleData>
		<SimpleData name="Type">Volunteer</SimpleData>
		<SimpleData name="Phone">410-789-0242</SimpleData>
		<SimpleData name="Fax"></SimpleData>
		<SimpleData name="Email">Cdoegen@msn.com</SimpleData>
		<SimpleData name="Website"></SimpleData>
		<SimpleData name="City">Baltimore</SimpleData>
	</SchemaData></ExtendedData>
      <Point><coordinates>-76.614013789,39.2238192020001</coordinates></Point>
  </Placemark>
  <Placemark>
	<ExtendedData><SchemaData schemaUrl="#SAFE_MunicipalFireStations_MCAC">
		<SimpleData name="OBJECTID">99</SimpleData>
		<SimpleData name="County">Frederick County</SimpleData>
		<SimpleData name="ZIP">21716</SimpleData>
		<SimpleData name="Address">1500 Volunteer Dr</SimpleData>
		<SimpleData name="StationName">Brunswick Volunteer Fire Company</SimpleData>
		<SimpleData name="State">MD</SimpleData>
		<SimpleData name="Type">Volunteer</SimpleData>
		<SimpleData name="Phone">301-834-7296</SimpleData>
		<SimpleData name="Fax"></SimpleData>
		<SimpleData name="Email"></SimpleData>
		<SimpleData name="Website"></SimpleData>
		<SimpleData name="City">Brunswick</SimpleData>
	</SchemaData></ExtendedData>
      <Point><coordinates>-77.633697416,39.331697397</coordinates></Point>
  </Placemark>
  <Placemark>
	<ExtendedData><SchemaData schemaUrl="#SAFE_MunicipalFireStations_MCAC">
		<SimpleData name="OBJECTID">100</SimpleData>
		<SimpleData name="County">Charles County</SimpleData>
		<SimpleData name="ZIP">20616</SimpleData>
		<SimpleData name="Address">3099 Livingston Road</SimpleData>
		<SimpleData name="StationName">Bryans Road Volunteer Fire Depatment And Rescue Squad</SimpleData>
		<SimpleData name="State">MD</SimpleData>
		<SimpleData name="Type">Volunteer</SimpleData>
		<SimpleData name="Phone">301-283-0239</SimpleData>
		<SimpleData name="Fax"></SimpleData>
		<SimpleData name="Email"></SimpleData>
		<SimpleData name="Website"></SimpleData>
		<SimpleData name="City">Bryans Road</SimpleData>
	</SchemaData></ExtendedData>
      <Point><coordinates>-77.0740065639999,38.6245798090001</coordinates></Point>
  </Placemark>
  <Placemark>
	<ExtendedData><SchemaData schemaUrl="#SAFE_MunicipalFireStations_MCAC">
		<SimpleData name="OBJECTID">101</SimpleData>
		<SimpleData name="County">Prince George's County</SimpleData>
		<SimpleData name="ZIP">20712</SimpleData>
		<SimpleData name="Address">3716 Rhode Island Ave</SimpleData>
		<SimpleData name="StationName">Bunker Hill Volunteer Fire Department</SimpleData>
		<SimpleData name="State">MD</SimpleData>
		<SimpleData name="Type">Volunteer</SimpleData>
		<SimpleData name="Phone">301-985-5405</SimpleData>
		<SimpleData name="Fax">301-985-5411</SimpleData>
		<SimpleData name="Email">bunkerhillvfrc@bhvfrc.com</SimpleData>
		<SimpleData name="Website">www.bhvfrc.com</SimpleData>
		<SimpleData name="City">Mount Rainier</SimpleData>
	</SchemaData></ExtendedData>
      <Point><coordinates>-76.9571012169999,38.9387855860001</coordinates></Point>
  </Placemark>
  <Placemark>
	<ExtendedData><SchemaData schemaUrl="#SAFE_MunicipalFireStations_MCAC">
		<SimpleData name="OBJECTID">102</SimpleData>
		<SimpleData name="County">Montgomery County</SimpleData>
		<SimpleData name="ZIP">20904</SimpleData>
		<SimpleData name="Address">13900 Old Columbia Pik</SimpleData>
		<SimpleData name="StationName">Burtonsville Volunteer Fire Department - Station 15</SimpleData>
		<SimpleData name="State">MD</SimpleData>
		<SimpleData name="Type">Volunteer</SimpleData>
		<SimpleData name="Phone">301-384-8058</SimpleData>
		<SimpleData name="Fax">301-879-1487</SimpleData>
		<SimpleData name="Email">bvfd@wans.net</SimpleData>
		<SimpleData name="Website">burtonsvillevfd.com</SimpleData>
		<SimpleData name="City">Silver Spring</SimpleData>
	</SchemaData></ExtendedData>
      <Point><coordinates>-76.9510988869999,39.0844083810001</coordinates></Point>
  </Placemark>
  <Placemark>
	<ExtendedData><SchemaData schemaUrl="#SAFE_MunicipalFireStations_MCAC">
		<SimpleData name="OBJECTID">103</SimpleData>
		<SimpleData name="County">Baltimore County</SimpleData>
		<SimpleData name="ZIP">21136</SimpleData>
		<SimpleData name="Address">15005 Falls Rd</SimpleData>
		<SimpleData name="StationName">Butler Volunteer Fire Company</SimpleData>
		<SimpleData name="State">MD</SimpleData>
		<SimpleData name="Type">Volunteer</SimpleData>
		<SimpleData name="Phone">410-887-7913</SimpleData>
		<SimpleData name="Fax">410-771-4103</SimpleData>
		<SimpleData name="Email">cao490@bcvfd.org</SimpleData>
		<SimpleData name="Website">butlervfd.com</SimpleData>
		<SimpleData name="City">Sparks Glencoe</SimpleData>
	</SchemaData></ExtendedData>
      <Point><coordinates>-76.728046677,39.535616245</coordinates></Point>
  </Placemark>
  <Placemark>
	<ExtendedData><SchemaData schemaUrl="#SAFE_MunicipalFireStations_MCAC">
		<SimpleData name="OBJECTID">104</SimpleData>
		<SimpleData name="County">Montgomery County</SimpleData>
		<SimpleData name="ZIP">20817</SimpleData>
		<SimpleData name="Address">8001 River Road</SimpleData>
		<SimpleData name="StationName">Cabin John Park Volunteer Fire Department - Station 10</SimpleData>
		<SimpleData name="State">MD</SimpleData>
		<SimpleData name="Type">Volunteer</SimpleData>
		<SimpleData name="Phone">301-365-2255</SimpleData>
		<SimpleData name="Fax">301-365-2563</SimpleData>
		<SimpleData name="Email">firefighter@cjpvfd.org</SimpleData>
		<SimpleData name="Website">cjpvfd.org</SimpleData>
		<SimpleData name="City">Bethesda</SimpleData>
	</SchemaData></ExtendedData>
      <Point><coordinates>-77.163864076,38.994932781</coordinates></Point>
  </Placemark>
  <Placemark>
	<ExtendedData><SchemaData schemaUrl="#SAFE_MunicipalFireStations_MCAC">
		<SimpleData name="OBJECTID">105</SimpleData>
		<SimpleData name="County">Montgomery County</SimpleData>
		<SimpleData name="ZIP">20854</SimpleData>
		<SimpleData name="Address">9404 Falls Road</SimpleData>
		<SimpleData name="StationName">Cabin John Park Volunteer Fire Department - Station 30</SimpleData>
		<SimpleData name="State">MD</SimpleData>
		<SimpleData name="Type">Volunteer</SimpleData>
		<SimpleData name="Phone"></SimpleData>
		<SimpleData name="Fax"></SimpleData>
		<SimpleData name="Email"></SimpleData>
		<SimpleData name="Website"></SimpleData>
		<SimpleData name="City">Potomac</SimpleData>
	</SchemaData></ExtendedData>
      <Point><coordinates>-77.220263329,39.010172201</coordinates></Point>
  </Placemark>
  <Placemark>
	<ExtendedData><SchemaData schemaUrl="#SAFE_MunicipalFireStations_MCAC">
		<SimpleData name="OBJECTID">106</SimpleData>
		<SimpleData name="County">Calvert County</SimpleData>
		<SimpleData name="ZIP">20678</SimpleData>
		<SimpleData name="Address">30 Industry Ln</SimpleData>
		<SimpleData name="StationName">Calvert Advanced Life Support</SimpleData>
		<SimpleData name="State">MD</SimpleData>
		<SimpleData name="Type">Volunteer</SimpleData>
		<SimpleData name="Phone">410-535-0411</SimpleData>
		<SimpleData name="Fax">410-535-0499</SimpleData>
		<SimpleData name="Email">medicunit@yahoo.com</SimpleData>
		<SimpleData name="Website"></SimpleData>
		<SimpleData name="City">Prince Frederick</SimpleData>
	</SchemaData></ExtendedData>
      <Point><coordinates>-76.57236904,38.5194047350001</coordinates></Point>
  </Placemark>
  <Placemark>
	<ExtendedData><SchemaData schemaUrl="#SAFE_MunicipalFireStations_MCAC">
		<SimpleData name="OBJECTID">107</SimpleData>
		<SimpleData name="County">Anne Arundel County</SimpleData>
		<SimpleData name="ZIP">21401</SimpleData>
		<SimpleData name="Address">1411 Cape Saint Claire Road</SimpleData>
		<SimpleData name="StationName">Cape St. Claire Volunteer Fire Company</SimpleData>
		<SimpleData name="State">MD</SimpleData>
		<SimpleData name="Type">Volunteer</SimpleData>
		<SimpleData name="Phone">410-757-3434</SimpleData>
		<SimpleData name="Fax">410-349-0959</SimpleData>
		<SimpleData name="Email">webmaster@cscvfc.org</SimpleData>
		<SimpleData name="Website">cscvfc.org</SimpleData>
		<SimpleData name="City">Annapolis</SimpleData>
	</SchemaData></ExtendedData>
      <Point><coordinates>-76.439725466,39.0350293440001</coordinates></Point>
  </Placemark>
  <Placemark>
	<ExtendedData><SchemaData schemaUrl="#SAFE_MunicipalFireStations_MCAC">
		<SimpleData name="OBJECTID">108</SimpleData>
		<SimpleData name="County">Prince George's County</SimpleData>
		<SimpleData name="ZIP">20743</SimpleData>
		<SimpleData name="Address">6061 Central Ave</SimpleData>
		<SimpleData name="StationName">Capitol Heights Volunteer Fire Department, Sta. 5</SimpleData>
		<SimpleData name="State">MD</SimpleData>
		<SimpleData name="Type">Volunteer</SimpleData>
		<SimpleData name="Phone">301-336-2111</SimpleData>
		<SimpleData name="Fax"></SimpleData>
		<SimpleData name="Email"></SimpleData>
		<SimpleData name="Website"></SimpleData>
		<SimpleData name="City">Capitol Heights</SimpleData>
	</SchemaData></ExtendedData>
      <Point><coordinates>-76.912149777,38.8847265370001</coordinates></Point>
  </Placemark>
  <Placemark>
	<ExtendedData><SchemaData schemaUrl="#SAFE_MunicipalFireStations_MCAC">
		<SimpleData name="OBJECTID">109</SimpleData>
		<SimpleData name="County">Frederick County</SimpleData>
		<SimpleData name="ZIP">21710</SimpleData>
		<SimpleData name="Address">2795 Adams St</SimpleData>
		<SimpleData name="StationName">Carroll Manor Fire Company</SimpleData>
		<SimpleData name="State">MD</SimpleData>
		<SimpleData name="Type">Career and Volunteer</SimpleData>
		<SimpleData name="Phone">301-874-5111</SimpleData>
		<SimpleData name="Fax"></SimpleData>
		<SimpleData name="Email"></SimpleData>
		<SimpleData name="Website"></SimpleData>
		<SimpleData name="City">Adamstown</SimpleData>
	</SchemaData></ExtendedData>
      <Point><coordinates>-77.4740210209999,39.309023805</coordinates></Point>
  </Placemark>
  <Placemark>
	<ExtendedData><SchemaData schemaUrl="#SAFE_MunicipalFireStations_MCAC">
		<SimpleData name="OBJECTID">110</SimpleData>
		<SimpleData name="County">Cecil County</SimpleData>
		<SimpleData name="ZIP">21913</SimpleData>
		<SimpleData name="Address">110 E Main St</SimpleData>
		<SimpleData name="StationName">Cecilton Volunteer Fire Company</SimpleData>
		<SimpleData name="State">MD</SimpleData>
		<SimpleData name="Type">Volunteer</SimpleData>
		<SimpleData name="Phone">410-275-8686</SimpleData>
		<SimpleData name="Fax"></SimpleData>
		<SimpleData name="Email"></SimpleData>
		<SimpleData name="Website"></SimpleData>
		<SimpleData name="City">Cecilton</SimpleData>
	</SchemaData></ExtendedData>
      <Point><coordinates>-75.867227137,39.4039448770001</coordinates></Point>
  </Placemark>
  <Placemark>
	<ExtendedData><SchemaData schemaUrl="#SAFE_MunicipalFireStations_MCAC">
		<SimpleData name="OBJECTID">111</SimpleData>
		<SimpleData name="County">Prince George's County</SimpleData>
		<SimpleData name="ZIP">20743</SimpleData>
		<SimpleData name="Address">5544 Sheriff Road</SimpleData>
		<SimpleData name="StationName">Chapel Oaks Volunteer Fire Department</SimpleData>
		<SimpleData name="State">MD</SimpleData>
		<SimpleData name="Type">Volunteer</SimpleData>
		<SimpleData name="Phone">301-925-4438</SimpleData>
		<SimpleData name="Fax">301-925-4950</SimpleData>
		<SimpleData name="Email">volchief38</SimpleData>
		<SimpleData name="Website">chapeloaksfire.com</SimpleData>
		<SimpleData name="City">Capitol Heights</SimpleData>
	</SchemaData></ExtendedData>
      <Point><coordinates>-76.911026302,38.9062167380001</coordinates></Point>
  </Placemark>
  <Placemark>
	<ExtendedData><SchemaData schemaUrl="#SAFE_MunicipalFireStations_MCAC">
		<SimpleData name="OBJECTID">112</SimpleData>
		<SimpleData name="County">Cecil County</SimpleData>
		<SimpleData name="ZIP">21914</SimpleData>
		<SimpleData name="Address">307 Market St</SimpleData>
		<SimpleData name="StationName">Charlestown Volunteer Fire Company</SimpleData>
		<SimpleData name="State">MD</SimpleData>
		<SimpleData name="Type">Volunteer</SimpleData>
		<SimpleData name="Phone">410-287-6451</SimpleData>
		<SimpleData name="Fax">410-287-2843</SimpleData>
		<SimpleData name="Email">cfc5@iximd.com</SimpleData>
		<SimpleData name="Website"></SimpleData>
		<SimpleData name="City">Charlestown</SimpleData>
	</SchemaData></ExtendedData>
      <Point><coordinates>-75.97680859,39.5733333110001</coordinates></Point>
  </Placemark>
  <Placemark>
	<ExtendedData><SchemaData schemaUrl="#SAFE_MunicipalFireStations_MCAC">
		<SimpleData name="OBJECTID">113</SimpleData>
		<SimpleData name="County">Kent County</SimpleData>
		<SimpleData name="ZIP">21620</SimpleData>
		<SimpleData name="Address">211 Maple Ave</SimpleData>
		<SimpleData name="StationName">Chestertown Volunteer Fire Company</SimpleData>
		<SimpleData name="State">MD</SimpleData>
		<SimpleData name="Type">Volunteer</SimpleData>
		<SimpleData name="Phone">410-778-3434</SimpleData>
		<SimpleData name="Fax"></SimpleData>
		<SimpleData name="Email"></SimpleData>
		<SimpleData name="Website"></SimpleData>
		<SimpleData name="City">Chestertown</SimpleData>
	</SchemaData></ExtendedData>
      <Point><coordinates>-76.0641546429999,39.2105846760001</coordinates></Point>
  </Placemark>
  <Placemark>
	<ExtendedData><SchemaData schemaUrl="#SAFE_MunicipalFireStations_MCAC">
		<SimpleData name="OBJECTID">114</SimpleData>
		<SimpleData name="County">Baltimore County</SimpleData>
		<SimpleData name="ZIP">21117</SimpleData>
		<SimpleData name="Address">12020 Greenspring Ave</SimpleData>
		<SimpleData name="StationName">Chestnut Ridge Volunteer Fire Co. Station 50</SimpleData>
		<SimpleData name="State">MD</SimpleData>
		<SimpleData name="Type">Volunteer</SimpleData>
		<SimpleData name="Phone">410-262-9734</SimpleData>
		<SimpleData name="Fax">410-252-6111</SimpleData>
		<SimpleData name="Email">crvfc@home.com</SimpleData>
		<SimpleData name="Website">crvfc.com</SimpleData>
		<SimpleData name="City">Owings Mills</SimpleData>
	</SchemaData></ExtendedData>
      <Point><coordinates>-76.727315394,39.4541625140001</coordinates></Point>
  </Placemark>
  <Placemark>
	<ExtendedData><SchemaData schemaUrl="#SAFE_MunicipalFireStations_MCAC">
		<SimpleData name="OBJECTID">115</SimpleData>
		<SimpleData name="County">Montgomery County</SimpleData>
		<SimpleData name="ZIP">20815</SimpleData>
		<SimpleData name="Address">8001 Connecticut Ave</SimpleData>
		<SimpleData name="StationName">Chevy Chase Fire Department - Station 7</SimpleData>
		<SimpleData name="State">MD</SimpleData>
		<SimpleData name="Type">Volunteer</SimpleData>
		<SimpleData name="Phone">301-652-0707</SimpleData>
		<SimpleData name="Fax"></SimpleData>
		<SimpleData name="Email"></SimpleData>
		<SimpleData name="Website"></SimpleData>
		<SimpleData name="City">Chevy Chase</SimpleData>
	</SchemaData></ExtendedData>
      <Point><coordinates>-77.076636223,38.9906979850001</coordinates></Point>
  </Placemark>
  <Placemark>
	<ExtendedData><SchemaData schemaUrl="#SAFE_MunicipalFireStations_MCAC">
		<SimpleData name="OBJECTID">116</SimpleData>
		<SimpleData name="County">Prince George's County</SimpleData>
		<SimpleData name="ZIP">20783</SimpleData>
		<SimpleData name="Address">6330 Riggs Road</SimpleData>
		<SimpleData name="StationName">Chillum Fire Station Station 44</SimpleData>
		<SimpleData name="State">MD</SimpleData>
		<SimpleData name="Type">Volunteer</SimpleData>
		<SimpleData name="Phone"></SimpleData>
		<SimpleData name="Fax"></SimpleData>
		<SimpleData name="Email"></SimpleData>
		<SimpleData name="Website"></SimpleData>
		<SimpleData name="City">Chillum</SimpleData>
	</SchemaData></ExtendedData>
      <Point><coordinates>-76.987183908,38.967764888</coordinates></Point>
  </Placemark>
  <Placemark>
	<ExtendedData><SchemaData schemaUrl="#SAFE_MunicipalFireStations_MCAC">
		<SimpleData name="OBJECTID">117</SimpleData>
		<SimpleData name="County">Prince George's County</SimpleData>
		<SimpleData name="ZIP">20783</SimpleData>
		<SimpleData name="Address">7833 Riggs Road</SimpleData>
		<SimpleData name="StationName">Chillum-Adelphi Volunteer Fire Department</SimpleData>
		<SimpleData name="State">MD</SimpleData>
		<SimpleData name="Type">Volunteer</SimpleData>
		<SimpleData name="Phone">301-434-3435</SimpleData>
		<SimpleData name="Fax"></SimpleData>
		<SimpleData name="Email"></SimpleData>
		<SimpleData name="Website"></SimpleData>
		<SimpleData name="City">Hyattsville</SimpleData>
	</SchemaData></ExtendedData>
      <Point><coordinates>-76.977588672,38.9848605440001</coordinates></Point>
  </Placemark>
  <Placemark>
	<ExtendedData><SchemaData schemaUrl="#SAFE_MunicipalFireStations_MCAC">
		<SimpleData name="OBJECTID">118</SimpleData>
		<SimpleData name="County">Dorchester County</SimpleData>
		<SimpleData name="ZIP">21622</SimpleData>
		<SimpleData name="Address">1902 Church Creek Road</SimpleData>
		<SimpleData name="StationName">Church Creek Volunteer Fire Company</SimpleData>
		<SimpleData name="State">MD</SimpleData>
		<SimpleData name="Type">Volunteer</SimpleData>
		<SimpleData name="Phone">410-228-4156</SimpleData>
		<SimpleData name="Fax">410-228-4156</SimpleData>
		<SimpleData name="Email">bsteiner@fastol.com</SimpleData>
		<SimpleData name="Website"></SimpleData>
		<SimpleData name="City">Church Creek</SimpleData>
	</SchemaData></ExtendedData>
      <Point><coordinates>-76.1523663569999,38.5026816800001</coordinates></Point>
  </Placemark>
  <Placemark>
	<ExtendedData><SchemaData schemaUrl="#SAFE_MunicipalFireStations_MCAC">
		<SimpleData name="OBJECTID">119</SimpleData>
		<SimpleData name="County">Queen Anne's County</SimpleData>
		<SimpleData name="ZIP">21623</SimpleData>
		<SimpleData name="Address">316 Main St</SimpleData>
		<SimpleData name="StationName">Church Hill Volunteer Fire Company</SimpleData>
		<SimpleData name="State">MD</SimpleData>
		<SimpleData name="Type">Volunteer</SimpleData>
		<SimpleData name="Phone">410-758-6552</SimpleData>
		<SimpleData name="Fax"></SimpleData>
		<SimpleData name="Email"></SimpleData>
		<SimpleData name="Website"></SimpleData>
		<SimpleData name="City">Church Hill</SimpleData>
	</SchemaData></ExtendedData>
      <Point><coordinates>-75.9856847299999,39.1413449900001</coordinates></Point>
  </Placemark>
  <Placemark>
	<ExtendedData><SchemaData schemaUrl="#SAFE_MunicipalFireStations_MCAC">
		<SimpleData name="OBJECTID">120</SimpleData>
		<SimpleData name="County">Frederick County</SimpleData>
		<SimpleData name="ZIP">21705</SimpleData>
		<SimpleData name="Address">9 N Court St</SimpleData>
		<SimpleData name="StationName">Citizens Truck Company No. 4</SimpleData>
		<SimpleData name="State">MD</SimpleData>
		<SimpleData name="Type">Career and Volunteer</SimpleData>
		<SimpleData name="Phone">301-694-1713</SimpleData>
		<SimpleData name="Fax"></SimpleData>
		<SimpleData name="Email"></SimpleData>
		<SimpleData name="Website"></SimpleData>
		<SimpleData name="City">Frederick</SimpleData>
	</SchemaData></ExtendedData>
      <Point><coordinates>-77.41231457,39.414587645</coordinates></Point>
  </Placemark>
  <Placemark>
	<ExtendedData><SchemaData schemaUrl="#SAFE_MunicipalFireStations_MCAC">
		<SimpleData name="OBJECTID">121</SimpleData>
		<SimpleData name="County">Allegany County</SimpleData>
		<SimpleData name="ZIP">21532</SimpleData>
		<SimpleData name="Address">16304 Clarysville Road Sw</SimpleData>
		<SimpleData name="StationName">Clarysville Volunteer Fire Company</SimpleData>
		<SimpleData name="State">MD</SimpleData>
		<SimpleData name="Type">Volunteer</SimpleData>
		<SimpleData name="Phone">301-689-3828</SimpleData>
		<SimpleData name="Fax"></SimpleData>
		<SimpleData name="Email">co14@alcomt.org</SimpleData>
		<SimpleData name="Website"></SimpleData>
		<SimpleData name="City">Frostburg</SimpleData>
	</SchemaData></ExtendedData>
      <Point><coordinates>-78.8871673199999,39.6422186350001</coordinates></Point>
  </Placemark>
  <Placemark>
	<ExtendedData><SchemaData schemaUrl="#SAFE_MunicipalFireStations_MCAC">
		<SimpleData name="OBJECTID">122</SimpleData>
		<SimpleData name="County">Washington County</SimpleData>
		<SimpleData name="ZIP">21722</SimpleData>
		<SimpleData name="Address">233 Cumberland St</SimpleData>
		<SimpleData name="StationName">Clear Spring Ambulance Club</SimpleData>
		<SimpleData name="State">MD</SimpleData>
		<SimpleData name="Type">Career and Volunteer</SimpleData>
		<SimpleData name="Phone">301-582-2711</SimpleData>
		<SimpleData name="Fax"></SimpleData>
		<SimpleData name="Email"></SimpleData>
		<SimpleData name="Website"></SimpleData>
		<SimpleData name="City">Clear Spring</SimpleData>
	</SchemaData></ExtendedData>
      <Point><coordinates>-77.926565591,39.6566204960001</coordinates></Point>
  </Placemark>
  <Placemark>
	<ExtendedData><SchemaData schemaUrl="#SAFE_MunicipalFireStations_MCAC">
		<SimpleData name="OBJECTID">123</SimpleData>
		<SimpleData name="County">Washington County</SimpleData>
		<SimpleData name="ZIP">21722</SimpleData>
		<SimpleData name="Address">12323 Big Spring Road</SimpleData>
		<SimpleData name="StationName">Clear Spring Volunteer Fire Company</SimpleData>
		<SimpleData name="State">MD</SimpleData>
		<SimpleData name="Type">Volunteer</SimpleData>
		<SimpleData name="Phone"></SimpleData>
		<SimpleData name="Fax"></SimpleData>
		<SimpleData name="Email"></SimpleData>
		<SimpleData name="Website"></SimpleData>
		<SimpleData name="City">Clear Spring</SimpleData>
	</SchemaData></ExtendedData>
      <Point><coordinates>-77.929637838,39.651504565</coordinates></Point>
  </Placemark>
  <Placemark>
	<ExtendedData><SchemaData schemaUrl="#SAFE_MunicipalFireStations_MCAC">
		<SimpleData name="OBJECTID">124</SimpleData>
		<SimpleData name="County">Washington County</SimpleData>
		<SimpleData name="ZIP">21722</SimpleData>
		<SimpleData name="Address">30 Mulberry St</SimpleData>
		<SimpleData name="StationName">Clear Spring Volunteer Fire Dept.</SimpleData>
		<SimpleData name="State">MD</SimpleData>
		<SimpleData name="Type">Volunteer</SimpleData>
		<SimpleData name="Phone">301-842-3775</SimpleData>
		<SimpleData name="Fax">301-842-3794</SimpleData>
		<SimpleData name="Email">fireco4@safe.quik.com</SimpleData>
		<SimpleData name="Website">clearspringfire.org</SimpleData>
		<SimpleData name="City">Clear Spring</SimpleData>
	</SchemaData></ExtendedData>
      <Point><coordinates>-77.9293309889999,39.655544977</coordinates></Point>
  </Placemark>
  <Placemark>
	<ExtendedData><SchemaData schemaUrl="#SAFE_MunicipalFireStations_MCAC">
		<SimpleData name="OBJECTID">125</SimpleData>
		<SimpleData name="County">Prince George's County</SimpleData>
		<SimpleData name="ZIP">20735</SimpleData>
		<SimpleData name="Address">9025 Woodyard Road</SimpleData>
		<SimpleData name="StationName">Clinton Volunteer Fire Department Sta 25</SimpleData>
		<SimpleData name="State">MD</SimpleData>
		<SimpleData name="Type">Volunteer</SimpleData>
		<SimpleData name="Phone">301-868-1313/1333</SimpleData>
		<SimpleData name="Fax"></SimpleData>
		<SimpleData name="Email"></SimpleData>
		<SimpleData name="Website"></SimpleData>
		<SimpleData name="City">Clinton</SimpleData>
	</SchemaData></ExtendedData>
      <Point><coordinates>-76.897287736,38.7659682870001</coordinates></Point>
  </Placemark>
  <Placemark>
	<ExtendedData><SchemaData schemaUrl="#SAFE_MunicipalFireStations_MCAC">
		<SimpleData name="OBJECTID">126</SimpleData>
		<SimpleData name="County">Charles County</SimpleData>
		<SimpleData name="ZIP">20625</SimpleData>
		<SimpleData name="Address">17069 Cobb Island Road</SimpleData>
		<SimpleData name="StationName">Cobb Island Volunteer Fire Department And Ems</SimpleData>
		<SimpleData name="State">MD</SimpleData>
		<SimpleData name="Type">Volunteer</SimpleData>
		<SimpleData name="Phone">301-259-4258</SimpleData>
		<SimpleData name="Fax"></SimpleData>
		<SimpleData name="Email"></SimpleData>
		<SimpleData name="Website"></SimpleData>
		<SimpleData name="City">Cobb Island</SimpleData>
	</SchemaData></ExtendedData>
      <Point><coordinates>-76.8504339409999,38.2623748550001</coordinates></Point>
  </Placemark>
  <Placemark>
	<ExtendedData><SchemaData schemaUrl="#SAFE_MunicipalFireStations_MCAC">
		<SimpleData name="OBJECTID">127</SimpleData>
		<SimpleData name="County">Baltimore County</SimpleData>
		<SimpleData name="ZIP">21030</SimpleData>
		<SimpleData name="Address">11210 York Road</SimpleData>
		<SimpleData name="StationName">Cockeysville Volunteer Fire Company Station 39</SimpleData>
		<SimpleData name="State">MD</SimpleData>
		<SimpleData name="Type">Volunteer</SimpleData>
		<SimpleData name="Phone">410-527-1634</SimpleData>
		<SimpleData name="Fax">410-527-1634</SimpleData>
		<SimpleData name="Email">ctracey@cvfc.org</SimpleData>
		<SimpleData name="Website">cvfc.org</SimpleData>
		<SimpleData name="City">Cockeysville</SimpleData>
	</SchemaData></ExtendedData>
      <Point><coordinates>-76.650731978,39.4923354090001</coordinates></Point>
  </Placemark>
  <Placemark>
	<ExtendedData><SchemaData schemaUrl="#SAFE_MunicipalFireStations_MCAC">
		<SimpleData name="OBJECTID">128</SimpleData>
		<SimpleData name="County">Prince George's County</SimpleData>
		<SimpleData name="ZIP">20740</SimpleData>
		<SimpleData name="Address">8115 Baltimore Ave</SimpleData>
		<SimpleData name="StationName">College Park Volunteer Fire Department. Sta 12</SimpleData>
		<SimpleData name="State">MD</SimpleData>
		<SimpleData name="Type">Volunteer</SimpleData>
		<SimpleData name="Phone">301-901-9112</SimpleData>
		<SimpleData name="Fax">301-901-9115</SimpleData>
		<SimpleData name="Email">webmaster@cpvfd.org</SimpleData>
		<SimpleData name="Website">cpvfd.org</SimpleData>
		<SimpleData name="City">College Park</SimpleData>
	</SchemaData></ExtendedData>
      <Point><coordinates>-76.933742766,38.9903948250001</coordinates></Point>
  </Placemark>
  <Placemark>
	<ExtendedData><SchemaData schemaUrl="#SAFE_MunicipalFireStations_MCAC">
		<SimpleData name="OBJECTID">129</SimpleData>
		<SimpleData name="County">Cecil County</SimpleData>
		<SimpleData name="ZIP">21903</SimpleData>
		<SimpleData name="Address">920 Principio Furnace Road</SimpleData>
		<SimpleData name="StationName">Community Fire Company Perryville</SimpleData>
		<SimpleData name="State">MD</SimpleData>
		<SimpleData name="Type">Volunteer</SimpleData>
		<SimpleData name="Phone">410-996-6066</SimpleData>
		<SimpleData name="Fax">410-642-0266</SimpleData>
		<SimpleData name="Email"></SimpleData>
		<SimpleData name="Website">crgsites.com/md/prfd</SimpleData>
		<SimpleData name="City">Perryville</SimpleData>
	</SchemaData></ExtendedData>
      <Point><coordinates>-76.0655738409999,39.562192677</coordinates></Point>
  </Placemark>
  <Placemark>
	<ExtendedData><SchemaData schemaUrl="#SAFE_MunicipalFireStations_MCAC">
		<SimpleData name="OBJECTID">130</SimpleData>
		<SimpleData name="County">Cecil County</SimpleData>
		<SimpleData name="ZIP">21911</SimpleData>
		<SimpleData name="Address">300 Biggs Hwy</SimpleData>
		<SimpleData name="StationName">Community Fire Company Rising Sun</SimpleData>
		<SimpleData name="State">MD</SimpleData>
		<SimpleData name="Type">Volunteer</SimpleData>
		<SimpleData name="Phone">410-658-5115</SimpleData>
		<SimpleData name="Fax"></SimpleData>
		<SimpleData name="Email"></SimpleData>
		<SimpleData name="Website"></SimpleData>
		<SimpleData name="City">Rising Sun</SimpleData>
	</SchemaData></ExtendedData>
      <Point><coordinates>-76.058689936,39.6917288970001</coordinates></Point>
  </Placemark>
  <Placemark>
	<ExtendedData><SchemaData schemaUrl="#SAFE_MunicipalFireStations_MCAC">
		<SimpleData name="OBJECTID">131</SimpleData>
		<SimpleData name="County">Washington County</SimpleData>
		<SimpleData name="ZIP">21747</SimpleData>
		<SimpleData name="Address">110 Eastern Blvd N</SimpleData>
		<SimpleData name="StationName">Community Rescue Service</SimpleData>
		<SimpleData name="State">MD</SimpleData>
		<SimpleData name="Type">Career</SimpleData>
		<SimpleData name="Phone">301-733-1113</SimpleData>
		<SimpleData name="Fax">301-739-6015</SimpleData>
		<SimpleData name="Email">camos@xra75.org</SimpleData>
		<SimpleData name="Website"></SimpleData>
		<SimpleData name="City">Hagerstown</SimpleData>
	</SchemaData></ExtendedData>
      <Point><coordinates>-77.697255131,39.634556704</coordinates></Point>
  </Placemark>
  <Placemark>
	<ExtendedData><SchemaData schemaUrl="#SAFE_MunicipalFireStations_MCAC">
		<SimpleData name="OBJECTID">132</SimpleData>
		<SimpleData name="County">Kent County</SimpleData>
		<SimpleData name="ZIP">21651</SimpleData>
		<SimpleData name="Address">185 Sassafras St</SimpleData>
		<SimpleData name="StationName">Community Volunteer Fire Company Of Millington</SimpleData>
		<SimpleData name="State">MD</SimpleData>
		<SimpleData name="Type">Volunteer</SimpleData>
		<SimpleData name="Phone">410-928-3171</SimpleData>
		<SimpleData name="Fax">410-928-3945</SimpleData>
		<SimpleData name="Email"></SimpleData>
		<SimpleData name="Website"></SimpleData>
		<SimpleData name="City">Millington</SimpleData>
	</SchemaData></ExtendedData>
      <Point><coordinates>-75.8377953039999,39.2603715230001</coordinates></Point>
  </Placemark>
  <Placemark>
	<ExtendedData><SchemaData schemaUrl="#SAFE_MunicipalFireStations_MCAC">
		<SimpleData name="OBJECTID">133</SimpleData>
		<SimpleData name="County">Baltimore County</SimpleData>
		<SimpleData name="ZIP">21220</SimpleData>
		<SimpleData name="Address">900 Bowleys Quarters Road</SimpleData>
		<SimpleData name="StationName">Community Volunteer Fire Department Of Bowley’s Quarters And Vicinity</SimpleData>
		<SimpleData name="State">MD</SimpleData>
		<SimpleData name="Type">Volunteer</SimpleData>
		<SimpleData name="Phone">410-335-8820</SimpleData>
		<SimpleData name="Fax">410-335-9277</SimpleData>
		<SimpleData name="Email">210@bcvfa.org</SimpleData>
		<SimpleData name="Website">bowleysquartersvfd.org</SimpleData>
		<SimpleData name="City">Middle River</SimpleData>
	</SchemaData></ExtendedData>
      <Point><coordinates>-76.3924496509999,39.3201035430001</coordinates></Point>
  </Placemark>
  <Placemark>
	<ExtendedData><SchemaData schemaUrl="#SAFE_MunicipalFireStations_MCAC">
		<SimpleData name="OBJECTID">134</SimpleData>
		<SimpleData name="County">Talbot County</SimpleData>
		<SimpleData name="ZIP">21625</SimpleData>
		<SimpleData name="Address">11864 Kittys Corner Road</SimpleData>
		<SimpleData name="StationName">Cordova Volunteer Fire Department</SimpleData>
		<SimpleData name="State">MD</SimpleData>
		<SimpleData name="Type">Volunteer</SimpleData>
		<SimpleData name="Phone">410-364-5400</SimpleData>
		<SimpleData name="Fax"></SimpleData>
		<SimpleData name="Email"></SimpleData>
		<SimpleData name="Website"></SimpleData>
		<SimpleData name="City">Cordova</SimpleData>
	</SchemaData></ExtendedData>
      <Point><coordinates>-75.99588275,38.8742714310001</coordinates></Point>
  </Placemark>
  <Placemark>
	<ExtendedData><SchemaData schemaUrl="#SAFE_MunicipalFireStations_MCAC">
		<SimpleData name="OBJECTID">135</SimpleData>
		<SimpleData name="County">Allegany County</SimpleData>
		<SimpleData name="ZIP">21502</SimpleData>
		<SimpleData name="Address">13109 Warrior Dr Sw</SimpleData>
		<SimpleData name="StationName">Cresaptown Volunteer Fire Department, Inc</SimpleData>
		<SimpleData name="State">MD</SimpleData>
		<SimpleData name="Type">Volunteer</SimpleData>
		<SimpleData name="Phone">301-729-1111</SimpleData>
		<SimpleData name="Fax">301-729-1820</SimpleData>
		<SimpleData name="Email">co9@allconet.org</SimpleData>
		<SimpleData name="Website">cresaptownvfd.org</SimpleData>
		<SimpleData name="City">Cumberland</SimpleData>
	</SchemaData></ExtendedData>
      <Point><coordinates>-78.830291965,39.5960786650001</coordinates></Point>
  </Placemark>
  <Placemark>
	<ExtendedData><SchemaData schemaUrl="#SAFE_MunicipalFireStations_MCAC">
		<SimpleData name="OBJECTID">136</SimpleData>
		<SimpleData name="County">Somerset County</SimpleData>
		<SimpleData name="ZIP">21817</SimpleData>
		<SimpleData name="Address">600 W Main St</SimpleData>
		<SimpleData name="StationName">Crisfield Volunteer Fire Department</SimpleData>
		<SimpleData name="State">MD</SimpleData>
		<SimpleData name="Type">Volunteer</SimpleData>
		<SimpleData name="Phone">410-968-1262</SimpleData>
		<SimpleData name="Fax"></SimpleData>
		<SimpleData name="Email"></SimpleData>
		<SimpleData name="Website"></SimpleData>
		<SimpleData name="City">Crisfield</SimpleData>
	</SchemaData></ExtendedData>
      <Point><coordinates>-75.857207677,37.9816043430001</coordinates></Point>
  </Placemark>
  <Placemark>
	<ExtendedData><SchemaData schemaUrl="#SAFE_MunicipalFireStations_MCAC">
		<SimpleData name="OBJECTID">137</SimpleData>
		<SimpleData name="County">Queen Anne's County</SimpleData>
		<SimpleData name="ZIP">21628</SimpleData>
		<SimpleData name="Address">300 Third St</SimpleData>
		<SimpleData name="StationName">Crumpton Volunteer Fire Department</SimpleData>
		<SimpleData name="State">MD</SimpleData>
		<SimpleData name="Type">Volunteer</SimpleData>
		<SimpleData name="Phone">410-778-6100</SimpleData>
		<SimpleData name="Fax"></SimpleData>
		<SimpleData name="Email"></SimpleData>
		<SimpleData name="Website"></SimpleData>
		<SimpleData name="City">Crumpton</SimpleData>
	</SchemaData></ExtendedData>
      <Point><coordinates>-75.925783205,39.2391003640001</coordinates></Point>
  </Placemark>
  <Placemark>
	<ExtendedData><SchemaData schemaUrl="#SAFE_MunicipalFireStations_MCAC">
		<SimpleData name="OBJECTID">138</SimpleData>
		<SimpleData name="County">Montgomery County</SimpleData>
		<SimpleData name="ZIP">20872</SimpleData>
		<SimpleData name="Address">26334 Ridge Rd</SimpleData>
		<SimpleData name="StationName">Damascus Volunteer Fire Department - Station 13</SimpleData>
		<SimpleData name="State">MD</SimpleData>
		<SimpleData name="Type">Volunteer</SimpleData>
		<SimpleData name="Phone">301-253-3988</SimpleData>
		<SimpleData name="Fax">301-253-2323</SimpleData>
		<SimpleData name="Email">dvfdprez@erols.com</SimpleData>
		<SimpleData name="Website"></SimpleData>
		<SimpleData name="City">Damascus</SimpleData>
	</SchemaData></ExtendedData>
      <Point><coordinates>-77.204774548,39.289268441</coordinates></Point>
  </Placemark>
  <Placemark>
	<ExtendedData><SchemaData schemaUrl="#SAFE_MunicipalFireStations_MCAC">
		<SimpleData name="OBJECTID">139</SimpleData>
		<SimpleData name="County">Harford County</SimpleData>
		<SimpleData name="ZIP">21034</SimpleData>
		<SimpleData name="Address">2600 Castleton Road</SimpleData>
		<SimpleData name="StationName">Darlington Volunteer Fire Company</SimpleData>
		<SimpleData name="State">MD</SimpleData>
		<SimpleData name="Type">Volunteer</SimpleData>
		<SimpleData name="Phone">410-638-3760</SimpleData>
		<SimpleData name="Fax"></SimpleData>
		<SimpleData name="Email"></SimpleData>
		<SimpleData name="Website"></SimpleData>
		<SimpleData name="City">Darlington</SimpleData>
	</SchemaData></ExtendedData>
      <Point><coordinates>-76.2026283169999,39.646966718</coordinates></Point>
  </Placemark>
  <Placemark>
	<ExtendedData><SchemaData schemaUrl="#SAFE_MunicipalFireStations_MCAC">
		<SimpleData name="OBJECTID">140</SimpleData>
		<SimpleData name="County">Somerset County</SimpleData>
		<SimpleData name="ZIP">21821</SimpleData>
		<SimpleData name="Address">10090 Deal Island Road</SimpleData>
		<SimpleData name="StationName">Deal Island-Chance Volunteer Fire Department</SimpleData>
		<SimpleData name="State">MD</SimpleData>
		<SimpleData name="Type">Volunteer</SimpleData>
		<SimpleData name="Phone">410-784-2612</SimpleData>
		<SimpleData name="Fax"></SimpleData>
		<SimpleData name="Email"></SimpleData>
		<SimpleData name="Website"></SimpleData>
		<SimpleData name="City">Deal Island</SimpleData>
	</SchemaData></ExtendedData>
      <Point><coordinates>-75.94854904,38.1604664220001</coordinates></Point>
  </Placemark>
  <Placemark>
	<ExtendedData><SchemaData schemaUrl="#SAFE_MunicipalFireStations_MCAC">
		<SimpleData name="OBJECTID">141</SimpleData>
		<SimpleData name="County">Anne Arundel County</SimpleData>
		<SimpleData name="ZIP">20751</SimpleData>
		<SimpleData name="Address">6007 Drum Point Road</SimpleData>
		<SimpleData name="StationName">Deale Volunteer Fire Company</SimpleData>
		<SimpleData name="State">MD</SimpleData>
		<SimpleData name="Type">Volunteer</SimpleData>
		<SimpleData name="Phone">410-867-1350</SimpleData>
		<SimpleData name="Fax"></SimpleData>
		<SimpleData name="Email"></SimpleData>
		<SimpleData name="Website"></SimpleData>
		<SimpleData name="City">Deal</SimpleData>
	</SchemaData></ExtendedData>
      <Point><coordinates>-76.554163096,38.780493193</coordinates></Point>
  </Placemark>
  <Placemark>
	<ExtendedData><SchemaData schemaUrl="#SAFE_MunicipalFireStations_MCAC">
		<SimpleData name="OBJECTID">142</SimpleData>
		<SimpleData name="County">Garrett County</SimpleData>
		<SimpleData name="ZIP">21541</SimpleData>
		<SimpleData name="Address">1906 Deep Creek Dr</SimpleData>
		<SimpleData name="StationName">Deep Creek Volunteer Fire Company</SimpleData>
		<SimpleData name="State">MD</SimpleData>
		<SimpleData name="Type">Volunteer</SimpleData>
		<SimpleData name="Phone">301-387-5252</SimpleData>
		<SimpleData name="Fax"></SimpleData>
		<SimpleData name="Email"></SimpleData>
		<SimpleData name="Website"></SimpleData>
		<SimpleData name="City">Mchenry</SimpleData>
	</SchemaData></ExtendedData>
      <Point><coordinates>-79.3517555559999,39.5558524940001</coordinates></Point>
  </Placemark>
  <Placemark>
	<ExtendedData><SchemaData schemaUrl="#SAFE_MunicipalFireStations_MCAC">
		<SimpleData name="OBJECTID">143</SimpleData>
		<SimpleData name="County">Garrett County</SimpleData>
		<SimpleData name="ZIP">21550</SimpleData>
		<SimpleData name="Address">5353 Maryland Hwy</SimpleData>
		<SimpleData name="StationName">Deer Park Community Volunteer Fire Department</SimpleData>
		<SimpleData name="State">MD</SimpleData>
		<SimpleData name="Type">Volunteer</SimpleData>
		<SimpleData name="Phone">301-334-4120</SimpleData>
		<SimpleData name="Fax"></SimpleData>
		<SimpleData name="Email"></SimpleData>
		<SimpleData name="Website"></SimpleData>
		<SimpleData name="City">Deer Park</SimpleData>
	</SchemaData></ExtendedData>
      <Point><coordinates>-79.320723825,39.4333215190001</coordinates></Point>
  </Placemark>
  <Placemark>
	<ExtendedData><SchemaData schemaUrl="#SAFE_MunicipalFireStations_MCAC">
		<SimpleData name="OBJECTID">144</SimpleData>
		<SimpleData name="County">Caroline County</SimpleData>
		<SimpleData name="ZIP">21629</SimpleData>
		<SimpleData name="Address">400 S Fifth Ave</SimpleData>
		<SimpleData name="StationName">Denton Volunteer Fire Department</SimpleData>
		<SimpleData name="State">MD</SimpleData>
		<SimpleData name="Type">Volunteer</SimpleData>
		<SimpleData name="Phone">410-479-2121</SimpleData>
		<SimpleData name="Fax"></SimpleData>
		<SimpleData name="Email"></SimpleData>
		<SimpleData name="Website"></SimpleData>
		<SimpleData name="City">Denton</SimpleData>
	</SchemaData></ExtendedData>
      <Point><coordinates>-75.828950601,38.8798484920001</coordinates></Point>
  </Placemark>
  <Placemark>
	<ExtendedData><SchemaData schemaUrl="#SAFE_MunicipalFireStations_MCAC">
		<SimpleData name="OBJECTID">145</SimpleData>
		<SimpleData name="County">Charles County</SimpleData>
		<SimpleData name="ZIP">20646</SimpleData>
		<SimpleData name="Address">12135 Charles St</SimpleData>
		<SimpleData name="StationName">Dentsville Volunteer Ems And Auxiliary Inc</SimpleData>
		<SimpleData name="State">MD</SimpleData>
		<SimpleData name="Type">Volunteer</SimpleData>
		<SimpleData name="Phone">301-392-0500</SimpleData>
		<SimpleData name="Fax"></SimpleData>
		<SimpleData name="Email"></SimpleData>
		<SimpleData name="Website"></SimpleData>
		<SimpleData name="City">Laplata</SimpleData>
	</SchemaData></ExtendedData>
      <Point><coordinates>-76.890890142,38.481041813</coordinates></Point>
  </Placemark>
  <Placemark>
	<ExtendedData><SchemaData schemaUrl="#SAFE_MunicipalFireStations_MCAC">
		<SimpleData name="OBJECTID">146</SimpleData>
		<SimpleData name="County">Allegany County</SimpleData>
		<SimpleData name="ZIP">21502</SimpleData>
		<SimpleData name="Address">12100 N Branch Road Se</SimpleData>
		<SimpleData name="StationName">District 16 Volunteer Fire Department</SimpleData>
		<SimpleData name="State">MD</SimpleData>
		<SimpleData name="Type">Volunteer</SimpleData>
		<SimpleData name="Phone">301-722-4444</SimpleData>
		<SimpleData name="Fax"></SimpleData>
		<SimpleData name="Email">co7@allconet.org</SimpleData>
		<SimpleData name="Website"></SimpleData>
		<SimpleData name="City">Cumberland</SimpleData>
	</SchemaData></ExtendedData>
      <Point><coordinates>-78.7353261009999,39.5907957260001</coordinates></Point>
  </Placemark>
  <Placemark>
	<ExtendedData><SchemaData schemaUrl="#SAFE_MunicipalFireStations_MCAC">
		<SimpleData name="OBJECTID">147</SimpleData>
		<SimpleData name="County">Prince George's County</SimpleData>
		<SimpleData name="ZIP">20747</SimpleData>
		<SimpleData name="Address">5900 Marlboro Pike</SimpleData>
		<SimpleData name="StationName">District Heights Volunteer Fire Department</SimpleData>
		<SimpleData name="State">MD</SimpleData>
		<SimpleData name="Type">Volunteer</SimpleData>
		<SimpleData name="Phone">301-516-7530</SimpleData>
		<SimpleData name="Fax"></SimpleData>
		<SimpleData name="Email"></SimpleData>
		<SimpleData name="Website"></SimpleData>
		<SimpleData name="City">District Heights</SimpleData>
	</SchemaData></ExtendedData>
      <Point><coordinates>-76.9057623739999,38.8584188240001</coordinates></Point>
  </Placemark>
  <Placemark>
	<ExtendedData><SchemaData schemaUrl="#SAFE_MunicipalFireStations_MCAC">
		<SimpleData name="OBJECTID">148</SimpleData>
		<SimpleData name="County">Calvert County</SimpleData>
		<SimpleData name="ZIP">20754</SimpleData>
		<SimpleData name="Address">3170 W Ward Road</SimpleData>
		<SimpleData name="StationName">Dunkirk Volunteer Fire Department</SimpleData>
		<SimpleData name="State">MD</SimpleData>
		<SimpleData name="Type">Volunteer</SimpleData>
		<SimpleData name="Phone">301-855-8895</SimpleData>
		<SimpleData name="Fax">410-286-2890</SimpleData>
		<SimpleData name="Email">mwells@dunkirk5.com</SimpleData>
		<SimpleData name="Website">dunkirk.com</SimpleData>
		<SimpleData name="City">Dunkirk</SimpleData>
	</SchemaData></ExtendedData>
      <Point><coordinates>-76.6649661289999,38.7177390150001</coordinates></Point>
  </Placemark>
  <Placemark>
	<ExtendedData><SchemaData schemaUrl="#SAFE_MunicipalFireStations_MCAC">
		<SimpleData name="OBJECTID">149</SimpleData>
		<SimpleData name="County">Anne Arundel County</SimpleData>
		<SimpleData name="ZIP">21146</SimpleData>
		<SimpleData name="Address">161 Ritchie Hwy</SimpleData>
		<SimpleData name="StationName">Earleigh Heights Volunteer Fire Company</SimpleData>
		<SimpleData name="State">MD</SimpleData>
		<SimpleData name="Type">Volunteer</SimpleData>
		<SimpleData name="Phone">410-647-1990</SimpleData>
		<SimpleData name="Fax">410-647-9463</SimpleData>
		<SimpleData name="Email">ehvfc12@hotmail.com</SimpleData>
		<SimpleData name="Website">www.ehvfc.org</SimpleData>
		<SimpleData name="City">Severna Park</SimpleData>
	</SchemaData></ExtendedData>
      <Point><coordinates>-76.56432875,39.099030806</coordinates></Point>
  </Placemark>
  <Placemark>
	<ExtendedData><SchemaData schemaUrl="#SAFE_MunicipalFireStations_MCAC">
		<SimpleData name="OBJECTID">150</SimpleData>
		<SimpleData name="County">Dorchester County</SimpleData>
		<SimpleData name="ZIP">21631</SimpleData>
		<SimpleData name="Address">101 Main St</SimpleData>
		<SimpleData name="StationName">East New Market Volunteer Fire Department</SimpleData>
		<SimpleData name="State">MD</SimpleData>
		<SimpleData name="Type">Volunteer</SimpleData>
		<SimpleData name="Phone">410-943-3663</SimpleData>
		<SimpleData name="Fax"></SimpleData>
		<SimpleData name="Email"></SimpleData>
		<SimpleData name="Website"></SimpleData>
		<SimpleData name="City">East New Market</SimpleData>
	</SchemaData></ExtendedData>
      <Point><coordinates>-75.9254240989999,38.599049833</coordinates></Point>
  </Placemark>
  <Placemark>
	<ExtendedData><SchemaData schemaUrl="#SAFE_MunicipalFireStations_MCAC">
		<SimpleData name="OBJECTID">151</SimpleData>
		<SimpleData name="County">Allegany County</SimpleData>
		<SimpleData name="ZIP">21532</SimpleData>
		<SimpleData name="Address">401 Finzel Road</SimpleData>
		<SimpleData name="StationName">Eastern Garrett County Volunteer Fire Department</SimpleData>
		<SimpleData name="State">MD</SimpleData>
		<SimpleData name="Type">Volunteer</SimpleData>
		<SimpleData name="Phone">301-689-8388</SimpleData>
		<SimpleData name="Fax"></SimpleData>
		<SimpleData name="Email"></SimpleData>
		<SimpleData name="Website"></SimpleData>
		<SimpleData name="City">Frostburg</SimpleData>
	</SchemaData></ExtendedData>
      <Point><coordinates>-78.966019118,39.6862387620001</coordinates></Point>
  </Placemark>
  <Placemark>
	<ExtendedData><SchemaData schemaUrl="#SAFE_MunicipalFireStations_MCAC">
		<SimpleData name="OBJECTID">152</SimpleData>
		<SimpleData name="County">Talbot County</SimpleData>
		<SimpleData name="ZIP">21601</SimpleData>
		<SimpleData name="Address">315 Aurora Park Dr</SimpleData>
		<SimpleData name="StationName">Easton Volunteer Fire Department</SimpleData>
		<SimpleData name="State">MD</SimpleData>
		<SimpleData name="Type">Volunteer</SimpleData>
		<SimpleData name="Phone">410-822-4848</SimpleData>
		<SimpleData name="Fax">410-822-1970</SimpleData>
		<SimpleData name="Email">eastonvfd@goeaston.net</SimpleData>
		<SimpleData name="Website">eastonvfd.org</SimpleData>
		<SimpleData name="City">Easton</SimpleData>
	</SchemaData></ExtendedData>
      <Point><coordinates>-76.073338242,38.7810423940001</coordinates></Point>
  </Placemark>
  <Placemark>
	<ExtendedData><SchemaData schemaUrl="#SAFE_MunicipalFireStations_MCAC">
		<SimpleData name="OBJECTID">153</SimpleData>
		<SimpleData name="County">Anne Arundel County</SimpleData>
		<SimpleData name="ZIP">21403</SimpleData>
		<SimpleData name="Address">914 Bay Ridge Ave</SimpleData>
		<SimpleData name="StationName">Eastport Volunteer Fire Company</SimpleData>
		<SimpleData name="State">MD</SimpleData>
		<SimpleData name="Type">Volunteer</SimpleData>
		<SimpleData name="Phone">410-263-6133</SimpleData>
		<SimpleData name="Fax"></SimpleData>
		<SimpleData name="Email"></SimpleData>
		<SimpleData name="Website"></SimpleData>
		<SimpleData name="City">Annapolis</SimpleData>
	</SchemaData></ExtendedData>
      <Point><coordinates>-76.489384285,38.9667060040001</coordinates></Point>
  </Placemark>
  <Placemark>
	<ExtendedData><SchemaData schemaUrl="#SAFE_MunicipalFireStations_MCAC">
		<SimpleData name="OBJECTID">154</SimpleData>
		<SimpleData name="County">Dorchester County</SimpleData>
		<SimpleData name="ZIP">21659</SimpleData>
		<SimpleData name="Address">5752 Eldorado Road</SimpleData>
		<SimpleData name="StationName">Eldorado-Brookview Volunteer Fire Department</SimpleData>
		<SimpleData name="State">MD</SimpleData>
		<SimpleData name="Type">Volunteer</SimpleData>
		<SimpleData name="Phone">410-943-4004</SimpleData>
		<SimpleData name="Fax">410-943-1311</SimpleData>
		<SimpleData name="Email">ebvfd@dmv.com</SimpleData>
		<SimpleData name="Website"></SimpleData>
		<SimpleData name="City">Rhodesdale</SimpleData>
	</SchemaData></ExtendedData>
      <Point><coordinates>-75.788455153,38.583879804</coordinates></Point>
  </Placemark>
  <Placemark>
	<ExtendedData><SchemaData schemaUrl="#SAFE_MunicipalFireStations_MCAC">
		<SimpleData name="OBJECTID">155</SimpleData>
		<SimpleData name="County">Howard County</SimpleData>
		<SimpleData name="ZIP">21075</SimpleData>
		<SimpleData name="Address">6275 Old Washington Road</SimpleData>
		<SimpleData name="StationName">Elkridge Volunteer Fire Department</SimpleData>
		<SimpleData name="State">MD</SimpleData>
		<SimpleData name="Type">Volunteer</SimpleData>
		<SimpleData name="Phone">410-313-4901</SimpleData>
		<SimpleData name="Fax">410-313-4904</SimpleData>
		<SimpleData name="Email"></SimpleData>
		<SimpleData name="Website">www.elkridgevfd.org</SimpleData>
		<SimpleData name="City">Elkridge</SimpleData>
	</SchemaData></ExtendedData>
      <Point><coordinates>-76.724859688,39.2058949520001</coordinates></Point>
  </Placemark>
  <Placemark>
	<ExtendedData><SchemaData schemaUrl="#SAFE_MunicipalFireStations_MCAC">
		<SimpleData name="OBJECTID">156</SimpleData>
		<SimpleData name="County">Allegany County</SimpleData>
		<SimpleData name="ZIP">21529</SimpleData>
		<SimpleData name="Address">14200 Ellerslie Rd Nw</SimpleData>
		<SimpleData name="StationName">Ellerslie Volunteer Fire Company</SimpleData>
		<SimpleData name="State">MD</SimpleData>
		<SimpleData name="Type">Volunteer</SimpleData>
		<SimpleData name="Phone">301-777-0959</SimpleData>
		<SimpleData name="Fax"></SimpleData>
		<SimpleData name="Email"></SimpleData>
		<SimpleData name="Website"></SimpleData>
		<SimpleData name="City">Ellerslie</SimpleData>
	</SchemaData></ExtendedData>
      <Point><coordinates>-78.776700342,39.718080684</coordinates></Point>
  </Placemark>
  <Placemark>
	<ExtendedData><SchemaData schemaUrl="#SAFE_MunicipalFireStations_MCAC">
		<SimpleData name="OBJECTID">157</SimpleData>
		<SimpleData name="County">Howard County</SimpleData>
		<SimpleData name="ZIP">21041</SimpleData>
		<SimpleData name="Address">4150 Montgomery Road</SimpleData>
		<SimpleData name="StationName">Ellicott City Volunteer Firemen’s Association</SimpleData>
		<SimpleData name="State">MD</SimpleData>
		<SimpleData name="Type">Volunteer</SimpleData>
		<SimpleData name="Phone">410-313-2600</SimpleData>
		<SimpleData name="Fax"></SimpleData>
		<SimpleData name="Email"></SimpleData>
		<SimpleData name="Website"></SimpleData>
		<SimpleData name="City">Ellicott City</SimpleData>
	</SchemaData></ExtendedData>
      <Point><coordinates>-76.820478564,39.255509804</coordinates></Point>
  </Placemark>
  <Placemark>
	<ExtendedData><SchemaData schemaUrl="#SAFE_MunicipalFireStations_MCAC">
		<SimpleData name="OBJECTID">158</SimpleData>
		<SimpleData name="County">Dorchester County</SimpleData>
		<SimpleData name="ZIP">21869</SimpleData>
		<SimpleData name="Address">2317 Elliott Island Road</SimpleData>
		<SimpleData name="StationName">Elliott Island Volunteer Fire Company</SimpleData>
		<SimpleData name="State">MD</SimpleData>
		<SimpleData name="Type">Volunteer</SimpleData>
		<SimpleData name="Phone">410-376-3026</SimpleData>
		<SimpleData name="Fax"></SimpleData>
		<SimpleData name="Email"></SimpleData>
		<SimpleData name="Website"></SimpleData>
		<SimpleData name="City">Vienna</SimpleData>
	</SchemaData></ExtendedData>
      <Point><coordinates>-76.0006224749999,38.3089577200001</coordinates></Point>
  </Placemark>
  <Placemark>
	<ExtendedData><SchemaData schemaUrl="#SAFE_MunicipalFireStations_MCAC">
		<SimpleData name="OBJECTID">159</SimpleData>
		<SimpleData name="County">Frederick County</SimpleData>
		<SimpleData name="ZIP">21727</SimpleData>
		<SimpleData name="Address">17701 Creamery Road</SimpleData>
		<SimpleData name="StationName">Emmitsburg Volunteer Ambulance Company</SimpleData>
		<SimpleData name="State">MD</SimpleData>
		<SimpleData name="Type">Volunteer</SimpleData>
		<SimpleData name="Phone">301-447-6626</SimpleData>
		<SimpleData name="Fax">301-447-3887</SimpleData>
		<SimpleData name="Email"></SimpleData>
		<SimpleData name="Website">emmitsburgems.org</SimpleData>
		<SimpleData name="City">Emmitsburg</SimpleData>
	</SchemaData></ExtendedData>
      <Point><coordinates>-77.320938408,39.7000969090001</coordinates></Point>
  </Placemark>
  <Placemark>
	<ExtendedData><SchemaData schemaUrl="#SAFE_MunicipalFireStations_MCAC">
		<SimpleData name="OBJECTID">160</SimpleData>
		<SimpleData name="County">Baltimore County</SimpleData>
		<SimpleData name="ZIP">21227</SimpleData>
		<SimpleData name="Address">2827 Michigan Ave</SimpleData>
		<SimpleData name="StationName">English Counsul Volunteer Fire Department</SimpleData>
		<SimpleData name="State">MD</SimpleData>
		<SimpleData name="Type">Volunteer</SimpleData>
		<SimpleData name="Phone">410-636-5010</SimpleData>
		<SimpleData name="Fax"></SimpleData>
		<SimpleData name="Email"></SimpleData>
		<SimpleData name="Website"></SimpleData>
		<SimpleData name="City">Baltimore</SimpleData>
	</SchemaData></ExtendedData>
      <Point><coordinates>-76.6384829409999,39.2382396990001</coordinates></Point>
  </Placemark>
  <Placemark>
	<ExtendedData><SchemaData schemaUrl="#SAFE_MunicipalFireStations_MCAC">
		<SimpleData name="OBJECTID">161</SimpleData>
		<SimpleData name="County">Somerset County</SimpleData>
		<SimpleData name="ZIP">21824</SimpleData>
		<SimpleData name="Address">3994 Smith Island Road</SimpleData>
		<SimpleData name="StationName">Ewell Volunteer Fire Company</SimpleData>
		<SimpleData name="State">MD</SimpleData>
		<SimpleData name="Type">Volunteer</SimpleData>
		<SimpleData name="Phone">410-425-5521</SimpleData>
		<SimpleData name="Fax"></SimpleData>
		<SimpleData name="Email"></SimpleData>
		<SimpleData name="Website"></SimpleData>
		<SimpleData name="City">Ewell</SimpleData>
	</SchemaData></ExtendedData>
      <Point><coordinates>-76.035093719,37.994193088</coordinates></Point>
  </Placemark>
  <Placemark>
	<ExtendedData><SchemaData schemaUrl="#SAFE_MunicipalFireStations_MCAC">
		<SimpleData name="OBJECTID">162</SimpleData>
		<SimpleData name="County">Somerset County</SimpleData>
		<SimpleData name="ZIP">21871</SimpleData>
		<SimpleData name="Address">27407 Fairmount Road</SimpleData>
		<SimpleData name="StationName">Fairmont Volunteer Fire Department</SimpleData>
		<SimpleData name="State">MD</SimpleData>
		<SimpleData name="Type">Volunteer</SimpleData>
		<SimpleData name="Phone">410-651-2888</SimpleData>
		<SimpleData name="Fax"></SimpleData>
		<SimpleData name="Email"></SimpleData>
		<SimpleData name="Website"></SimpleData>
		<SimpleData name="City">Westover</SimpleData>
	</SchemaData></ExtendedData>
      <Point><coordinates>-75.8037325349999,38.1047838910001</coordinates></Point>
  </Placemark>
  <Placemark>
	<ExtendedData><SchemaData schemaUrl="#SAFE_MunicipalFireStations_MCAC">
		<SimpleData name="OBJECTID">163</SimpleData>
		<SimpleData name="County">Washington County</SimpleData>
		<SimpleData name="ZIP">21733</SimpleData>
		<SimpleData name="Address">18002 Tilghmanton Road</SimpleData>
		<SimpleData name="StationName">Fairplay Volunteer Fire Company</SimpleData>
		<SimpleData name="State">MD</SimpleData>
		<SimpleData name="Type">Volunteer</SimpleData>
		<SimpleData name="Phone"></SimpleData>
		<SimpleData name="Fax"></SimpleData>
		<SimpleData name="Email"></SimpleData>
		<SimpleData name="Website"></SimpleData>
		<SimpleData name="City">Fairplay</SimpleData>
	</SchemaData></ExtendedData>
      <Point><coordinates>-77.7441834919999,39.5349051910001</coordinates></Point>
  </Placemark>
  <Placemark>
	<ExtendedData><SchemaData schemaUrl="#SAFE_MunicipalFireStations_MCAC">
		<SimpleData name="OBJECTID">164</SimpleData>
		<SimpleData name="County">Harford County</SimpleData>
		<SimpleData name="ZIP">21047</SimpleData>
		<SimpleData name="Address">2201 Carrs Mill Road</SimpleData>
		<SimpleData name="StationName">Fallston Volunteer Fire And Ambo Co.</SimpleData>
		<SimpleData name="State">MD</SimpleData>
		<SimpleData name="Type">Volunteer</SimpleData>
		<SimpleData name="Phone">410-638-4890</SimpleData>
		<SimpleData name="Fax">410-638-4880</SimpleData>
		<SimpleData name="Email"></SimpleData>
		<SimpleData name="Website">fvfac.org</SimpleData>
		<SimpleData name="City">Fallston</SimpleData>
	</SchemaData></ExtendedData>
      <Point><coordinates>-76.412604239,39.524621112</coordinates></Point>
  </Placemark>
  <Placemark>
	<ExtendedData><SchemaData schemaUrl="#SAFE_MunicipalFireStations_MCAC">
		<SimpleData name="OBJECTID">165</SimpleData>
		<SimpleData name="County">Caroline County</SimpleData>
		<SimpleData name="ZIP">21632</SimpleData>
		<SimpleData name="Address">208 N University Ave</SimpleData>
		<SimpleData name="StationName">Federalsburg Volunteer Fire Company</SimpleData>
		<SimpleData name="State">MD</SimpleData>
		<SimpleData name="Type">Volunteer</SimpleData>
		<SimpleData name="Phone">410-754-7400</SimpleData>
		<SimpleData name="Fax"></SimpleData>
		<SimpleData name="Email"></SimpleData>
		<SimpleData name="Website"></SimpleData>
		<SimpleData name="City">Federalsburg</SimpleData>
	</SchemaData></ExtendedData>
      <Point><coordinates>-75.781991867,38.694588224</coordinates></Point>
  </Placemark>
  <Placemark>
	<ExtendedData><SchemaData schemaUrl="#SAFE_MunicipalFireStations_MCAC">
		<SimpleData name="OBJECTID">166</SimpleData>
		<SimpleData name="County">Anne Arundel County</SimpleData>
		<SimpleData name="ZIP">21061</SimpleData>
		<SimpleData name="Address">4 Broadview Blvd S</SimpleData>
		<SimpleData name="StationName">Ferndale Volunteer Fire Company</SimpleData>
		<SimpleData name="State">MD</SimpleData>
		<SimpleData name="Type">Volunteer</SimpleData>
		<SimpleData name="Phone">410-766-2131</SimpleData>
		<SimpleData name="Fax"></SimpleData>
		<SimpleData name="Email"></SimpleData>
		<SimpleData name="Website"></SimpleData>
		<SimpleData name="City">Glen Burnie</SimpleData>
	</SchemaData></ExtendedData>
      <Point><coordinates>-76.64031183,39.1826164730001</coordinates></Point>
  </Placemark>
  <Placemark>
	<ExtendedData><SchemaData schemaUrl="#SAFE_MunicipalFireStations_MCAC">
		<SimpleData name="OBJECTID">167</SimpleData>
		<SimpleData name="County">Howard County</SimpleData>
		<SimpleData name="ZIP">21029</SimpleData>
		<SimpleData name="Address">5000 Signal Bell Ln</SimpleData>
		<SimpleData name="StationName">Fifth District Volunteer Fire Department</SimpleData>
		<SimpleData name="State">MD</SimpleData>
		<SimpleData name="Type">Volunteer</SimpleData>
		<SimpleData name="Phone">410-313-7215</SimpleData>
		<SimpleData name="Fax">410-313-7219</SimpleData>
		<SimpleData name="Email">clarksvillevfd@erols.com</SimpleData>
		<SimpleData name="Website">www.erols.com/clarksvillevfd</SimpleData>
		<SimpleData name="City">Clarksville</SimpleData>
	</SchemaData></ExtendedData>
      <Point><coordinates>-76.939853525,39.2080792020001</coordinates></Point>
  </Placemark>
  <Placemark>
	<ExtendedData><SchemaData schemaUrl="#SAFE_MunicipalFireStations_MCAC">
		<SimpleData name="OBJECTID">168</SimpleData>
		<SimpleData name="County">Washington County</SimpleData>
		<SimpleData name="ZIP">21740</SimpleData>
		<SimpleData name="Address">33 S Potomac St</SimpleData>
		<SimpleData name="StationName">First Hagerstown Hose Company</SimpleData>
		<SimpleData name="State">MD</SimpleData>
		<SimpleData name="Type">Volunteer</SimpleData>
		<SimpleData name="Phone">301-733-3339</SimpleData>
		<SimpleData name="Fax"></SimpleData>
		<SimpleData name="Email"></SimpleData>
		<SimpleData name="Website"></SimpleData>
		<SimpleData name="City">Hagerstown</SimpleData>
	</SchemaData></ExtendedData>
      <Point><coordinates>-77.7210214679999,39.6412759580001</coordinates></Point>
  </Placemark>
  <Placemark>
	<ExtendedData><SchemaData schemaUrl="#SAFE_MunicipalFireStations_MCAC">
		<SimpleData name="OBJECTID">169</SimpleData>
		<SimpleData name="County">Washington County</SimpleData>
		<SimpleData name="ZIP">21713</SimpleData>
		<SimpleData name="Address">5 Saint Paul St</SimpleData>
		<SimpleData name="StationName">First Hose Company Of Boonsboro</SimpleData>
		<SimpleData name="State">MD</SimpleData>
		<SimpleData name="Type">Volunteer</SimpleData>
		<SimpleData name="Phone">301-432-2348</SimpleData>
		<SimpleData name="Fax"></SimpleData>
		<SimpleData name="Email"></SimpleData>
		<SimpleData name="Website"></SimpleData>
		<SimpleData name="City">Boonsboro</SimpleData>
	</SchemaData></ExtendedData>
      <Point><coordinates>-77.6510325369999,39.5069556290001</coordinates></Point>
  </Placemark>
  <Placemark>
	<ExtendedData><SchemaData schemaUrl="#SAFE_MunicipalFireStations_MCAC">
		<SimpleData name="OBJECTID">170</SimpleData>
		<SimpleData name="County">Allegany County</SimpleData>
		<SimpleData name="ZIP">21530</SimpleData>
		<SimpleData name="Address">21701 Flintstone Dr Ne</SimpleData>
		<SimpleData name="StationName">Flintstone Volunteer Fire Company</SimpleData>
		<SimpleData name="State">MD</SimpleData>
		<SimpleData name="Type">Volunteer</SimpleData>
		<SimpleData name="Phone">301-478-2311</SimpleData>
		<SimpleData name="Fax"></SimpleData>
		<SimpleData name="Email"></SimpleData>
		<SimpleData name="Website">http://www.fvfd12.webs.com/</SimpleData>
		<SimpleData name="City">Flintstone</SimpleData>
	</SchemaData></ExtendedData>
      <Point><coordinates>-78.5682597369999,39.7079309370001</coordinates></Point>
  </Placemark>
  <Placemark>
	<ExtendedData><SchemaData schemaUrl="#SAFE_MunicipalFireStations_MCAC">
		<SimpleData name="OBJECTID">171</SimpleData>
		<SimpleData name="County">Prince George's County</SimpleData>
		<SimpleData name="ZIP">20772</SimpleData>
		<SimpleData name="Address">8321 Old Marlboro Pike</SimpleData>
		<SimpleData name="StationName">Forestville Volunteer Fire Department Sta 23</SimpleData>
		<SimpleData name="State">MD</SimpleData>
		<SimpleData name="Type">Volunteer</SimpleData>
		<SimpleData name="Phone">301-736-7170</SimpleData>
		<SimpleData name="Fax">301-736-5796</SimpleData>
		<SimpleData name="Email">Forestville-vfd@erols.com</SimpleData>
		<SimpleData name="Website"></SimpleData>
		<SimpleData name="City">Upper Marlboro</SimpleData>
	</SchemaData></ExtendedData>
      <Point><coordinates>-76.862976848,38.8358850390001</coordinates></Point>
  </Placemark>
  <Placemark>
	<ExtendedData><SchemaData schemaUrl="#SAFE_MunicipalFireStations_MCAC">
		<SimpleData name="OBJECTID">172</SimpleData>
		<SimpleData name="County">Garrett County</SimpleData>
		<SimpleData name="ZIP">21531</SimpleData>
		<SimpleData name="Address">122 Walnut St</SimpleData>
		<SimpleData name="StationName">Friendsville Volunteer Fire And Rescue Department</SimpleData>
		<SimpleData name="State">MD</SimpleData>
		<SimpleData name="Type">Volunteer</SimpleData>
		<SimpleData name="Phone">301-746-5577</SimpleData>
		<SimpleData name="Fax">301-746-5195</SimpleData>
		<SimpleData name="Email"></SimpleData>
		<SimpleData name="Website">fire110.com</SimpleData>
		<SimpleData name="City">Friendsville</SimpleData>
	</SchemaData></ExtendedData>
      <Point><coordinates>-79.402974593,39.664625029</coordinates></Point>
  </Placemark>
  <Placemark>
	<ExtendedData><SchemaData schemaUrl="#SAFE_MunicipalFireStations_MCAC">
		<SimpleData name="OBJECTID">173</SimpleData>
		<SimpleData name="County">Allegany County</SimpleData>
		<SimpleData name="ZIP">21532</SimpleData>
		<SimpleData name="Address">75 S Water St</SimpleData>
		<SimpleData name="StationName">Frostburg Fire Department No. 1</SimpleData>
		<SimpleData name="State">MD</SimpleData>
		<SimpleData name="Type">Volunteer</SimpleData>
		<SimpleData name="Phone">301-689-8444</SimpleData>
		<SimpleData name="Fax">301-689-2938</SimpleData>
		<SimpleData name="Email">ffdfire1@hereintown.net</SimpleData>
		<SimpleData name="Website"></SimpleData>
		<SimpleData name="City">Frostburg</SimpleData>
	</SchemaData></ExtendedData>
      <Point><coordinates>-78.9323988359999,39.655840604</coordinates></Point>
  </Placemark>
  <Placemark>
	<ExtendedData><SchemaData schemaUrl="#SAFE_MunicipalFireStations_MCAC">
		<SimpleData name="OBJECTID">174</SimpleData>
		<SimpleData name="County">Allegany County</SimpleData>
		<SimpleData name="ZIP">21532</SimpleData>
		<SimpleData name="Address">86 W Main St</SimpleData>
		<SimpleData name="StationName">Frostburg Volunteer Fire Company / Ambulance Serv.</SimpleData>
		<SimpleData name="State">MD</SimpleData>
		<SimpleData name="Type">Volunteer</SimpleData>
		<SimpleData name="Phone">301-689-3356/57</SimpleData>
		<SimpleData name="Fax">301-689-1679</SimpleData>
		<SimpleData name="Email">co53@allconet.org</SimpleData>
		<SimpleData name="Website">frostburgambulance53.bravehost.com</SimpleData>
		<SimpleData name="City">Frostburg</SimpleData>
	</SchemaData></ExtendedData>
      <Point><coordinates>-78.9315575429999,39.659870432</coordinates></Point>
  </Placemark>
  <Placemark>
	<ExtendedData><SchemaData schemaUrl="#SAFE_MunicipalFireStations_MCAC">
		<SimpleData name="OBJECTID">175</SimpleData>
		<SimpleData name="County">Wicomico County</SimpleData>
		<SimpleData name="ZIP">21826</SimpleData>
		<SimpleData name="Address">104 E Main St</SimpleData>
		<SimpleData name="StationName">Fruitland Volunteer Fire Company</SimpleData>
		<SimpleData name="State">MD</SimpleData>
		<SimpleData name="Type">Volunteer</SimpleData>
		<SimpleData name="Phone">410-749-9421</SimpleData>
		<SimpleData name="Fax"></SimpleData>
		<SimpleData name="Email"></SimpleData>
		<SimpleData name="Website"></SimpleData>
		<SimpleData name="City">Fruitland</SimpleData>
	</SchemaData></ExtendedData>
      <Point><coordinates>-75.619354715,38.3212023930001</coordinates></Point>
  </Placemark>
  <Placemark>
	<ExtendedData><SchemaData schemaUrl="#SAFE_MunicipalFireStations_MCAC">
		<SimpleData name="OBJECTID">176</SimpleData>
		<SimpleData name="County">Washington County</SimpleData>
		<SimpleData name="ZIP">21734</SimpleData>
		<SimpleData name="Address">2 S Westside Ave</SimpleData>
		<SimpleData name="StationName">Funkstown Volunteer Fire Company</SimpleData>
		<SimpleData name="State">MD</SimpleData>
		<SimpleData name="Type">Volunteer</SimpleData>
		<SimpleData name="Phone">301-790-0090</SimpleData>
		<SimpleData name="Fax">301-739-5244</SimpleData>
		<SimpleData name="Email">fyfd10hose@aol.com</SimpleData>
		<SimpleData name="Website"></SimpleData>
		<SimpleData name="City">Funkstown</SimpleData>
	</SchemaData></ExtendedData>
      <Point><coordinates>-77.71091963,39.610143459</coordinates></Point>
  </Placemark>
  <Placemark>
	<ExtendedData><SchemaData schemaUrl="#SAFE_MunicipalFireStations_MCAC">
		<SimpleData name="OBJECTID">177</SimpleData>
		<SimpleData name="County">Montgomery County</SimpleData>
		<SimpleData name="ZIP">20879</SimpleData>
		<SimpleData name="Address">801 Russell Ave</SimpleData>
		<SimpleData name="StationName">Gaithersburg-Washington Grove Fire Department - Station 8</SimpleData>
		<SimpleData name="State">MD</SimpleData>
		<SimpleData name="Type">Volunteer</SimpleData>
		<SimpleData name="Phone">301-948-0660</SimpleData>
		<SimpleData name="Fax">301-948-6836</SimpleData>
		<SimpleData name="Email">cuzgwg@juno.com</SimpleData>
		<SimpleData name="Website">gwgvfd.com</SimpleData>
		<SimpleData name="City">Gaithersburg</SimpleData>
	</SchemaData></ExtendedData>
      <Point><coordinates>-77.209483453,39.155110311</coordinates></Point>
  </Placemark>
  <Placemark>
	<ExtendedData><SchemaData schemaUrl="#SAFE_MunicipalFireStations_MCAC">
		<SimpleData name="OBJECTID">178</SimpleData>
		<SimpleData name="County">Kent County</SimpleData>
		<SimpleData name="ZIP">21635</SimpleData>
		<SimpleData name="Address">90 E Cross St</SimpleData>
		<SimpleData name="StationName">Galena Volunteer Fire Company</SimpleData>
		<SimpleData name="State">MD</SimpleData>
		<SimpleData name="Type">Volunteer</SimpleData>
		<SimpleData name="Phone">410-648-5050</SimpleData>
		<SimpleData name="Fax">410-648-5906</SimpleData>
		<SimpleData name="Email">galenavfc@.net</SimpleData>
		<SimpleData name="Website"></SimpleData>
		<SimpleData name="City">Galena</SimpleData>
	</SchemaData></ExtendedData>
      <Point><coordinates>-75.872339175,39.3420020680001</coordinates></Point>
  </Placemark>
  <Placemark>
	<ExtendedData><SchemaData schemaUrl="#SAFE_MunicipalFireStations_MCAC">
		<SimpleData name="OBJECTID">179</SimpleData>
		<SimpleData name="County">Anne Arundel County</SimpleData>
		<SimpleData name="ZIP">20765</SimpleData>
		<SimpleData name="Address">954 Main St</SimpleData>
		<SimpleData name="StationName">Galesville Volunteer Fire Company</SimpleData>
		<SimpleData name="State">MD</SimpleData>
		<SimpleData name="Type">Volunteer</SimpleData>
		<SimpleData name="Phone"></SimpleData>
		<SimpleData name="Fax"></SimpleData>
		<SimpleData name="Email"></SimpleData>
		<SimpleData name="Website"></SimpleData>
		<SimpleData name="City">Galesville</SimpleData>
	</SchemaData></ExtendedData>
      <Point><coordinates>-76.5449326029999,38.84487692</coordinates></Point>
  </Placemark>
  <Placemark>
	<ExtendedData><SchemaData schemaUrl="#SAFE_MunicipalFireStations_MCAC">
		<SimpleData name="OBJECTID">180</SimpleData>
		<SimpleData name="County">Carroll County</SimpleData>
		<SimpleData name="ZIP">21048</SimpleData>
		<SimpleData name="Address">3838 Niner Road</SimpleData>
		<SimpleData name="StationName">Gamber And Community Fire Company</SimpleData>
		<SimpleData name="State">MD</SimpleData>
		<SimpleData name="Type">Volunteer</SimpleData>
		<SimpleData name="Phone">410-795-3456</SimpleData>
		<SimpleData name="Fax">410-795-0208</SimpleData>
		<SimpleData name="Email">info@gambervfd.org</SimpleData>
		<SimpleData name="Website">gambervfd.org</SimpleData>
		<SimpleData name="City">Finksburg</SimpleData>
	</SchemaData></ExtendedData>
      <Point><coordinates>-76.939693458,39.468523454</coordinates></Point>
  </Placemark>
  <Placemark>
	<ExtendedData><SchemaData schemaUrl="#SAFE_MunicipalFireStations_MCAC">
		<SimpleData name="OBJECTID">181</SimpleData>
		<SimpleData name="County">Allegany County</SimpleData>
		<SimpleData name="ZIP">21539</SimpleData>
		<SimpleData name="Address">19 E Union St</SimpleData>
		<SimpleData name="StationName">George’s Creek Ambulance Service</SimpleData>
		<SimpleData name="State">MD</SimpleData>
		<SimpleData name="Type">Volunteer</SimpleData>
		<SimpleData name="Phone">301-463-6122</SimpleData>
		<SimpleData name="Fax"></SimpleData>
		<SimpleData name="Email"></SimpleData>
		<SimpleData name="Website"></SimpleData>
		<SimpleData name="City">Lonaconing</SimpleData>
	</SchemaData></ExtendedData>
      <Point><coordinates>-78.979990361,39.565554385</coordinates></Point>
  </Placemark>
  <Placemark>
	<ExtendedData><SchemaData schemaUrl="#SAFE_MunicipalFireStations_MCAC">
		<SimpleData name="OBJECTID">182</SimpleData>
		<SimpleData name="County">Montgomery County</SimpleData>
		<SimpleData name="ZIP">20874</SimpleData>
		<SimpleData name="Address">20001 Crystal Rock Dr</SimpleData>
		<SimpleData name="StationName">Germantown Volunteer Fire Department - Station 29</SimpleData>
		<SimpleData name="State">MD</SimpleData>
		<SimpleData name="Type">Volunteer</SimpleData>
		<SimpleData name="Phone">301-253-0061</SimpleData>
		<SimpleData name="Fax">301-515-8764</SimpleData>
		<SimpleData name="Email">president@gvfd29.org</SimpleData>
		<SimpleData name="Website">www.gvfd29.org</SimpleData>
		<SimpleData name="City">Germantown</SimpleData>
	</SchemaData></ExtendedData>
      <Point><coordinates>-77.26406277,39.184516037</coordinates></Point>
  </Placemark>
  <Placemark>
	<ExtendedData><SchemaData schemaUrl="#SAFE_MunicipalFireStations_MCAC">
		<SimpleData name="OBJECTID">183</SimpleData>
		<SimpleData name="County">Worcester County</SimpleData>
		<SimpleData name="ZIP">21829</SimpleData>
		<SimpleData name="Address">2739 Snow Hill Road</SimpleData>
		<SimpleData name="StationName">Girdletree Volunteer Fire Department</SimpleData>
		<SimpleData name="State">MD</SimpleData>
		<SimpleData name="Type">Volunteer</SimpleData>
		<SimpleData name="Phone">410-632-2128</SimpleData>
		<SimpleData name="Fax">410-632-5664</SimpleData>
		<SimpleData name="Email">info@girdletree.org</SimpleData>
		<SimpleData name="Website">www.dmvweb.com/gvfc</SimpleData>
		<SimpleData name="City">Girdletree</SimpleData>
	</SchemaData></ExtendedData>
      <Point><coordinates>-75.397927908,38.093040839</coordinates></Point>
  </Placemark>
  <Placemark>
	<ExtendedData><SchemaData schemaUrl="#SAFE_MunicipalFireStations_MCAC">
		<SimpleData name="OBJECTID">184</SimpleData>
		<SimpleData name="County">Anne Arundel County</SimpleData>
		<SimpleData name="ZIP">21061</SimpleData>
		<SimpleData name="Address">15 Central Ave</SimpleData>
		<SimpleData name="StationName">Glen Burnie Volunteer Fire Company</SimpleData>
		<SimpleData name="State">MD</SimpleData>
		<SimpleData name="Type">Volunteer</SimpleData>
		<SimpleData name="Phone">410-766-5153</SimpleData>
		<SimpleData name="Fax"></SimpleData>
		<SimpleData name="Email"></SimpleData>
		<SimpleData name="Website"></SimpleData>
		<SimpleData name="City">Glen Burnie</SimpleData>
	</SchemaData></ExtendedData>
      <Point><coordinates>-76.626958782,39.1640437780001</coordinates></Point>
  </Placemark>
  <Placemark>
	<ExtendedData><SchemaData schemaUrl="#SAFE_MunicipalFireStations_MCAC">
		<SimpleData name="OBJECTID">185</SimpleData>
		<SimpleData name="County">Prince George's County</SimpleData>
		<SimpleData name="ZIP">20769</SimpleData>
		<SimpleData name="Address">11900 Glenn Dale Blvd</SimpleData>
		<SimpleData name="StationName">Glen Dale Fire Association</SimpleData>
		<SimpleData name="State">MD</SimpleData>
		<SimpleData name="Type">Volunteer</SimpleData>
		<SimpleData name="Phone">301-805-2400</SimpleData>
		<SimpleData name="Fax">301-805-2438</SimpleData>
		<SimpleData name="Email"></SimpleData>
		<SimpleData name="Website">www.gdvfd18.com</SimpleData>
		<SimpleData name="City">Glenn Dale</SimpleData>
	</SchemaData></ExtendedData>
      <Point><coordinates>-76.799385247,38.975348045</coordinates></Point>
  </Placemark>
  <Placemark>
	<ExtendedData><SchemaData schemaUrl="#SAFE_MunicipalFireStations_MCAC">
		<SimpleData name="OBJECTID">186</SimpleData>
		<SimpleData name="County">Montgomery County</SimpleData>
		<SimpleData name="ZIP">20816</SimpleData>
		<SimpleData name="Address">5920 Massachusetts Ave</SimpleData>
		<SimpleData name="StationName">Glen Echo Fire Department - Station 11</SimpleData>
		<SimpleData name="State">MD</SimpleData>
		<SimpleData name="Type">Volunteer</SimpleData>
		<SimpleData name="Phone">301-229-9766</SimpleData>
		<SimpleData name="Fax"></SimpleData>
		<SimpleData name="Email"></SimpleData>
		<SimpleData name="Website"></SimpleData>
		<SimpleData name="City">Bethesda</SimpleData>
	</SchemaData></ExtendedData>
      <Point><coordinates>-77.1209229089999,38.962948066</coordinates></Point>
  </Placemark>
  <Placemark>
	<ExtendedData><SchemaData schemaUrl="#SAFE_MunicipalFireStations_MCAC">
		<SimpleData name="OBJECTID">187</SimpleData>
		<SimpleData name="County">Baltimore County</SimpleData>
		<SimpleData name="ZIP">21071</SimpleData>
		<SimpleData name="Address">4812 Butler Road</SimpleData>
		<SimpleData name="StationName">Glyndon Volunteer Fire Department</SimpleData>
		<SimpleData name="State">MD</SimpleData>
		<SimpleData name="Type">Volunteer</SimpleData>
		<SimpleData name="Phone">410-833-1262</SimpleData>
		<SimpleData name="Fax">410-833-7362</SimpleData>
		<SimpleData name="Email"></SimpleData>
		<SimpleData name="Website">GVFD40.org</SimpleData>
		<SimpleData name="City">Glyndon</SimpleData>
	</SchemaData></ExtendedData>
      <Point><coordinates>-76.81862804,39.4762269440001</coordinates></Point>
  </Placemark>
  <Placemark>
	<ExtendedData><SchemaData schemaUrl="#SAFE_MunicipalFireStations_MCAC">
		<SimpleData name="OBJECTID">188</SimpleData>
		<SimpleData name="County">Caroline County</SimpleData>
		<SimpleData name="ZIP">21636</SimpleData>
		<SimpleData name="Address">700 Old Line Road</SimpleData>
		<SimpleData name="StationName">Goldsboro Volunteer Fire Company</SimpleData>
		<SimpleData name="State">MD</SimpleData>
		<SimpleData name="Type">Volunteer</SimpleData>
		<SimpleData name="Phone">410-482-6196</SimpleData>
		<SimpleData name="Fax">410-482-8358</SimpleData>
		<SimpleData name="Email">goldsborofirecompany@yahoo.com</SimpleData>
		<SimpleData name="Website"></SimpleData>
		<SimpleData name="City">Goldsboro</SimpleData>
	</SchemaData></ExtendedData>
      <Point><coordinates>-75.788609557,39.0396272070001</coordinates></Point>
  </Placemark>
  <Placemark>
	<ExtendedData><SchemaData schemaUrl="#SAFE_MunicipalFireStations_MCAC">
		<SimpleData name="OBJECTID">189</SimpleData>
		<SimpleData name="County">Queen Anne's County</SimpleData>
		<SimpleData name="ZIP">21617</SimpleData>
		<SimpleData name="Address">212 Broadway</SimpleData>
		<SimpleData name="StationName">Good Will Fire Company</SimpleData>
		<SimpleData name="State">MD</SimpleData>
		<SimpleData name="Type">Volunteer</SimpleData>
		<SimpleData name="Phone">410-758-1422</SimpleData>
		<SimpleData name="Fax"></SimpleData>
		<SimpleData name="Email"></SimpleData>
		<SimpleData name="Website"></SimpleData>
		<SimpleData name="City">Centreville</SimpleData>
	</SchemaData></ExtendedData>
      <Point><coordinates>-76.066289276,39.0461699860001</coordinates></Point>
  </Placemark>
  <Placemark>
	<ExtendedData><SchemaData schemaUrl="#SAFE_MunicipalFireStations_MCAC">
		<SimpleData name="OBJECTID">190</SimpleData>
		<SimpleData name="County">Allegany County</SimpleData>
		<SimpleData name="ZIP">21539</SimpleData>
		<SimpleData name="Address">12 Douglas Ave</SimpleData>
		<SimpleData name="StationName">Good Will Fire Company No. 1</SimpleData>
		<SimpleData name="State">MD</SimpleData>
		<SimpleData name="Type">Volunteer</SimpleData>
		<SimpleData name="Phone"></SimpleData>
		<SimpleData name="Fax"></SimpleData>
		<SimpleData name="Email"></SimpleData>
		<SimpleData name="Website"></SimpleData>
		<SimpleData name="City">Lonaconing</SimpleData>
	</SchemaData></ExtendedData>
      <Point><coordinates>-78.980559189,39.5672904</coordinates></Point>
  </Placemark>
  <Placemark>
	<ExtendedData><SchemaData schemaUrl="#SAFE_MunicipalFireStations_MCAC">
		<SimpleData name="OBJECTID">191</SimpleData>
		<SimpleData name="County">Allegany County</SimpleData>
		<SimpleData name="ZIP">21539</SimpleData>
		<SimpleData name="Address">6 Douglas Ave</SimpleData>
		<SimpleData name="StationName">Goodwill Volunteer Fire Company No. 1</SimpleData>
		<SimpleData name="State">MD</SimpleData>
		<SimpleData name="Type">Volunteer</SimpleData>
		<SimpleData name="Phone">301-463-2275</SimpleData>
		<SimpleData name="Fax"></SimpleData>
		<SimpleData name="Email"></SimpleData>
		<SimpleData name="Website"></SimpleData>
		<SimpleData name="City">Lonaconing</SimpleData>
	</SchemaData></ExtendedData>
      <Point><coordinates>-78.980126953,39.5672179800001</coordinates></Point>
  </Placemark>
  <Placemark>
	<ExtendedData><SchemaData schemaUrl="#SAFE_MunicipalFireStations_MCAC">
		<SimpleData name="OBJECTID">192</SimpleData>
		<SimpleData name="County">Garrett County</SimpleData>
		<SimpleData name="ZIP">21550</SimpleData>
		<SimpleData name="Address">270 Gorman Road</SimpleData>
		<SimpleData name="StationName">Gorman Volunteer Fire Department</SimpleData>
		<SimpleData name="State">MD</SimpleData>
		<SimpleData name="Type">Volunteer</SimpleData>
		<SimpleData name="Phone">301-334-1600</SimpleData>
		<SimpleData name="Fax">301-334-1392</SimpleData>
		<SimpleData name="Email">hneel01@earthlink.net</SimpleData>
		<SimpleData name="Website"></SimpleData>
		<SimpleData name="City">Oakland</SimpleData>
	</SchemaData></ExtendedData>
      <Point><coordinates>-79.347026918,39.2967487810001</coordinates></Point>
  </Placemark>
  <Placemark>
	<ExtendedData><SchemaData schemaUrl="#SAFE_MunicipalFireStations_MCAC">
		<SimpleData name="OBJECTID">193</SimpleData>
		<SimpleData name="County">Frederick County</SimpleData>
		<SimpleData name="ZIP">21788</SimpleData>
		<SimpleData name="Address">14026 Graceham Road</SimpleData>
		<SimpleData name="StationName">Graceham Volunteer Fire Company</SimpleData>
		<SimpleData name="State">MD</SimpleData>
		<SimpleData name="Type">Volunteer</SimpleData>
		<SimpleData name="Phone">301-271-2000</SimpleData>
		<SimpleData name="Fax"></SimpleData>
		<SimpleData name="Email"></SimpleData>
		<SimpleData name="Website"></SimpleData>
		<SimpleData name="City">Thrumont</SimpleData>
	</SchemaData></ExtendedData>
      <Point><coordinates>-77.3833536069999,39.618805023</coordinates></Point>
  </Placemark>
  <Placemark>
	<ExtendedData><SchemaData schemaUrl="#SAFE_MunicipalFireStations_MCAC">
		<SimpleData name="OBJECTID">194</SimpleData>
		<SimpleData name="County">Garrett County</SimpleData>
		<SimpleData name="ZIP">21536</SimpleData>
		<SimpleData name="Address">107 Miller St</SimpleData>
		<SimpleData name="StationName">Grantsville Volunteer Fire Department</SimpleData>
		<SimpleData name="State">MD</SimpleData>
		<SimpleData name="Type">Volunteer</SimpleData>
		<SimpleData name="Phone"></SimpleData>
		<SimpleData name="Fax"></SimpleData>
		<SimpleData name="Email"></SimpleData>
		<SimpleData name="Website"></SimpleData>
		<SimpleData name="City">Grantsville</SimpleData>
	</SchemaData></ExtendedData>
      <Point><coordinates>-79.150667116,39.6969340220001</coordinates></Point>
  </Placemark>
  <Placemark>
	<ExtendedData><SchemaData schemaUrl="#SAFE_MunicipalFireStations_MCAC">
		<SimpleData name="OBJECTID">195</SimpleData>
		<SimpleData name="County">Garrett County</SimpleData>
		<SimpleData name="ZIP">21536</SimpleData>
		<SimpleData name="Address">178 Springs Road</SimpleData>
		<SimpleData name="StationName">Grantsville Volunteer Fire Department</SimpleData>
		<SimpleData name="State">MD</SimpleData>
		<SimpleData name="Type">Volunteer</SimpleData>
		<SimpleData name="Phone">301-895-5200</SimpleData>
		<SimpleData name="Fax"></SimpleData>
		<SimpleData name="Email"></SimpleData>
		<SimpleData name="Website"></SimpleData>
		<SimpleData name="City">Grantsville</SimpleData>
	</SchemaData></ExtendedData>
      <Point><coordinates>-79.160705679,39.7016284430001</coordinates></Point>
  </Placemark>
  <Placemark>
	<ExtendedData><SchemaData schemaUrl="#SAFE_MunicipalFireStations_MCAC">
		<SimpleData name="OBJECTID">196</SimpleData>
		<SimpleData name="County">Queen Anne's County</SimpleData>
		<SimpleData name="ZIP">21638</SimpleData>
		<SimpleData name="Address">4128 Main St</SimpleData>
		<SimpleData name="StationName">Grasonville Volunteer Fire Department</SimpleData>
		<SimpleData name="State">MD</SimpleData>
		<SimpleData name="Type">Volunteer</SimpleData>
		<SimpleData name="Phone">410-827-8100</SimpleData>
		<SimpleData name="Fax"></SimpleData>
		<SimpleData name="Email"></SimpleData>
		<SimpleData name="Website"></SimpleData>
		<SimpleData name="City">Grasonville</SimpleData>
	</SchemaData></ExtendedData>
      <Point><coordinates>-76.211586607,38.9581566210001</coordinates></Point>
  </Placemark>
  <Placemark>
	<ExtendedData><SchemaData schemaUrl="#SAFE_MunicipalFireStations_MCAC">
		<SimpleData name="OBJECTID">197</SimpleData>
		<SimpleData name="County">Prince George's County</SimpleData>
		<SimpleData name="ZIP">20770</SimpleData>
		<SimpleData name="Address">125 Crescent Road</SimpleData>
		<SimpleData name="StationName">Greenbelt Volunteer Fire Department Sta 35</SimpleData>
		<SimpleData name="State">MD</SimpleData>
		<SimpleData name="Type">Volunteer</SimpleData>
		<SimpleData name="Phone">301-345-7000</SimpleData>
		<SimpleData name="Fax">301-345-0530</SimpleData>
		<SimpleData name="Email">gvfdrs@aol.com</SimpleData>
		<SimpleData name="Website">engine35.com</SimpleData>
		<SimpleData name="City">Greenbelt</SimpleData>
	</SchemaData></ExtendedData>
      <Point><coordinates>-76.87819401,39.004380789</coordinates></Point>
  </Placemark>
  <Placemark>
	<ExtendedData><SchemaData schemaUrl="#SAFE_MunicipalFireStations_MCAC">
		<SimpleData name="OBJECTID">198</SimpleData>
		<SimpleData name="County">Caroline County</SimpleData>
		<SimpleData name="ZIP">21639</SimpleData>
		<SimpleData name="Address">109 N Main St</SimpleData>
		<SimpleData name="StationName">Greensboro Volunteer Fire Company</SimpleData>
		<SimpleData name="State">MD</SimpleData>
		<SimpleData name="Type">Volunteer</SimpleData>
		<SimpleData name="Phone">410-482-8420</SimpleData>
		<SimpleData name="Fax"></SimpleData>
		<SimpleData name="Email"></SimpleData>
		<SimpleData name="Website"></SimpleData>
		<SimpleData name="City">Greensboro</SimpleData>
	</SchemaData></ExtendedData>
      <Point><coordinates>-75.805350741,38.974396611</coordinates></Point>
  </Placemark>
  <Placemark>
	<ExtendedData><SchemaData schemaUrl="#SAFE_MunicipalFireStations_MCAC">
		<SimpleData name="OBJECTID">199</SimpleData>
		<SimpleData name="County">Frederick County</SimpleData>
		<SimpleData name="ZIP">21788</SimpleData>
		<SimpleData name="Address">21 N Church St</SimpleData>
		<SimpleData name="StationName">Guardian Hose Company</SimpleData>
		<SimpleData name="State">MD</SimpleData>
		<SimpleData name="Type">Volunteer</SimpleData>
		<SimpleData name="Phone">301-271-3413</SimpleData>
		<SimpleData name="Fax">301-271-4990</SimpleData>
		<SimpleData name="Email">guardianhose@net2vu.com</SimpleData>
		<SimpleData name="Website">guardianhose.org</SimpleData>
		<SimpleData name="City">Thurmont</SimpleData>
	</SchemaData></ExtendedData>
      <Point><coordinates>-77.411356747,39.6249711070001</coordinates></Point>
  </Placemark>
  <Placemark>
	<ExtendedData><SchemaData schemaUrl="#SAFE_MunicipalFireStations_MCAC">
		<SimpleData name="OBJECTID">200</SimpleData>
		<SimpleData name="County">Cecil County</SimpleData>
		<SimpleData name="ZIP">21919</SimpleData>
		<SimpleData name="Address">1185 Glebe Road</SimpleData>
		<SimpleData name="StationName">Hacks Point Volunteer Fire Company</SimpleData>
		<SimpleData name="State">MD</SimpleData>
		<SimpleData name="Type">Volunteer</SimpleData>
		<SimpleData name="Phone">410-275-8308</SimpleData>
		<SimpleData name="Fax">410-275-9018</SimpleData>
		<SimpleData name="Email"></SimpleData>
		<SimpleData name="Website"></SimpleData>
		<SimpleData name="City">Earleville</SimpleData>
	</SchemaData></ExtendedData>
      <Point><coordinates>-75.8922113789999,39.4608900220001</coordinates></Point>
  </Placemark>
  <Placemark>
	<ExtendedData><SchemaData schemaUrl="#SAFE_MunicipalFireStations_MCAC">
		<SimpleData name="OBJECTID">201</SimpleData>
		<SimpleData name="County">Washington County</SimpleData>
		<SimpleData name="ZIP">21740</SimpleData>
		<SimpleData name="Address">25 Church St</SimpleData>
		<SimpleData name="StationName">Hagerstown Fire Department</SimpleData>
		<SimpleData name="State">MD</SimpleData>
		<SimpleData name="Type">Career and Volunteer</SimpleData>
		<SimpleData name="Phone"></SimpleData>
		<SimpleData name="Fax"></SimpleData>
		<SimpleData name="Email"></SimpleData>
		<SimpleData name="Website"></SimpleData>
		<SimpleData name="City">Hagerstown</SimpleData>
	</SchemaData></ExtendedData>
      <Point><coordinates>-77.719628094,39.644841469</coordinates></Point>
  </Placemark>
  <Placemark>
	<ExtendedData><SchemaData schemaUrl="#SAFE_MunicipalFireStations_MCAC">
		<SimpleData name="OBJECTID">202</SimpleData>
		<SimpleData name="County">Carroll County</SimpleData>
		<SimpleData name="ZIP">21074</SimpleData>
		<SimpleData name="Address">1341 N Main St</SimpleData>
		<SimpleData name="StationName">Hampstead Volunteer Fire Company</SimpleData>
		<SimpleData name="State">MD</SimpleData>
		<SimpleData name="Type">Volunteer</SimpleData>
		<SimpleData name="Phone">410-239-4280</SimpleData>
		<SimpleData name="Fax"></SimpleData>
		<SimpleData name="Email"></SimpleData>
		<SimpleData name="Website"></SimpleData>
		<SimpleData name="City">Hampstead</SimpleData>
	</SchemaData></ExtendedData>
      <Point><coordinates>-76.8518100859999,39.6103552100001</coordinates></Point>
  </Placemark>
  <Placemark>
	<ExtendedData><SchemaData schemaUrl="#SAFE_MunicipalFireStations_MCAC">
		<SimpleData name="OBJECTID">203</SimpleData>
		<SimpleData name="County">Washington County</SimpleData>
		<SimpleData name="ZIP">21750</SimpleData>
		<SimpleData name="Address">57 E Main St</SimpleData>
		<SimpleData name="StationName">Hancock Rescue Squad</SimpleData>
		<SimpleData name="State">MD</SimpleData>
		<SimpleData name="Type">Career and Volunteer</SimpleData>
		<SimpleData name="Phone">301-678-6774</SimpleData>
		<SimpleData name="Fax"></SimpleData>
		<SimpleData name="Email"></SimpleData>
		<SimpleData name="Website"></SimpleData>
		<SimpleData name="City">Hancock</SimpleData>
	</SchemaData></ExtendedData>
      <Point><coordinates>-78.1736350479999,39.697740374</coordinates></Point>
  </Placemark>
  <Placemark>
	<ExtendedData><SchemaData schemaUrl="#SAFE_MunicipalFireStations_MCAC">
		<SimpleData name="OBJECTID">204</SimpleData>
		<SimpleData name="County">Washington County</SimpleData>
		<SimpleData name="ZIP">21750</SimpleData>
		<SimpleData name="Address">3 Fulton St</SimpleData>
		<SimpleData name="StationName">Hancock Volunteer Fire Company, Inc</SimpleData>
		<SimpleData name="State">MD</SimpleData>
		<SimpleData name="Type">Volunteer</SimpleData>
		<SimpleData name="Phone">301-678-7739</SimpleData>
		<SimpleData name="Fax"></SimpleData>
		<SimpleData name="Email"></SimpleData>
		<SimpleData name="Website"></SimpleData>
		<SimpleData name="City">Hancock</SimpleData>
	</SchemaData></ExtendedData>
      <Point><coordinates>-78.1804320529999,39.6999598890001</coordinates></Point>
  </Placemark>
  <Placemark>
	<ExtendedData><SchemaData schemaUrl="#SAFE_MunicipalFireStations_MCAC">
		<SimpleData name="OBJECTID">205</SimpleData>
		<SimpleData name="County">Anne Arundel County</SimpleData>
		<SimpleData name="ZIP">21076</SimpleData>
		<SimpleData name="Address">1367 Dorsey Road</SimpleData>
		<SimpleData name="StationName">Harmans/Dorsey Fire Station</SimpleData>
		<SimpleData name="State">MD</SimpleData>
		<SimpleData name="Type">Career</SimpleData>
		<SimpleData name="Phone"></SimpleData>
		<SimpleData name="Fax"></SimpleData>
		<SimpleData name="Email"></SimpleData>
		<SimpleData name="Website"></SimpleData>
		<SimpleData name="City">Hanover</SimpleData>
	</SchemaData></ExtendedData>
      <Point><coordinates>-76.7127237729999,39.1583006930001</coordinates></Point>
  </Placemark>
  <Placemark>
	<ExtendedData><SchemaData schemaUrl="#SAFE_MunicipalFireStations_MCAC">
		<SimpleData name="OBJECTID">206</SimpleData>
		<SimpleData name="County">Carroll County</SimpleData>
		<SimpleData name="ZIP">21787</SimpleData>
		<SimpleData name="Address">5130 Harney Road</SimpleData>
		<SimpleData name="StationName">Harney Volunteer Fire Company</SimpleData>
		<SimpleData name="State">MD</SimpleData>
		<SimpleData name="Type">Volunteer</SimpleData>
		<SimpleData name="Phone">410-756-6464</SimpleData>
		<SimpleData name="Fax"></SimpleData>
		<SimpleData name="Email"></SimpleData>
		<SimpleData name="Website"></SimpleData>
		<SimpleData name="City">Taneytown</SimpleData>
	</SchemaData></ExtendedData>
      <Point><coordinates>-77.2077498099999,39.716874816</coordinates></Point>
  </Placemark>
  <Placemark>
	<ExtendedData><SchemaData schemaUrl="#SAFE_MunicipalFireStations_MCAC">
		<SimpleData name="OBJECTID">207</SimpleData>
		<SimpleData name="County">Anne Arundel County</SimpleData>
		<SimpleData name="ZIP">20711</SimpleData>
		<SimpleData name="Address">5165 Solomons Island Road</SimpleData>
		<SimpleData name="StationName">Harwood/Lothian Volunteer Fire Company</SimpleData>
		<SimpleData name="State">MD</SimpleData>
		<SimpleData name="Type">Volunteer</SimpleData>
		<SimpleData name="Phone"></SimpleData>
		<SimpleData name="Fax"></SimpleData>
		<SimpleData name="Email"></SimpleData>
		<SimpleData name="Website"></SimpleData>
		<SimpleData name="City">Lothian</SimpleData>
	</SchemaData></ExtendedData>
      <Point><coordinates>-76.61389896,38.827528219</coordinates></Point>
  </Placemark>
  <Placemark>
	<ExtendedData><SchemaData schemaUrl="#SAFE_MunicipalFireStations_MCAC">
		<SimpleData name="OBJECTID">208</SimpleData>
		<SimpleData name="County">Harford County</SimpleData>
		<SimpleData name="ZIP">21078</SimpleData>
		<SimpleData name="Address">1601 Level Rd</SimpleData>
		<SimpleData name="StationName">Havre De Grace Ambulance Corps</SimpleData>
		<SimpleData name="State">MD</SimpleData>
		<SimpleData name="Type">Volunteer</SimpleData>
		<SimpleData name="Phone">410-939-6658</SimpleData>
		<SimpleData name="Fax"></SimpleData>
		<SimpleData name="Email"></SimpleData>
		<SimpleData name="Website"></SimpleData>
		<SimpleData name="City">Havre De Grace</SimpleData>
	</SchemaData></ExtendedData>
      <Point><coordinates>-76.116461622,39.562796769</coordinates></Point>
  </Placemark>
  <Placemark>
	<ExtendedData><SchemaData schemaUrl="#SAFE_MunicipalFireStations_MCAC">
		<SimpleData name="OBJECTID">209</SimpleData>
		<SimpleData name="County">Wicomico County</SimpleData>
		<SimpleData name="ZIP">21830</SimpleData>
		<SimpleData name="Address">200 N Main St</SimpleData>
		<SimpleData name="StationName">Hebron Volunteer Fire Department</SimpleData>
		<SimpleData name="State">MD</SimpleData>
		<SimpleData name="Type">Volunteer</SimpleData>
		<SimpleData name="Phone"></SimpleData>
		<SimpleData name="Fax"></SimpleData>
		<SimpleData name="Email"></SimpleData>
		<SimpleData name="Website"></SimpleData>
		<SimpleData name="City">Hebron</SimpleData>
	</SchemaData></ExtendedData>
      <Point><coordinates>-75.688238099,38.41957833</coordinates></Point>
  </Placemark>
  <Placemark>
	<ExtendedData><SchemaData schemaUrl="#SAFE_MunicipalFireStations_MCAC">
		<SimpleData name="OBJECTID">210</SimpleData>
		<SimpleData name="County">Anne Arundel County</SimpleData>
		<SimpleData name="ZIP">21032</SimpleData>
		<SimpleData name="Address">401 Hall Road</SimpleData>
		<SimpleData name="StationName">Herald Harbor Volunteer Fire Company</SimpleData>
		<SimpleData name="State">MD</SimpleData>
		<SimpleData name="Type">Volunteer</SimpleData>
		<SimpleData name="Phone">410-923-3990</SimpleData>
		<SimpleData name="Fax"></SimpleData>
		<SimpleData name="Email"></SimpleData>
		<SimpleData name="Website"></SimpleData>
		<SimpleData name="City">Crownsville</SimpleData>
	</SchemaData></ExtendedData>
      <Point><coordinates>-76.5745142229999,39.049394281</coordinates></Point>
  </Placemark>
  <Placemark>
	<ExtendedData><SchemaData schemaUrl="#SAFE_MunicipalFireStations_MCAC">
		<SimpleData name="OBJECTID">211</SimpleData>
		<SimpleData name="County">Baltimore County</SimpleData>
		<SimpleData name="ZIP">21111</SimpleData>
		<SimpleData name="Address">901 Monkton Road</SimpleData>
		<SimpleData name="StationName">Hereford Ems Rescue / Volunteer Fire Dep Station 44</SimpleData>
		<SimpleData name="State">MD</SimpleData>
		<SimpleData name="Type">Volunteer</SimpleData>
		<SimpleData name="Phone">410-887-1935</SimpleData>
		<SimpleData name="Fax">410-343-2021</SimpleData>
		<SimpleData name="Email">mfo@herefordemsrescue.org</SimpleData>
		<SimpleData name="Website">herefordemsrescue.org</SimpleData>
		<SimpleData name="City">Monkton</SimpleData>
	</SchemaData></ExtendedData>
      <Point><coordinates>-76.6481040529999,39.590247246</coordinates></Point>
  </Placemark>
  <Placemark>
	<ExtendedData><SchemaData schemaUrl="#SAFE_MunicipalFireStations_MCAC">
		<SimpleData name="OBJECTID">212</SimpleData>
		<SimpleData name="County">Baltimore County</SimpleData>
		<SimpleData name="ZIP">21111</SimpleData>
		<SimpleData name="Address">510 Monkton Road</SimpleData>
		<SimpleData name="StationName">Hereford Volunteer Fire Company</SimpleData>
		<SimpleData name="State">MD</SimpleData>
		<SimpleData name="Type">Volunteer</SimpleData>
		<SimpleData name="Phone">410-887-1934</SimpleData>
		<SimpleData name="Fax">410-357-4443</SimpleData>
		<SimpleData name="Email"></SimpleData>
		<SimpleData name="Website">herefordfire.org</SimpleData>
		<SimpleData name="City">Monkton</SimpleData>
	</SchemaData></ExtendedData>
      <Point><coordinates>-76.662018444,39.5894093430001</coordinates></Point>
  </Placemark>
  <Placemark>
	<ExtendedData><SchemaData schemaUrl="#SAFE_MunicipalFireStations_MCAC">
		<SimpleData name="OBJECTID">213</SimpleData>
		<SimpleData name="County">Montgomery County</SimpleData>
		<SimpleData name="ZIP">20903</SimpleData>
		<SimpleData name="Address">10617 New Hampshire Ave</SimpleData>
		<SimpleData name="StationName">Hillandale Volunteer Fire Department - Station 12</SimpleData>
		<SimpleData name="State">MD</SimpleData>
		<SimpleData name="Type">Volunteer</SimpleData>
		<SimpleData name="Phone">301-434-2400</SimpleData>
		<SimpleData name="Fax">301-434-8152</SimpleData>
		<SimpleData name="Email">hvfdmail@yahoo.com</SimpleData>
		<SimpleData name="Website">hvfd.org</SimpleData>
		<SimpleData name="City">Silver Spring</SimpleData>
	</SchemaData></ExtendedData>
      <Point><coordinates>-76.983188566,39.030276305</coordinates></Point>
  </Placemark>
  <Placemark>
	<ExtendedData><SchemaData schemaUrl="#SAFE_MunicipalFireStations_MCAC">
		<SimpleData name="OBJECTID">214</SimpleData>
		<SimpleData name="County">Saint Mary's County</SimpleData>
		<SimpleData name="ZIP">20636</SimpleData>
		<SimpleData name="Address">24801 Three Notch Road</SimpleData>
		<SimpleData name="StationName">Hollywood Volunteer Fire Department</SimpleData>
		<SimpleData name="State">MD</SimpleData>
		<SimpleData name="Type">Volunteer</SimpleData>
		<SimpleData name="Phone">301-373-2900</SimpleData>
		<SimpleData name="Fax">301-373-8772</SimpleData>
		<SimpleData name="Email"></SimpleData>
		<SimpleData name="Website">hvfd7.com</SimpleData>
		<SimpleData name="City">Hollywood</SimpleData>
	</SchemaData></ExtendedData>
      <Point><coordinates>-76.577180154,38.3487832920001</coordinates></Point>
  </Placemark>
  <Placemark>
	<ExtendedData><SchemaData schemaUrl="#SAFE_MunicipalFireStations_MCAC">
		<SimpleData name="OBJECTID">215</SimpleData>
		<SimpleData name="County">Saint Mary's County</SimpleData>
		<SimpleData name="ZIP">20636</SimpleData>
		<SimpleData name="Address">43256 Rescue Ln</SimpleData>
		<SimpleData name="StationName">Hollywood Volunteer Rescue Squad</SimpleData>
		<SimpleData name="State">MD</SimpleData>
		<SimpleData name="Type">Volunteer</SimpleData>
		<SimpleData name="Phone">301-373-3131</SimpleData>
		<SimpleData name="Fax"></SimpleData>
		<SimpleData name="Email"></SimpleData>
		<SimpleData name="Website"></SimpleData>
		<SimpleData name="City">Hollywood</SimpleData>
	</SchemaData></ExtendedData>
      <Point><coordinates>-76.5799890489999,38.3526760390001</coordinates></Point>
  </Placemark>
  <Placemark>
	<ExtendedData><SchemaData schemaUrl="#SAFE_MunicipalFireStations_MCAC">
		<SimpleData name="OBJECTID">216</SimpleData>
		<SimpleData name="County">Dorchester County</SimpleData>
		<SimpleData name="ZIP">21634</SimpleData>
		<SimpleData name="Address">2500 Old House Point Road</SimpleData>
		<SimpleData name="StationName">Hoopers Island Volunteer Fire Department</SimpleData>
		<SimpleData name="State">MD</SimpleData>
		<SimpleData name="Type">Volunteer</SimpleData>
		<SimpleData name="Phone">410-397-3311</SimpleData>
		<SimpleData name="Fax">410-397-3024</SimpleData>
		<SimpleData name="Email">hivfc@safe.quik.com</SimpleData>
		<SimpleData name="Website"></SimpleData>
		<SimpleData name="City">Fishing Creek</SimpleData>
	</SchemaData></ExtendedData>
      <Point><coordinates>-76.221520836,38.317191585</coordinates></Point>
  </Placemark>
  <Placemark>
	<ExtendedData><SchemaData schemaUrl="#SAFE_MunicipalFireStations_MCAC">
		<SimpleData name="OBJECTID">217</SimpleData>
		<SimpleData name="County">Charles County</SimpleData>
		<SimpleData name="ZIP">20637</SimpleData>
		<SimpleData name="Address">15245 Prince Frederick Road</SimpleData>
		<SimpleData name="StationName">Hughesville Volunteer Fire Department And Rescue Squad</SimpleData>
		<SimpleData name="State">MD</SimpleData>
		<SimpleData name="Type">Volunteer</SimpleData>
		<SimpleData name="Phone">301-274-4488</SimpleData>
		<SimpleData name="Fax">301-274-9729</SimpleData>
		<SimpleData name="Email">rosej@nswc.navy.mil</SimpleData>
		<SimpleData name="Website"></SimpleData>
		<SimpleData name="City">Hughesville</SimpleData>
	</SchemaData></ExtendedData>
      <Point><coordinates>-76.781529587,38.532800846</coordinates></Point>
  </Placemark>
  <Placemark>
	<ExtendedData><SchemaData schemaUrl="#SAFE_MunicipalFireStations_MCAC">
		<SimpleData name="OBJECTID">218</SimpleData>
		<SimpleData name="County">Calvert County</SimpleData>
		<SimpleData name="ZIP">20639</SimpleData>
		<SimpleData name="Address">4030 Old Town Road</SimpleData>
		<SimpleData name="StationName">Huntingtown Volunteer Fire Department And Rescue Squad</SimpleData>
		<SimpleData name="State">MD</SimpleData>
		<SimpleData name="Type">Volunteer</SimpleData>
		<SimpleData name="Phone">410-535-3111</SimpleData>
		<SimpleData name="Fax">410-535-4438</SimpleData>
		<SimpleData name="Email">huntingtownvfd@chesapeake.net</SimpleData>
		<SimpleData name="Website">www.hvfd6.org</SimpleData>
		<SimpleData name="City">Huntingtown</SimpleData>
	</SchemaData></ExtendedData>
      <Point><coordinates>-76.614035399,38.6185346820001</coordinates></Point>
  </Placemark>
  <Placemark>
	<ExtendedData><SchemaData schemaUrl="#SAFE_MunicipalFireStations_MCAC">
		<SimpleData name="OBJECTID">219</SimpleData>
		<SimpleData name="County">Dorchester County</SimpleData>
		<SimpleData name="ZIP">21643</SimpleData>
		<SimpleData name="Address">300 Charles St</SimpleData>
		<SimpleData name="StationName">Hurlock Volunteer Fire Company</SimpleData>
		<SimpleData name="State">MD</SimpleData>
		<SimpleData name="Type">Volunteer</SimpleData>
		<SimpleData name="Phone">410-943-3110</SimpleData>
		<SimpleData name="Fax"></SimpleData>
		<SimpleData name="Email"></SimpleData>
		<SimpleData name="Website"></SimpleData>
		<SimpleData name="City">Hurlock</SimpleData>
	</SchemaData></ExtendedData>
      <Point><coordinates>-75.8629882179999,38.630614424</coordinates></Point>
  </Placemark>
  <Placemark>
	<ExtendedData><SchemaData schemaUrl="#SAFE_MunicipalFireStations_MCAC">
		<SimpleData name="OBJECTID">220</SimpleData>
		<SimpleData name="County">Montgomery County</SimpleData>
		<SimpleData name="ZIP">20871</SimpleData>
		<SimpleData name="Address">25801 Frederick Road</SimpleData>
		<SimpleData name="StationName">Hyattstown Volunteer Fire Department -Station 9</SimpleData>
		<SimpleData name="State">MD</SimpleData>
		<SimpleData name="Type">Volunteer</SimpleData>
		<SimpleData name="Phone">301-831-8248</SimpleData>
		<SimpleData name="Fax">301-831-8901</SimpleData>
		<SimpleData name="Email">hyattstownfire@yahoo.com</SimpleData>
		<SimpleData name="Website">hyattstownvfd.org</SimpleData>
		<SimpleData name="City">Clarksburg</SimpleData>
	</SchemaData></ExtendedData>
      <Point><coordinates>-77.314700277,39.280156504</coordinates></Point>
  </Placemark>
  <Placemark>
	<ExtendedData><SchemaData schemaUrl="#SAFE_MunicipalFireStations_MCAC">
		<SimpleData name="OBJECTID">221</SimpleData>
		<SimpleData name="County">Prince George's County</SimpleData>
		<SimpleData name="ZIP">20782</SimpleData>
		<SimpleData name="Address">6200 Belcrest Road</SimpleData>
		<SimpleData name="StationName">Hyattsville Volunteer Fire Department</SimpleData>
		<SimpleData name="State">MD</SimpleData>
		<SimpleData name="Type">Volunteer</SimpleData>
		<SimpleData name="Phone">301-927-5770</SimpleData>
		<SimpleData name="Fax">301-699-8947</SimpleData>
		<SimpleData name="Email">hvfed@yahoo.com</SimpleData>
		<SimpleData name="Website">www.hvfd.com</SimpleData>
		<SimpleData name="City">Hyattsville</SimpleData>
	</SchemaData></ExtendedData>
      <Point><coordinates>-76.952646687,38.963852134</coordinates></Point>
  </Placemark>
  <Placemark>
	<ExtendedData><SchemaData schemaUrl="#SAFE_MunicipalFireStations_MCAC">
		<SimpleData name="OBJECTID">222</SimpleData>
		<SimpleData name="County">Frederick County</SimpleData>
		<SimpleData name="ZIP">21702</SimpleData>
		<SimpleData name="Address">310 Baughmans Ln</SimpleData>
		<SimpleData name="StationName">Independent Fire Company No. 1</SimpleData>
		<SimpleData name="State">MD</SimpleData>
		<SimpleData name="Type">Volunteer</SimpleData>
		<SimpleData name="Phone">301-663-9612</SimpleData>
		<SimpleData name="Fax">301-620-9534</SimpleData>
		<SimpleData name="Email"></SimpleData>
		<SimpleData name="Website"></SimpleData>
		<SimpleData name="City">Frederick</SimpleData>
	</SchemaData></ExtendedData>
      <Point><coordinates>-77.433583759,39.4268618030001</coordinates></Point>
  </Placemark>
  <Placemark>
	<ExtendedData><SchemaData schemaUrl="#SAFE_MunicipalFireStations_MCAC">
		<SimpleData name="OBJECTID">223</SimpleData>
		<SimpleData name="County">Washington County</SimpleData>
		<SimpleData name="ZIP">21742</SimpleData>
		<SimpleData name="Address">100 Eastern Blvd N</SimpleData>
		<SimpleData name="StationName">Independent Junior Fire Company No. 3</SimpleData>
		<SimpleData name="State">MD</SimpleData>
		<SimpleData name="Type">Volunteer</SimpleData>
		<SimpleData name="Phone">301-733-3335</SimpleData>
		<SimpleData name="Fax">301-733-3335</SimpleData>
		<SimpleData name="Email"></SimpleData>
		<SimpleData name="Website"></SimpleData>
		<SimpleData name="City">Hagerstown</SimpleData>
	</SchemaData></ExtendedData>
      <Point><coordinates>-77.6975766749999,39.63408788</coordinates></Point>
  </Placemark>
  <Placemark>
	<ExtendedData><SchemaData schemaUrl="#SAFE_MunicipalFireStations_MCAC">
		<SimpleData name="OBJECTID">224</SimpleData>
		<SimpleData name="County">Charles County</SimpleData>
		<SimpleData name="ZIP">20640</SimpleData>
		<SimpleData name="Address">4095 Indian Head Hwy</SimpleData>
		<SimpleData name="StationName">Indian Head Volunteer Fire Department And Rescue Squad</SimpleData>
		<SimpleData name="State">MD</SimpleData>
		<SimpleData name="Type">Volunteer</SimpleData>
		<SimpleData name="Phone">301-753-9400</SimpleData>
		<SimpleData name="Fax">301-753-6130</SimpleData>
		<SimpleData name="Email">ihvfd@aol.com</SimpleData>
		<SimpleData name="Website"></SimpleData>
		<SimpleData name="City">Indian Head</SimpleData>
	</SchemaData></ExtendedData>
      <Point><coordinates>-77.1664290909999,38.5990428380001</coordinates></Point>
  </Placemark>
  <Placemark>
	<ExtendedData><SchemaData schemaUrl="#SAFE_MunicipalFireStations_MCAC">
		<SimpleData name="OBJECTID">225</SimpleData>
		<SimpleData name="County">Charles County</SimpleData>
		<SimpleData name="ZIP">20646</SimpleData>
		<SimpleData name="Address">6120 Port Tobacco Road</SimpleData>
		<SimpleData name="StationName">Ironsides Volunteer Rescue Squad</SimpleData>
		<SimpleData name="State">MD</SimpleData>
		<SimpleData name="Type">Volunteer</SimpleData>
		<SimpleData name="Phone">301-246-9090</SimpleData>
		<SimpleData name="Fax"></SimpleData>
		<SimpleData name="Email"></SimpleData>
		<SimpleData name="Website"></SimpleData>
		<SimpleData name="City">La Plata</SimpleData>
	</SchemaData></ExtendedData>
      <Point><coordinates>-77.1584439489999,38.49218289</coordinates></Point>
  </Placemark>
  <Placemark>
	<ExtendedData><SchemaData schemaUrl="#SAFE_MunicipalFireStations_MCAC">
		<SimpleData name="OBJECTID">226</SimpleData>
		<SimpleData name="County">Baltimore County</SimpleData>
		<SimpleData name="ZIP">21131</SimpleData>
		<SimpleData name="Address">3500 Sweet Air Road</SimpleData>
		<SimpleData name="StationName">Jacksonville Volunteer Fire Company Station 47</SimpleData>
		<SimpleData name="State">MD</SimpleData>
		<SimpleData name="Type">Volunteer</SimpleData>
		<SimpleData name="Phone">410-887-7780</SimpleData>
		<SimpleData name="Fax">410-666-3745</SimpleData>
		<SimpleData name="Email">CA0470@bcvfa.org</SimpleData>
		<SimpleData name="Website">www.jvfc.com</SimpleData>
		<SimpleData name="City">Jacksonville</SimpleData>
	</SchemaData></ExtendedData>
      <Point><coordinates>-76.556141727,39.515383075</coordinates></Point>
  </Placemark>
  <Placemark>
	<ExtendedData><SchemaData schemaUrl="#SAFE_MunicipalFireStations_MCAC">
		<SimpleData name="OBJECTID">227</SimpleData>
		<SimpleData name="County">Anne Arundel County</SimpleData>
		<SimpleData name="ZIP">21122</SimpleData>
		<SimpleData name="Address">3725 Mountain Road</SimpleData>
		<SimpleData name="StationName">Jacobsville Fire Station</SimpleData>
		<SimpleData name="State">MD</SimpleData>
		<SimpleData name="Type">Career</SimpleData>
		<SimpleData name="Phone"></SimpleData>
		<SimpleData name="Fax"></SimpleData>
		<SimpleData name="Email"></SimpleData>
		<SimpleData name="Website"></SimpleData>
		<SimpleData name="City">Pasadena</SimpleData>
	</SchemaData></ExtendedData>
      <Point><coordinates>-76.525108679,39.1244993880001</coordinates></Point>
  </Placemark>
  <Placemark>
	<ExtendedData><SchemaData schemaUrl="#SAFE_MunicipalFireStations_MCAC">
		<SimpleData name="OBJECTID">228</SimpleData>
		<SimpleData name="County">Harford County</SimpleData>
		<SimpleData name="ZIP">21084</SimpleData>
		<SimpleData name="Address">3825 Federal Hill Road</SimpleData>
		<SimpleData name="StationName">Jarrettsville Volunteer Fire Company</SimpleData>
		<SimpleData name="State">MD</SimpleData>
		<SimpleData name="Type">Volunteer</SimpleData>
		<SimpleData name="Phone">410-692-7890</SimpleData>
		<SimpleData name="Fax"></SimpleData>
		<SimpleData name="Email"></SimpleData>
		<SimpleData name="Website"></SimpleData>
		<SimpleData name="City">Jarrettsville</SimpleData>
	</SchemaData></ExtendedData>
      <Point><coordinates>-76.4763685459999,39.6144981950001</coordinates></Point>
  </Placemark>
  <Placemark>
	<ExtendedData><SchemaData schemaUrl="#SAFE_MunicipalFireStations_MCAC">
		<SimpleData name="OBJECTID">229</SimpleData>
		<SimpleData name="County">Frederick County</SimpleData>
		<SimpleData name="ZIP">21755</SimpleData>
		<SimpleData name="Address">4603 A Lander Road</SimpleData>
		<SimpleData name="StationName">Jefferson Volunteer Fire Company</SimpleData>
		<SimpleData name="State">MD</SimpleData>
		<SimpleData name="Type">Volunteer</SimpleData>
		<SimpleData name="Phone">301-473-5160</SimpleData>
		<SimpleData name="Fax">301-473-9789</SimpleData>
		<SimpleData name="Email">jufc20@aol1phia.net</SimpleData>
		<SimpleData name="Website"></SimpleData>
		<SimpleData name="City">Jefferson</SimpleData>
	</SchemaData></ExtendedData>
      <Point><coordinates>-77.531101736,39.361075763</coordinates></Point>
  </Placemark>
  <Placemark>
	<ExtendedData><SchemaData schemaUrl="#SAFE_MunicipalFireStations_MCAC">
		<SimpleData name="OBJECTID">230</SimpleData>
		<SimpleData name="County">Anne Arundel County</SimpleData>
		<SimpleData name="ZIP">20794</SimpleData>
		<SimpleData name="Address">7891 Max Blobs Park Road</SimpleData>
		<SimpleData name="StationName">Jessup Volunteer Fire Company</SimpleData>
		<SimpleData name="State">MD</SimpleData>
		<SimpleData name="Type">Volunteer</SimpleData>
		<SimpleData name="Phone">410-799-1314</SimpleData>
		<SimpleData name="Fax"></SimpleData>
		<SimpleData name="Email"></SimpleData>
		<SimpleData name="Website"></SimpleData>
		<SimpleData name="City">Jessup</SimpleData>
	</SchemaData></ExtendedData>
      <Point><coordinates>-76.753329564,39.1378324880001</coordinates></Point>
  </Placemark>
  <Placemark>
	<ExtendedData><SchemaData schemaUrl="#SAFE_MunicipalFireStations_MCAC">
		<SimpleData name="OBJECTID">231</SimpleData>
		<SimpleData name="County">Harford County</SimpleData>
		<SimpleData name="ZIP">21085</SimpleData>
		<SimpleData name="Address">1403 S Old Mountain Road</SimpleData>
		<SimpleData name="StationName">Joppa-Magnolia Volunteer Fire Company</SimpleData>
		<SimpleData name="State">MD</SimpleData>
		<SimpleData name="Type">Volunteer</SimpleData>
		<SimpleData name="Phone">410-679-1055</SimpleData>
		<SimpleData name="Fax"></SimpleData>
		<SimpleData name="Email"></SimpleData>
		<SimpleData name="Website"></SimpleData>
		<SimpleData name="City">Joppa</SimpleData>
	</SchemaData></ExtendedData>
      <Point><coordinates>-76.346849111,39.438847739</coordinates></Point>
  </Placemark>
  <Placemark>
	<ExtendedData><SchemaData schemaUrl="#SAFE_MunicipalFireStations_MCAC">
		<SimpleData name="OBJECTID">232</SimpleData>
		<SimpleData name="County">Frederick County</SimpleData>
		<SimpleData name="ZIP">21701</SimpleData>
		<SimpleData name="Address">535 N Market St</SimpleData>
		<SimpleData name="StationName">Junior Fire Company No. 2</SimpleData>
		<SimpleData name="State">MD</SimpleData>
		<SimpleData name="Type">Volunteer</SimpleData>
		<SimpleData name="Phone">301-663-4870</SimpleData>
		<SimpleData name="Fax"></SimpleData>
		<SimpleData name="Email"></SimpleData>
		<SimpleData name="Website"></SimpleData>
		<SimpleData name="City">Frederick</SimpleData>
	</SchemaData></ExtendedData>
      <Point><coordinates>-77.410093094,39.4212778030001</coordinates></Point>
  </Placemark>
  <Placemark>
	<ExtendedData><SchemaData schemaUrl="#SAFE_MunicipalFireStations_MCAC">
		<SimpleData name="OBJECTID">233</SimpleData>
		<SimpleData name="County">Kent County</SimpleData>
		<SimpleData name="ZIP">21645</SimpleData>
		<SimpleData name="Address">11933 Kennedyville Rd</SimpleData>
		<SimpleData name="StationName">Kennedyville Volunteer Fire Company</SimpleData>
		<SimpleData name="State">MD</SimpleData>
		<SimpleData name="Type">Volunteer</SimpleData>
		<SimpleData name="Phone">410-348-5340</SimpleData>
		<SimpleData name="Fax">410-348-5150</SimpleData>
		<SimpleData name="Email">kvfc@dmv.com</SimpleData>
		<SimpleData name="Website"></SimpleData>
		<SimpleData name="City">Kennedyville</SimpleData>
	</SchemaData></ExtendedData>
      <Point><coordinates>-75.993536638,39.3045917370001</coordinates></Point>
  </Placemark>
  <Placemark>
	<ExtendedData><SchemaData schemaUrl="#SAFE_MunicipalFireStations_MCAC">
		<SimpleData name="OBJECTID">234</SimpleData>
		<SimpleData name="County">Montgomery County</SimpleData>
		<SimpleData name="ZIP">20895</SimpleData>
		<SimpleData name="Address">10620 Connecticut Ave</SimpleData>
		<SimpleData name="StationName">Kensington Volunteer Fire Department - Station 5</SimpleData>
		<SimpleData name="State">MD</SimpleData>
		<SimpleData name="Type">Volunteer</SimpleData>
		<SimpleData name="Phone">301-929-8000</SimpleData>
		<SimpleData name="Fax">301-929-8008</SimpleData>
		<SimpleData name="Email">amkelley@kvfd.org</SimpleData>
		<SimpleData name="Website">kvfd.org</SimpleData>
		<SimpleData name="City">Kensington</SimpleData>
	</SchemaData></ExtendedData>
      <Point><coordinates>-77.0762292169999,39.030030449</coordinates></Point>
  </Placemark>
  <Placemark>
	<ExtendedData><SchemaData schemaUrl="#SAFE_MunicipalFireStations_MCAC">
		<SimpleData name="OBJECTID">235</SimpleData>
		<SimpleData name="County">Prince George's County</SimpleData>
		<SimpleData name="ZIP">20785</SimpleData>
		<SimpleData name="Address">7701 Landover Road</SimpleData>
		<SimpleData name="StationName">Kentland Volunteer Fire Department Sta 33</SimpleData>
		<SimpleData name="State">MD</SimpleData>
		<SimpleData name="Type">Volunteer</SimpleData>
		<SimpleData name="Phone">301-773-6032</SimpleData>
		<SimpleData name="Fax">301-773-2410</SimpleData>
		<SimpleData name="Email">mmattison@kentland33.com</SimpleData>
		<SimpleData name="Website">www.kentland33.com</SimpleData>
		<SimpleData name="City">Kentland</SimpleData>
	</SchemaData></ExtendedData>
      <Point><coordinates>-76.8804508649999,38.9267956570001</coordinates></Point>
  </Placemark>
  <Placemark>
	<ExtendedData><SchemaData schemaUrl="#SAFE_MunicipalFireStations_MCAC">
		<SimpleData name="OBJECTID">236</SimpleData>
		<SimpleData name="County">Kent County</SimpleData>
		<SimpleData name="ZIP">21620</SimpleData>
		<SimpleData name="Address">140 Morgnec Road</SimpleData>
		<SimpleData name="StationName">Kent Queen Anne's Rescue Squad</SimpleData>
		<SimpleData name="State">MD</SimpleData>
		<SimpleData name="Type">Volunteer</SimpleData>
		<SimpleData name="Phone">410-778-4495</SimpleData>
		<SimpleData name="Fax">410-810-0346</SimpleData>
		<SimpleData name="Email">kqars@verizon.net</SimpleData>
		<SimpleData name="Website"></SimpleData>
		<SimpleData name="City">Chestertown</SimpleData>
	</SchemaData></ExtendedData>
      <Point><coordinates>-76.074373943,39.2216133040001</coordinates></Point>
  </Placemark>
  <Placemark>
	<ExtendedData><SchemaData schemaUrl="#SAFE_MunicipalFireStations_MCAC">
		<SimpleData name="OBJECTID">237</SimpleData>
		<SimpleData name="County">Baltimore County</SimpleData>
		<SimpleData name="ZIP">21087</SimpleData>
		<SimpleData name="Address">11601 Bellvue Ave</SimpleData>
		<SimpleData name="StationName">Kingsville Volunteer Fire Company</SimpleData>
		<SimpleData name="State">MD</SimpleData>
		<SimpleData name="Type">Volunteer</SimpleData>
		<SimpleData name="Phone">410-887-5773</SimpleData>
		<SimpleData name="Fax"></SimpleData>
		<SimpleData name="Email"></SimpleData>
		<SimpleData name="Website"></SimpleData>
		<SimpleData name="City">Kingsville</SimpleData>
	</SchemaData></ExtendedData>
      <Point><coordinates>-76.41507616,39.4422175350001</coordinates></Point>
  </Placemark>
  <Placemark>
	<ExtendedData><SchemaData schemaUrl="#SAFE_MunicipalFireStations_MCAC">
		<SimpleData name="OBJECTID">238</SimpleData>
		<SimpleData name="County">Garrett County</SimpleData>
		<SimpleData name="ZIP">21538</SimpleData>
		<SimpleData name="Address">249 E Main St</SimpleData>
		<SimpleData name="StationName">Kitzmiller Volunteer Fire Department</SimpleData>
		<SimpleData name="State">MD</SimpleData>
		<SimpleData name="Type">Volunteer</SimpleData>
		<SimpleData name="Phone">301-453-3323</SimpleData>
		<SimpleData name="Fax"></SimpleData>
		<SimpleData name="Email"></SimpleData>
		<SimpleData name="Website"></SimpleData>
		<SimpleData name="City">Kitzmiller</SimpleData>
	</SchemaData></ExtendedData>
      <Point><coordinates>-79.180678234,39.3887284990001</coordinates></Point>
  </Placemark>
  <Placemark>
	<ExtendedData><SchemaData schemaUrl="#SAFE_MunicipalFireStations_MCAC">
		<SimpleData name="OBJECTID">239</SimpleData>
		<SimpleData name="County">Charles County</SimpleData>
		<SimpleData name="ZIP">20646</SimpleData>
		<SimpleData name="Address">911 Washington Ave</SimpleData>
		<SimpleData name="StationName">La Plata Volunteer Fire Department</SimpleData>
		<SimpleData name="State">MD</SimpleData>
		<SimpleData name="Type">Volunteer</SimpleData>
		<SimpleData name="Phone">301-934-9201</SimpleData>
		<SimpleData name="Fax">301-934-4217</SimpleData>
		<SimpleData name="Email">treasurer@laplatafiredepartment.com</SimpleData>
		<SimpleData name="Website"></SimpleData>
		<SimpleData name="City">La Plata</SimpleData>
	</SchemaData></ExtendedData>
      <Point><coordinates>-76.980380149,38.5438248990001</coordinates></Point>
  </Placemark>
  <Placemark>
	<ExtendedData><SchemaData schemaUrl="#SAFE_MunicipalFireStations_MCAC">
		<SimpleData name="OBJECTID">240</SimpleData>
		<SimpleData name="County">Anne Arundel County</SimpleData>
		<SimpleData name="ZIP">21122</SimpleData>
		<SimpleData name="Address">4498 Mountain Road</SimpleData>
		<SimpleData name="StationName">Lake Shore Volunteer Fire Company</SimpleData>
		<SimpleData name="State">MD</SimpleData>
		<SimpleData name="Type">Volunteer</SimpleData>
		<SimpleData name="Phone">410-255-2401</SimpleData>
		<SimpleData name="Fax"></SimpleData>
		<SimpleData name="Email">jflongjr@yahoo.com</SimpleData>
		<SimpleData name="Website"></SimpleData>
		<SimpleData name="City">Pasadena</SimpleData>
	</SchemaData></ExtendedData>
      <Point><coordinates>-76.495187925,39.108616942</coordinates></Point>
  </Placemark>
  <Placemark>
	<ExtendedData><SchemaData schemaUrl="#SAFE_MunicipalFireStations_MCAC">
		<SimpleData name="OBJECTID">241</SimpleData>
		<SimpleData name="County">Dorchester County</SimpleData>
		<SimpleData name="ZIP">21675</SimpleData>
		<SimpleData name="Address">2103 Farm Creek Road</SimpleData>
		<SimpleData name="StationName">Lakes And Straits Volunteer Fire Company</SimpleData>
		<SimpleData name="State">MD</SimpleData>
		<SimpleData name="Type">Volunteer</SimpleData>
		<SimpleData name="Phone">410-397-8154</SimpleData>
		<SimpleData name="Fax"></SimpleData>
		<SimpleData name="Email"></SimpleData>
		<SimpleData name="Website"></SimpleData>
		<SimpleData name="City">Wingate</SimpleData>
	</SchemaData></ExtendedData>
      <Point><coordinates>-76.079407561,38.284088995</coordinates></Point>
  </Placemark>
  <Placemark>
	<ExtendedData><SchemaData schemaUrl="#SAFE_MunicipalFireStations_MCAC">
		<SimpleData name="OBJECTID">242</SimpleData>
		<SimpleData name="County">Prince George's County</SimpleData>
		<SimpleData name="ZIP">20784</SimpleData>
		<SimpleData name="Address">6801 Webster St</SimpleData>
		<SimpleData name="StationName">Landover Hills Volunteer Fire Department 30</SimpleData>
		<SimpleData name="State">MD</SimpleData>
		<SimpleData name="Type">Volunteer</SimpleData>
		<SimpleData name="Phone">301-773-2509</SimpleData>
		<SimpleData name="Fax">301-583-1912</SimpleData>
		<SimpleData name="Email">JRRoberts@co.pg.md.us</SimpleData>
		<SimpleData name="Website">Lhvfd.com</SimpleData>
		<SimpleData name="City">Landover Hills</SimpleData>
	</SchemaData></ExtendedData>
      <Point><coordinates>-76.90148791,38.944344689</coordinates></Point>
  </Placemark>
  <Placemark>
	<ExtendedData><SchemaData schemaUrl="#SAFE_MunicipalFireStations_MCAC">
		<SimpleData name="OBJECTID">243</SimpleData>
		<SimpleData name="County">Baltimore County</SimpleData>
		<SimpleData name="ZIP">21227</SimpleData>
		<SimpleData name="Address">140 Laverne Ave</SimpleData>
		<SimpleData name="StationName">Lansdowne Volunteer Fire Association Station 36</SimpleData>
		<SimpleData name="State">MD</SimpleData>
		<SimpleData name="Type">Volunteer</SimpleData>
		<SimpleData name="Phone">410-242-1093</SimpleData>
		<SimpleData name="Fax">410-887-1472</SimpleData>
		<SimpleData name="Email">cao360@bcvfa.org</SimpleData>
		<SimpleData name="Website">www.lansdownevfd.com</SimpleData>
		<SimpleData name="City">Lansdowne</SimpleData>
	</SchemaData></ExtendedData>
      <Point><coordinates>-76.662346886,39.246147459</coordinates></Point>
  </Placemark>
  <Placemark>
	<ExtendedData><SchemaData schemaUrl="#SAFE_MunicipalFireStations_MCAC">
		<SimpleData name="OBJECTID">244</SimpleData>
		<SimpleData name="County">Prince George's County</SimpleData>
		<SimpleData name="ZIP">20707</SimpleData>
		<SimpleData name="Address">7411 Cherry Ln</SimpleData>
		<SimpleData name="StationName">Laurel Volunteer Fire Department Sta. 1</SimpleData>
		<SimpleData name="State">MD</SimpleData>
		<SimpleData name="Type">Volunteer</SimpleData>
		<SimpleData name="Phone">301-776-3600</SimpleData>
		<SimpleData name="Fax">301-725-2026</SimpleData>
		<SimpleData name="Email"></SimpleData>
		<SimpleData name="Website">www.laurelvfd.org</SimpleData>
		<SimpleData name="City">Laurel</SimpleData>
	</SchemaData></ExtendedData>
      <Point><coordinates>-76.876864629,39.093922886</coordinates></Point>
  </Placemark>
  <Placemark>
	<ExtendedData><SchemaData schemaUrl="#SAFE_MunicipalFireStations_MCAC">
		<SimpleData name="OBJECTID">245</SimpleData>
		<SimpleData name="County">Prince George's County</SimpleData>
		<SimpleData name="ZIP">20708</SimpleData>
		<SimpleData name="Address">14910 Bowie Road</SimpleData>
		<SimpleData name="StationName">Laurel Volunteer Rescue Squad</SimpleData>
		<SimpleData name="State">MD</SimpleData>
		<SimpleData name="Type">Volunteer</SimpleData>
		<SimpleData name="Phone">301-604-5055</SimpleData>
		<SimpleData name="Fax">301-725-0654</SimpleData>
		<SimpleData name="Email">barry.Johnson@laurelrescue.org</SimpleData>
		<SimpleData name="Website">laurelrescue.org</SimpleData>
		<SimpleData name="City">Laurel</SimpleData>
	</SchemaData></ExtendedData>
      <Point><coordinates>-76.8469747619999,39.094769721</coordinates></Point>
  </Placemark>
  <Placemark>
	<ExtendedData><SchemaData schemaUrl="#SAFE_MunicipalFireStations_MCAC">
		<SimpleData name="OBJECTID">246</SimpleData>
		<SimpleData name="County">Allegany County</SimpleData>
		<SimpleData name="ZIP">21502</SimpleData>
		<SimpleData name="Address">421 National Hwy</SimpleData>
		<SimpleData name="StationName">Lavale Volunteer Fire Department</SimpleData>
		<SimpleData name="State">MD</SimpleData>
		<SimpleData name="Type">Volunteer</SimpleData>
		<SimpleData name="Phone">301-777-0871</SimpleData>
		<SimpleData name="Fax"></SimpleData>
		<SimpleData name="Email"></SimpleData>
		<SimpleData name="Website"></SimpleData>
		<SimpleData name="City">Lavale</SimpleData>
	</SchemaData></ExtendedData>
      <Point><coordinates>-78.805547293,39.6604845750001</coordinates></Point>
  </Placemark>
  <Placemark>
	<ExtendedData><SchemaData schemaUrl="#SAFE_MunicipalFireStations_MCAC">
		<SimpleData name="OBJECTID">247</SimpleData>
		<SimpleData name="County">Allegany County</SimpleData>
		<SimpleData name="ZIP">21502</SimpleData>
		<SimpleData name="Address">977 National Hwy</SimpleData>
		<SimpleData name="StationName">Lavale Volunteer Rescue Squad</SimpleData>
		<SimpleData name="State">MD</SimpleData>
		<SimpleData name="Type">Volunteer</SimpleData>
		<SimpleData name="Phone">301-729-4458</SimpleData>
		<SimpleData name="Fax">301-729-8191</SimpleData>
		<SimpleData name="Email">co52@allconet.org</SimpleData>
		<SimpleData name="Website"></SimpleData>
		<SimpleData name="City">Lavale</SimpleData>
	</SchemaData></ExtendedData>
      <Point><coordinates>-78.8228759369999,39.644383691</coordinates></Point>
  </Placemark>
  <Placemark>
	<ExtendedData><SchemaData schemaUrl="#SAFE_MunicipalFireStations_MCAC">
		<SimpleData name="OBJECTID">248</SimpleData>
		<SimpleData name="County">Montgomery County</SimpleData>
		<SimpleData name="ZIP">20882</SimpleData>
		<SimpleData name="Address">21400 Laytonsville Road</SimpleData>
		<SimpleData name="StationName">Laytonsville District Volunteer Fire Department - Station 17</SimpleData>
		<SimpleData name="State">MD</SimpleData>
		<SimpleData name="Type">Volunteer</SimpleData>
		<SimpleData name="Phone">301-948-1677</SimpleData>
		<SimpleData name="Fax">301-948-8227</SimpleData>
		<SimpleData name="Email">marianivj@earthlink.net</SimpleData>
		<SimpleData name="Website">ldvfd.org</SimpleData>
		<SimpleData name="City">Laytonsville</SimpleData>
	</SchemaData></ExtendedData>
      <Point><coordinates>-77.141838374,39.207020981</coordinates></Point>
  </Placemark>
  <Placemark>
	<ExtendedData><SchemaData schemaUrl="#SAFE_MunicipalFireStations_MCAC">
		<SimpleData name="OBJECTID">249</SimpleData>
		<SimpleData name="County">Washington County</SimpleData>
		<SimpleData name="ZIP">21742</SimpleData>
		<SimpleData name="Address">21431 Leiter St</SimpleData>
		<SimpleData name="StationName">Leitersburg Volunteer Fire Company</SimpleData>
		<SimpleData name="State">MD</SimpleData>
		<SimpleData name="Type">Volunteer</SimpleData>
		<SimpleData name="Phone">301-733-9155</SimpleData>
		<SimpleData name="Fax">301-733-9352</SimpleData>
		<SimpleData name="Email"></SimpleData>
		<SimpleData name="Website">leitersburgfire.com</SimpleData>
		<SimpleData name="City">Hagerstown</SimpleData>
	</SchemaData></ExtendedData>
      <Point><coordinates>-77.620329593,39.693469371</coordinates></Point>
  </Placemark>
  <Placemark>
	<ExtendedData><SchemaData schemaUrl="#SAFE_MunicipalFireStations_MCAC">
		<SimpleData name="OBJECTID">250</SimpleData>
		<SimpleData name="County">Saint Mary's County</SimpleData>
		<SimpleData name="ZIP">20650</SimpleData>
		<SimpleData name="Address">22733 Lawrence Ave</SimpleData>
		<SimpleData name="StationName">Leonardtown Volunteer Fire Department</SimpleData>
		<SimpleData name="State">MD</SimpleData>
		<SimpleData name="Type">Volunteer</SimpleData>
		<SimpleData name="Phone">301-475-8996</SimpleData>
		<SimpleData name="Fax">301-475-5850</SimpleData>
		<SimpleData name="Email"></SimpleData>
		<SimpleData name="Website">lvfd1.com</SimpleData>
		<SimpleData name="City">Leonardtown</SimpleData>
	</SchemaData></ExtendedData>
      <Point><coordinates>-76.6384527,38.292737204</coordinates></Point>
  </Placemark>
  <Placemark>
	<ExtendedData><SchemaData schemaUrl="#SAFE_MunicipalFireStations_MCAC">
		<SimpleData name="OBJECTID">251</SimpleData>
		<SimpleData name="County">Saint Mary's County</SimpleData>
		<SimpleData name="ZIP">20650</SimpleData>
		<SimpleData name="Address">22855 Lawrence Ave</SimpleData>
		<SimpleData name="StationName">Leonardtown Volunteer Rescue Squad</SimpleData>
		<SimpleData name="State">MD</SimpleData>
		<SimpleData name="Type">Volunteer</SimpleData>
		<SimpleData name="Phone">301-475-8509</SimpleData>
		<SimpleData name="Fax">301-475-1825</SimpleData>
		<SimpleData name="Email">president@lvrs.org</SimpleData>
		<SimpleData name="Website">lvrs.org</SimpleData>
		<SimpleData name="City">Leonardtown</SimpleData>
	</SchemaData></ExtendedData>
      <Point><coordinates>-76.638008397,38.2958547100001</coordinates></Point>
  </Placemark>
  <Placemark>
	<ExtendedData><SchemaData schemaUrl="#SAFE_MunicipalFireStations_MCAC">
		<SimpleData name="OBJECTID">252</SimpleData>
		<SimpleData name="County">Harford County</SimpleData>
		<SimpleData name="ZIP">21078</SimpleData>
		<SimpleData name="Address">3633 Level Village Road</SimpleData>
		<SimpleData name="StationName">Level Volunteer Fire Company</SimpleData>
		<SimpleData name="State">MD</SimpleData>
		<SimpleData name="Type">Volunteer</SimpleData>
		<SimpleData name="Phone">410-734-6880</SimpleData>
		<SimpleData name="Fax">410-734-7207</SimpleData>
		<SimpleData name="Email">kelopes@comcast.net</SimpleData>
		<SimpleData name="Website"></SimpleData>
		<SimpleData name="City">Havre De Grace</SimpleData>
	</SchemaData></ExtendedData>
      <Point><coordinates>-76.1936976919999,39.5801413940001</coordinates></Point>
  </Placemark>
  <Placemark>
	<ExtendedData><SchemaData schemaUrl="#SAFE_MunicipalFireStations_MCAC">
		<SimpleData name="OBJECTID">253</SimpleData>
		<SimpleData name="County">Frederick County</SimpleData>
		<SimpleData name="ZIP">21788</SimpleData>
		<SimpleData name="Address">11101 Hessong Bridge Road</SimpleData>
		<SimpleData name="StationName">Lewistown District Volunteer Fire Company</SimpleData>
		<SimpleData name="State">MD</SimpleData>
		<SimpleData name="Type">Volunteer</SimpleData>
		<SimpleData name="Phone">301-898-9988</SimpleData>
		<SimpleData name="Fax"></SimpleData>
		<SimpleData name="Email"></SimpleData>
		<SimpleData name="Website"></SimpleData>
		<SimpleData name="City">Thurmont</SimpleData>
	</SchemaData></ExtendedData>
      <Point><coordinates>-77.413326555,39.5381376500001</coordinates></Point>
  </Placemark>
  <Placemark>
	<ExtendedData><SchemaData schemaUrl="#SAFE_MunicipalFireStations_MCAC">
		<SimpleData name="OBJECTID">254</SimpleData>
		<SimpleData name="County">Saint Mary's County</SimpleData>
		<SimpleData name="ZIP">20653</SimpleData>
		<SimpleData name="Address">21633 Great Mills Road</SimpleData>
		<SimpleData name="StationName">Lexington Park Volunteer Rescue Squad</SimpleData>
		<SimpleData name="State">MD</SimpleData>
		<SimpleData name="Type">Volunteer</SimpleData>
		<SimpleData name="Phone">301-862-3331</SimpleData>
		<SimpleData name="Fax"></SimpleData>
		<SimpleData name="Email">president@lpvrs.org</SimpleData>
		<SimpleData name="Website">lpvrs.org</SimpleData>
		<SimpleData name="City">Lexington Park</SimpleData>
	</SchemaData></ExtendedData>
      <Point><coordinates>-76.463727416,38.261572765</coordinates></Point>
  </Placemark>
  <Placemark>
	<ExtendedData><SchemaData schemaUrl="#SAFE_MunicipalFireStations_MCAC">
		<SimpleData name="OBJECTID">255</SimpleData>
		<SimpleData name="County">Baltimore County</SimpleData>
		<SimpleData name="ZIP">21133</SimpleData>
		<SimpleData name="Address">10010 Liberty Road</SimpleData>
		<SimpleData name="StationName">Liberty Road Volunteer Fire Company Station 46</SimpleData>
		<SimpleData name="State">MD</SimpleData>
		<SimpleData name="Type">Volunteer</SimpleData>
		<SimpleData name="Phone">410-887-0651</SimpleData>
		<SimpleData name="Fax"></SimpleData>
		<SimpleData name="Email"></SimpleData>
		<SimpleData name="Website"></SimpleData>
		<SimpleData name="City">Randallstown</SimpleData>
	</SchemaData></ExtendedData>
      <Point><coordinates>-76.827780393,39.3840368630001</coordinates></Point>
  </Placemark>
  <Placemark>
	<ExtendedData><SchemaData schemaUrl="#SAFE_MunicipalFireStations_MCAC">
		<SimpleData name="OBJECTID">256</SimpleData>
		<SimpleData name="County">Frederick County</SimpleData>
		<SimpleData name="ZIP">21791</SimpleData>
		<SimpleData name="Address">12027 South St</SimpleData>
		<SimpleData name="StationName">Libertytown Volunteer Fire Department</SimpleData>
		<SimpleData name="State">MD</SimpleData>
		<SimpleData name="Type">Volunteer</SimpleData>
		<SimpleData name="Phone">301-898-9193</SimpleData>
		<SimpleData name="Fax">301-898-0150</SimpleData>
		<SimpleData name="Email">djohnson@frecko-md.net</SimpleData>
		<SimpleData name="Website"></SimpleData>
		<SimpleData name="City">Union Bridge</SimpleData>
	</SchemaData></ExtendedData>
      <Point><coordinates>-77.2452800419999,39.483296195</coordinates></Point>
  </Placemark>
  <Placemark>
	<ExtendedData><SchemaData schemaUrl="#SAFE_MunicipalFireStations_MCAC">
		<SimpleData name="OBJECTID">257</SimpleData>
		<SimpleData name="County">Carroll County</SimpleData>
		<SimpleData name="ZIP">21102</SimpleData>
		<SimpleData name="Address">4224 E Main St</SimpleData>
		<SimpleData name="StationName">Lineboro Volunteer Fire Department</SimpleData>
		<SimpleData name="State">MD</SimpleData>
		<SimpleData name="Type">Volunteer</SimpleData>
		<SimpleData name="Phone"></SimpleData>
		<SimpleData name="Fax"></SimpleData>
		<SimpleData name="Email"></SimpleData>
		<SimpleData name="Website"></SimpleData>
		<SimpleData name="City">Lineboro</SimpleData>
	</SchemaData></ExtendedData>
      <Point><coordinates>-76.8447892459999,39.7186710930001</coordinates></Point>
  </Placemark>
  <Placemark>
	<ExtendedData><SchemaData schemaUrl="#SAFE_MunicipalFireStations_MCAC">
		<SimpleData name="OBJECTID">258</SimpleData>
		<SimpleData name="County">Dorchester County</SimpleData>
		<SimpleData name="ZIP">21835</SimpleData>
		<SimpleData name="Address">3905 Ocean Gtwy</SimpleData>
		<SimpleData name="StationName">Linkwood-Salem Volunteer Fire Company</SimpleData>
		<SimpleData name="State">MD</SimpleData>
		<SimpleData name="Type">Volunteer</SimpleData>
		<SimpleData name="Phone">410-221-0169</SimpleData>
		<SimpleData name="Fax"></SimpleData>
		<SimpleData name="Email"></SimpleData>
		<SimpleData name="Website"></SimpleData>
		<SimpleData name="City">Linkwood</SimpleData>
	</SchemaData></ExtendedData>
      <Point><coordinates>-75.945369628,38.5392275880001</coordinates></Point>
  </Placemark>
  <Placemark>
	<ExtendedData><SchemaData schemaUrl="#SAFE_MunicipalFireStations_MCAC">
		<SimpleData name="OBJECTID">259</SimpleData>
		<SimpleData name="County">Anne Arundel County</SimpleData>
		<SimpleData name="ZIP">21090</SimpleData>
		<SimpleData name="Address">309 Camp Meade Road S</SimpleData>
		<SimpleData name="StationName">Linthicum Volunteer Fire Company</SimpleData>
		<SimpleData name="State">MD</SimpleData>
		<SimpleData name="Type">Volunteer</SimpleData>
		<SimpleData name="Phone"></SimpleData>
		<SimpleData name="Fax"></SimpleData>
		<SimpleData name="Email"></SimpleData>
		<SimpleData name="Website"></SimpleData>
		<SimpleData name="City">Linthicum Heights</SimpleData>
	</SchemaData></ExtendedData>
      <Point><coordinates>-76.6539807629999,39.2019643130001</coordinates></Point>
  </Placemark>
  <Placemark>
	<ExtendedData><SchemaData schemaUrl="#SAFE_MunicipalFireStations_MCAC">
		<SimpleData name="OBJECTID">260</SimpleData>
		<SimpleData name="County">Howard County</SimpleData>
		<SimpleData name="ZIP">21797</SimpleData>
		<SimpleData name="Address">1330 Woodbine Road</SimpleData>
		<SimpleData name="StationName">Lisbon Volunteer Fire Company</SimpleData>
		<SimpleData name="State">MD</SimpleData>
		<SimpleData name="Type">Volunteer</SimpleData>
		<SimpleData name="Phone">410-489-4646</SimpleData>
		<SimpleData name="Fax">410-489-7632</SimpleData>
		<SimpleData name="Email"></SimpleData>
		<SimpleData name="Website">lisbonvfc.org</SimpleData>
		<SimpleData name="City">Woodbine</SimpleData>
	</SchemaData></ExtendedData>
      <Point><coordinates>-77.0747953379999,39.335827705</coordinates></Point>
  </Placemark>
  <Placemark>
	<ExtendedData><SchemaData schemaUrl="#SAFE_MunicipalFireStations_MCAC">
		<SimpleData name="OBJECTID">261</SimpleData>
		<SimpleData name="County">Dorchester County</SimpleData>
		<SimpleData name="ZIP">21613</SimpleData>
		<SimpleData name="Address">1616 Hudson Rd</SimpleData>
		<SimpleData name="StationName">Lloyds Volunteer Fire Company</SimpleData>
		<SimpleData name="State">MD</SimpleData>
		<SimpleData name="Type">Volunteer</SimpleData>
		<SimpleData name="Phone">410-228-6235</SimpleData>
		<SimpleData name="Fax"></SimpleData>
		<SimpleData name="Email">Rodman@shorenet.net</SimpleData>
		<SimpleData name="Website"></SimpleData>
		<SimpleData name="City">Cambridge</SimpleData>
	</SchemaData></ExtendedData>
      <Point><coordinates>-76.180023284,38.5890619460001</coordinates></Point>
  </Placemark>
  <Placemark>
	<ExtendedData><SchemaData schemaUrl="#SAFE_MunicipalFireStations_MCAC">
		<SimpleData name="OBJECTID">262</SimpleData>
		<SimpleData name="County">Baltimore County</SimpleData>
		<SimpleData name="ZIP">21057</SimpleData>
		<SimpleData name="Address">4506 Long Green Road</SimpleData>
		<SimpleData name="StationName">Long Green Volunteer Fire Company (Baltimore County)</SimpleData>
		<SimpleData name="State">MD</SimpleData>
		<SimpleData name="Type">Volunteer</SimpleData>
		<SimpleData name="Phone">410-592-8337</SimpleData>
		<SimpleData name="Fax"></SimpleData>
		<SimpleData name="Email"></SimpleData>
		<SimpleData name="Website"></SimpleData>
		<SimpleData name="City">Glen Arm</SimpleData>
	</SchemaData></ExtendedData>
      <Point><coordinates>-76.5217127069999,39.4730266760001</coordinates></Point>
  </Placemark>
  <Placemark>
	<ExtendedData><SchemaData schemaUrl="#SAFE_MunicipalFireStations_MCAC">
		<SimpleData name="OBJECTID">263</SimpleData>
		<SimpleData name="County">Washington County</SimpleData>
		<SimpleData name="ZIP">21742</SimpleData>
		<SimpleData name="Address">19307 Longmeadow Road</SimpleData>
		<SimpleData name="StationName">Longmeadow Volunteer Fire Company</SimpleData>
		<SimpleData name="State">MD</SimpleData>
		<SimpleData name="Type">Volunteer</SimpleData>
		<SimpleData name="Phone">301-797-5504</SimpleData>
		<SimpleData name="Fax">301-797-7585</SimpleData>
		<SimpleData name="Email">Jeffdon12@myactv.net</SimpleData>
		<SimpleData name="Website">www.longmeadowfire.com</SimpleData>
		<SimpleData name="City">Hagerstown</SimpleData>
	</SchemaData></ExtendedData>
      <Point><coordinates>-77.699668979,39.683808689</coordinates></Point>
  </Placemark>
  <Placemark>
	<ExtendedData><SchemaData schemaUrl="#SAFE_MunicipalFireStations_MCAC">
		<SimpleData name="OBJECTID">264</SimpleData>
		<SimpleData name="County">Somerset County</SimpleData>
		<SimpleData name="ZIP">21817</SimpleData>
		<SimpleData name="Address">26344 Mill Ln</SimpleData>
		<SimpleData name="StationName">Lower Somerset County Ambulance And Rescue Squad</SimpleData>
		<SimpleData name="State">MD</SimpleData>
		<SimpleData name="Type">Volunteer</SimpleData>
		<SimpleData name="Phone">410-968-2000</SimpleData>
		<SimpleData name="Fax"></SimpleData>
		<SimpleData name="Email"></SimpleData>
		<SimpleData name="Website"></SimpleData>
		<SimpleData name="City">Crisfield</SimpleData>
	</SchemaData></ExtendedData>
      <Point><coordinates>-75.8425047329999,37.992849017</coordinates></Point>
  </Placemark>
  <Placemark>
	<ExtendedData><SchemaData schemaUrl="#SAFE_MunicipalFireStations_MCAC">
		<SimpleData name="OBJECTID">265</SimpleData>
		<SimpleData name="County">Baltimore County</SimpleData>
		<SimpleData name="ZIP">21093</SimpleData>
		<SimpleData name="Address">1609 Bellona Ave</SimpleData>
		<SimpleData name="StationName">Lutherville Volunteer Fire Company</SimpleData>
		<SimpleData name="State">MD</SimpleData>
		<SimpleData name="Type">Volunteer</SimpleData>
		<SimpleData name="Phone">410-252-3134</SimpleData>
		<SimpleData name="Fax">410-252-3134</SimpleData>
		<SimpleData name="Email">Burnkev@us.hilti.com</SimpleData>
		<SimpleData name="Website">lvfc.com</SimpleData>
		<SimpleData name="City">Lutherville Timonium</SimpleData>
	</SchemaData></ExtendedData>
      <Point><coordinates>-76.620317985,39.422300541</coordinates></Point>
  </Placemark>
  <Placemark>
	<ExtendedData><SchemaData schemaUrl="#SAFE_MunicipalFireStations_MCAC">
		<SimpleData name="OBJECTID">266</SimpleData>
		<SimpleData name="County">Dorchester County</SimpleData>
		<SimpleData name="ZIP">21648</SimpleData>
		<SimpleData name="Address">1154 Taylors Island Road</SimpleData>
		<SimpleData name="StationName">Madison Volunteer Fire Company</SimpleData>
		<SimpleData name="State">MD</SimpleData>
		<SimpleData name="Type">Volunteer</SimpleData>
		<SimpleData name="Phone">410-228-8703</SimpleData>
		<SimpleData name="Fax"></SimpleData>
		<SimpleData name="Email"></SimpleData>
		<SimpleData name="Website"></SimpleData>
		<SimpleData name="City">Madison</SimpleData>
	</SchemaData></ExtendedData>
      <Point><coordinates>-76.222243772,38.5073772380001</coordinates></Point>
  </Placemark>
  <Placemark>
	<ExtendedData><SchemaData schemaUrl="#SAFE_MunicipalFireStations_MCAC">
		<SimpleData name="OBJECTID">267</SimpleData>
		<SimpleData name="County">Carroll County</SimpleData>
		<SimpleData name="ZIP">21102</SimpleData>
		<SimpleData name="Address">3209 Main St</SimpleData>
		<SimpleData name="StationName">Manchester Volunteer Fire Department</SimpleData>
		<SimpleData name="State">MD</SimpleData>
		<SimpleData name="Type">Volunteer</SimpleData>
		<SimpleData name="Phone">410-239-2286</SimpleData>
		<SimpleData name="Fax"></SimpleData>
		<SimpleData name="Email"></SimpleData>
		<SimpleData name="Website"></SimpleData>
		<SimpleData name="City">Manchester</SimpleData>
	</SchemaData></ExtendedData>
      <Point><coordinates>-76.884691559,39.6617548350001</coordinates></Point>
  </Placemark>
  <Placemark>
	<ExtendedData><SchemaData schemaUrl="#SAFE_MunicipalFireStations_MCAC">
		<SimpleData name="OBJECTID">268</SimpleData>
		<SimpleData name="County">Wicomico County</SimpleData>
		<SimpleData name="ZIP">21837</SimpleData>
		<SimpleData name="Address">101 Station St</SimpleData>
		<SimpleData name="StationName">Mardela Springs Volunteer Fire Company</SimpleData>
		<SimpleData name="State">MD</SimpleData>
		<SimpleData name="Type">Volunteer</SimpleData>
		<SimpleData name="Phone">410-749-5997</SimpleData>
		<SimpleData name="Fax"></SimpleData>
		<SimpleData name="Email"></SimpleData>
		<SimpleData name="Website"></SimpleData>
		<SimpleData name="City">Mardela Springs</SimpleData>
	</SchemaData></ExtendedData>
      <Point><coordinates>-75.757189647,38.461253765</coordinates></Point>
  </Placemark>
  <Placemark>
	<ExtendedData><SchemaData schemaUrl="#SAFE_MunicipalFireStations_MCAC">
		<SimpleData name="OBJECTID">269</SimpleData>
		<SimpleData name="County">Somerset County</SimpleData>
		<SimpleData name="ZIP">21838</SimpleData>
		<SimpleData name="Address">28390 Crisfield Marion Road</SimpleData>
		<SimpleData name="StationName">Marion Volunteer Fire Department</SimpleData>
		<SimpleData name="State">MD</SimpleData>
		<SimpleData name="Type">Volunteer</SimpleData>
		<SimpleData name="Phone">410-623-3791</SimpleData>
		<SimpleData name="Fax"></SimpleData>
		<SimpleData name="Email"></SimpleData>
		<SimpleData name="Website"></SimpleData>
		<SimpleData name="City">Marion Station</SimpleData>
	</SchemaData></ExtendedData>
      <Point><coordinates>-75.7711884669999,38.0391355030001</coordinates></Point>
  </Placemark>
  <Placemark>
	<ExtendedData><SchemaData schemaUrl="#SAFE_MunicipalFireStations_MCAC">
		<SimpleData name="OBJECTID">270</SimpleData>
		<SimpleData name="County">Prince George's County</SimpleData>
		<SimpleData name="ZIP">20772</SimpleData>
		<SimpleData name="Address">7710 Croom Road</SimpleData>
		<SimpleData name="StationName">Marlboro Volunteer Fire Department</SimpleData>
		<SimpleData name="State">MD</SimpleData>
		<SimpleData name="Type">Volunteer</SimpleData>
		<SimpleData name="Phone"></SimpleData>
		<SimpleData name="Fax"></SimpleData>
		<SimpleData name="Email"></SimpleData>
		<SimpleData name="Website"></SimpleData>
		<SimpleData name="City">Upper Marlboro</SimpleData>
	</SchemaData></ExtendedData>
      <Point><coordinates>-76.7880706129999,38.783449815</coordinates></Point>
  </Placemark>
  <Placemark>
	<ExtendedData><SchemaData schemaUrl="#SAFE_MunicipalFireStations_MCAC">
		<SimpleData name="OBJECTID">271</SimpleData>
		<SimpleData name="County">Prince George's County</SimpleData>
		<SimpleData name="ZIP">20772</SimpleData>
		<SimpleData name="Address">14815 Pratt St</SimpleData>
		<SimpleData name="StationName">Marlboro Volunteer Fire Department Sta. 20</SimpleData>
		<SimpleData name="State">MD</SimpleData>
		<SimpleData name="Type">Volunteer</SimpleData>
		<SimpleData name="Phone">301-952-0938</SimpleData>
		<SimpleData name="Fax">301-952-8942</SimpleData>
		<SimpleData name="Email">mvfdc20@aol.com</SimpleData>
		<SimpleData name="Website">marlborofire.com</SimpleData>
		<SimpleData name="City">Marlboro</SimpleData>
	</SchemaData></ExtendedData>
      <Point><coordinates>-76.748298587,38.817426616</coordinates></Point>
  </Placemark>
  <Placemark>
	<ExtendedData><SchemaData schemaUrl="#SAFE_MunicipalFireStations_MCAC">
		<SimpleData name="OBJECTID">272</SimpleData>
		<SimpleData name="County">Anne Arundel County</SimpleData>
		<SimpleData name="ZIP">21061</SimpleData>
		<SimpleData name="Address">100 Summit Ave</SimpleData>
		<SimpleData name="StationName">Marley Volunteer Fire Company</SimpleData>
		<SimpleData name="State">MD</SimpleData>
		<SimpleData name="Type">Volunteer</SimpleData>
		<SimpleData name="Phone"></SimpleData>
		<SimpleData name="Fax"></SimpleData>
		<SimpleData name="Email"></SimpleData>
		<SimpleData name="Website"></SimpleData>
		<SimpleData name="City">Glen Burnie</SimpleData>
	</SchemaData></ExtendedData>
      <Point><coordinates>-76.596087648,39.154163935</coordinates></Point>
  </Placemark>
  <Placemark>
	<ExtendedData><SchemaData schemaUrl="#SAFE_MunicipalFireStations_MCAC">
		<SimpleData name="OBJECTID">273</SimpleData>
		<SimpleData name="County">Caroline County</SimpleData>
		<SimpleData name="ZIP">21649</SimpleData>
		<SimpleData name="Address">110 Firehouse Ln</SimpleData>
		<SimpleData name="StationName">Marydel Volunteer Fire Company</SimpleData>
		<SimpleData name="State">MD</SimpleData>
		<SimpleData name="Type">Volunteer</SimpleData>
		<SimpleData name="Phone">302-492-3394</SimpleData>
		<SimpleData name="Fax"></SimpleData>
		<SimpleData name="Email"></SimpleData>
		<SimpleData name="Website"></SimpleData>
		<SimpleData name="City">Marydel</SimpleData>
	</SchemaData></ExtendedData>
      <Point><coordinates>-75.744808345,39.114028816</coordinates></Point>
  </Placemark>
  <Placemark>
	<ExtendedData><SchemaData schemaUrl="#SAFE_MunicipalFireStations_MCAC">
		<SimpleData name="OBJECTID">274</SimpleData>
		<SimpleData name="County">Anne Arundel County</SimpleData>
		<SimpleData name="ZIP">20724</SimpleData>
		<SimpleData name="Address">3498 Fort Meade Road</SimpleData>
		<SimpleData name="StationName">Maryland City Volunteer Fire Company</SimpleData>
		<SimpleData name="State">MD</SimpleData>
		<SimpleData name="Type">Volunteer</SimpleData>
		<SimpleData name="Phone">301-498-6161</SimpleData>
		<SimpleData name="Fax"></SimpleData>
		<SimpleData name="Email"></SimpleData>
		<SimpleData name="Website"></SimpleData>
		<SimpleData name="City">Laurel</SimpleData>
	</SchemaData></ExtendedData>
      <Point><coordinates>-76.818886579,39.101469261</coordinates></Point>
  </Placemark>
  <Placemark>
	<ExtendedData><SchemaData schemaUrl="#SAFE_MunicipalFireStations_MCAC">
		<SimpleData name="OBJECTID">275</SimpleData>
		<SimpleData name="County">Baltimore County</SimpleData>
		<SimpleData name="ZIP">21053</SimpleData>
		<SimpleData name="Address">21631 York Road</SimpleData>
		<SimpleData name="StationName">Maryland Line Volunteer Fire Company</SimpleData>
		<SimpleData name="State">MD</SimpleData>
		<SimpleData name="Type">Volunteer</SimpleData>
		<SimpleData name="Phone">410-887-1932</SimpleData>
		<SimpleData name="Fax">410-343-0906</SimpleData>
		<SimpleData name="Email"></SimpleData>
		<SimpleData name="Website">angelfire.com/md/mlvfc</SimpleData>
		<SimpleData name="City">Freeland</SimpleData>
	</SchemaData></ExtendedData>
      <Point><coordinates>-76.654800396,39.718213581</coordinates></Point>
  </Placemark>
  <Placemark>
	<ExtendedData><SchemaData schemaUrl="#SAFE_MunicipalFireStations_MCAC">
		<SimpleData name="OBJECTID">276</SimpleData>
		<SimpleData name="County">Washington County</SimpleData>
		<SimpleData name="ZIP">21767</SimpleData>
		<SimpleData name="Address">13730 Maugansville Road</SimpleData>
		<SimpleData name="StationName">Maugansville Goodwill Volunteer Fire Company</SimpleData>
		<SimpleData name="State">MD</SimpleData>
		<SimpleData name="Type">Volunteer</SimpleData>
		<SimpleData name="Phone">301-739-8515</SimpleData>
		<SimpleData name="Fax">301-739-8516</SimpleData>
		<SimpleData name="Email">mgvfc@myactv.net</SimpleData>
		<SimpleData name="Website">mgvfc.com</SimpleData>
		<SimpleData name="City">Maugansville</SimpleData>
	</SchemaData></ExtendedData>
      <Point><coordinates>-77.745317093,39.6920535510001</coordinates></Point>
  </Placemark>
  <Placemark>
	<ExtendedData><SchemaData schemaUrl="#SAFE_MunicipalFireStations_MCAC">
		<SimpleData name="OBJECTID">277</SimpleData>
		<SimpleData name="County">Allegany County</SimpleData>
		<SimpleData name="ZIP">21562</SimpleData>
		<SimpleData name="Address">24931 Crooks Ave Sw</SimpleData>
		<SimpleData name="StationName">McCoole Fire And Rescue Department</SimpleData>
		<SimpleData name="State">MD</SimpleData>
		<SimpleData name="Type">Volunteer</SimpleData>
		<SimpleData name="Phone">301-786-4311</SimpleData>
		<SimpleData name="Fax">301-786-7890</SimpleData>
		<SimpleData name="Email">admin@mfrd23.org</SimpleData>
		<SimpleData name="Website"></SimpleData>
		<SimpleData name="City">Mccoole</SimpleData>
	</SchemaData></ExtendedData>
      <Point><coordinates>-78.977209664,39.451230176</coordinates></Point>
  </Placemark>
  <Placemark>
	<ExtendedData><SchemaData schemaUrl="#SAFE_MunicipalFireStations_MCAC">
		<SimpleData name="OBJECTID">278</SimpleData>
		<SimpleData name="County">Saint Mary's County</SimpleData>
		<SimpleData name="ZIP">20659</SimpleData>
		<SimpleData name="Address">28165 Hills Club Road</SimpleData>
		<SimpleData name="StationName">Mechanicsville Volunteer Fire Department</SimpleData>
		<SimpleData name="State">MD</SimpleData>
		<SimpleData name="Type">Volunteer</SimpleData>
		<SimpleData name="Phone">301-884-4709</SimpleData>
		<SimpleData name="Fax">301-884-4139</SimpleData>
		<SimpleData name="Email">president@mvfd.com</SimpleData>
		<SimpleData name="Website">www.mvfd.com</SimpleData>
		<SimpleData name="City">Mechanicsville</SimpleData>
	</SchemaData></ExtendedData>
      <Point><coordinates>-76.74153331,38.4427025570001</coordinates></Point>
  </Placemark>
  <Placemark>
	<ExtendedData><SchemaData schemaUrl="#SAFE_MunicipalFireStations_MCAC">
		<SimpleData name="OBJECTID">279</SimpleData>
		<SimpleData name="County">Saint Mary's County</SimpleData>
		<SimpleData name="ZIP">20659</SimpleData>
		<SimpleData name="Address">28120 Old Flora Corner Road</SimpleData>
		<SimpleData name="StationName">Mechanicsville Volunteer Rescue Squad</SimpleData>
		<SimpleData name="State">MD</SimpleData>
		<SimpleData name="Type">Volunteer</SimpleData>
		<SimpleData name="Phone">301-884-2900</SimpleData>
		<SimpleData name="Fax"></SimpleData>
		<SimpleData name="Email"></SimpleData>
		<SimpleData name="Website"></SimpleData>
		<SimpleData name="City">Mechanicsville</SimpleData>
	</SchemaData></ExtendedData>
      <Point><coordinates>-76.738858017,38.4403416800001</coordinates></Point>
  </Placemark>
  <Placemark>
	<ExtendedData><SchemaData schemaUrl="#SAFE_MunicipalFireStations_MCAC">
		<SimpleData name="OBJECTID">280</SimpleData>
		<SimpleData name="County">Baltimore County</SimpleData>
		<SimpleData name="ZIP">21220</SimpleData>
		<SimpleData name="Address">2000 Leland Ave</SimpleData>
		<SimpleData name="StationName">Middle River Volunteer Ambulance Rescue Company</SimpleData>
		<SimpleData name="State">MD</SimpleData>
		<SimpleData name="Type">Volunteer</SimpleData>
		<SimpleData name="Phone">410-687-5328</SimpleData>
		<SimpleData name="Fax"></SimpleData>
		<SimpleData name="Email"></SimpleData>
		<SimpleData name="Website"></SimpleData>
		<SimpleData name="City">Baltimore</SimpleData>
	</SchemaData></ExtendedData>
      <Point><coordinates>-76.4338592989999,39.3351335340001</coordinates></Point>
  </Placemark>
  <Placemark>
	<ExtendedData><SchemaData schemaUrl="#SAFE_MunicipalFireStations_MCAC">
		<SimpleData name="OBJECTID">281</SimpleData>
		<SimpleData name="County">Baltimore County</SimpleData>
		<SimpleData name="ZIP">21220</SimpleData>
		<SimpleData name="Address">1100 Wilson Point Road</SimpleData>
		<SimpleData name="StationName">Middle River Volunteer Fire Company Station 22</SimpleData>
		<SimpleData name="State">MD</SimpleData>
		<SimpleData name="Type">Volunteer</SimpleData>
		<SimpleData name="Phone">410-889-0326</SimpleData>
		<SimpleData name="Fax">410-687-4507</SimpleData>
		<SimpleData name="Email">cao220@bcvfa.org</SimpleData>
		<SimpleData name="Website">mrvfc.org</SimpleData>
		<SimpleData name="City">Middle River</SimpleData>
	</SchemaData></ExtendedData>
      <Point><coordinates>-76.423277749,39.322136777</coordinates></Point>
  </Placemark>
  <Placemark>
	<ExtendedData><SchemaData schemaUrl="#SAFE_MunicipalFireStations_MCAC">
		<SimpleData name="OBJECTID">282</SimpleData>
		<SimpleData name="County">Baltimore County</SimpleData>
		<SimpleData name="ZIP">21221</SimpleData>
		<SimpleData name="Address">1913 Middleborough Road</SimpleData>
		<SimpleData name="StationName">Middleborough Volunteer Fire Dept. Station 23</SimpleData>
		<SimpleData name="State">MD</SimpleData>
		<SimpleData name="Type">Volunteer</SimpleData>
		<SimpleData name="Phone">410-686-0214</SimpleData>
		<SimpleData name="Fax">410-686-0214</SimpleData>
		<SimpleData name="Email">cao230@bcvf0326a.org</SimpleData>
		<SimpleData name="Website">orgsites.com/md/middleborough/mc</SimpleData>
		<SimpleData name="City">Baltimore</SimpleData>
	</SchemaData></ExtendedData>
      <Point><coordinates>-76.4312611079999,39.307228308</coordinates></Point>
  </Placemark>
  <Placemark>
	<ExtendedData><SchemaData schemaUrl="#SAFE_MunicipalFireStations_MCAC">
		<SimpleData name="OBJECTID">283</SimpleData>
		<SimpleData name="County">Frederick County</SimpleData>
		<SimpleData name="ZIP">21769</SimpleData>
		<SimpleData name="Address">135 S Church St</SimpleData>
		<SimpleData name="StationName">Middletown Volunteer Fire Company</SimpleData>
		<SimpleData name="State">MD</SimpleData>
		<SimpleData name="Type">Volunteer</SimpleData>
		<SimpleData name="Phone"></SimpleData>
		<SimpleData name="Fax"></SimpleData>
		<SimpleData name="Email"></SimpleData>
		<SimpleData name="Website"></SimpleData>
		<SimpleData name="City">Middletown</SimpleData>
	</SchemaData></ExtendedData>
      <Point><coordinates>-77.545566897,39.441676697</coordinates></Point>
  </Placemark>
  <Placemark>
	<ExtendedData><SchemaData schemaUrl="#SAFE_MunicipalFireStations_MCAC">
		<SimpleData name="OBJECTID">284</SimpleData>
		<SimpleData name="County">Frederick County</SimpleData>
		<SimpleData name="ZIP">21769</SimpleData>
		<SimpleData name="Address">13 S Church St</SimpleData>
		<SimpleData name="StationName">Middletown Volunter Fire Company</SimpleData>
		<SimpleData name="State">MD</SimpleData>
		<SimpleData name="Type">Volunteer</SimpleData>
		<SimpleData name="Phone">301-371-6907</SimpleData>
		<SimpleData name="Fax">301-371-8986</SimpleData>
		<SimpleData name="Email">president@middletownvfd.org</SimpleData>
		<SimpleData name="Website">middletownvfd.org</SimpleData>
		<SimpleData name="City">Middletown</SimpleData>
	</SchemaData></ExtendedData>
      <Point><coordinates>-77.54569326,39.442995545</coordinates></Point>
  </Placemark>
  <Placemark>
	<ExtendedData><SchemaData schemaUrl="#SAFE_MunicipalFireStations_MCAC">
		<SimpleData name="OBJECTID">285</SimpleData>
		<SimpleData name="County">Allegany County</SimpleData>
		<SimpleData name="ZIP">21532</SimpleData>
		<SimpleData name="Address">14809 Railroad St</SimpleData>
		<SimpleData name="StationName">Midland Fire Company</SimpleData>
		<SimpleData name="State">MD</SimpleData>
		<SimpleData name="Type">Volunteer</SimpleData>
		<SimpleData name="Phone"></SimpleData>
		<SimpleData name="Fax"></SimpleData>
		<SimpleData name="Email"></SimpleData>
		<SimpleData name="Website"></SimpleData>
		<SimpleData name="City">Midland</SimpleData>
	</SchemaData></ExtendedData>
      <Point><coordinates>-78.950858266,39.591123908</coordinates></Point>
  </Placemark>
  <Placemark>
	<ExtendedData><SchemaData schemaUrl="#SAFE_MunicipalFireStations_MCAC">
		<SimpleData name="OBJECTID">286</SimpleData>
		<SimpleData name="County">Prince George's County</SimpleData>
		<SimpleData name="ZIP">20746</SimpleData>
		<SimpleData name="Address">6200 Suitland Road</SimpleData>
		<SimpleData name="StationName">Morningside Volunteer Fire Department Sta 27</SimpleData>
		<SimpleData name="State">MD</SimpleData>
		<SimpleData name="Type">Volunteer</SimpleData>
		<SimpleData name="Phone">301-736-4342</SimpleData>
		<SimpleData name="Fax">301-967-7152</SimpleData>
		<SimpleData name="Email">mvfd27@digizen.net</SimpleData>
		<SimpleData name="Website">morningsidevfd.com</SimpleData>
		<SimpleData name="City">Morningside</SimpleData>
	</SchemaData></ExtendedData>
      <Point><coordinates>-76.9007422989999,38.833681045</coordinates></Point>
  </Placemark>
  <Placemark>
	<ExtendedData><SchemaData schemaUrl="#SAFE_MunicipalFireStations_MCAC">
		<SimpleData name="OBJECTID">287</SimpleData>
		<SimpleData name="County">Washington County</SimpleData>
		<SimpleData name="ZIP">21742</SimpleData>
		<SimpleData name="Address">10305 Crystal Falls Dr</SimpleData>
		<SimpleData name="StationName">Mount Aetna Volunteer Fire Department</SimpleData>
		<SimpleData name="State">MD</SimpleData>
		<SimpleData name="Type">Volunteer</SimpleData>
		<SimpleData name="Phone">301-797-5555</SimpleData>
		<SimpleData name="Fax">301-797-0078</SimpleData>
		<SimpleData name="Email">DALEM33@aol.com</SimpleData>
		<SimpleData name="Website"></SimpleData>
		<SimpleData name="City">Hagerstown</SimpleData>
	</SchemaData></ExtendedData>
      <Point><coordinates>-77.600074676,39.5971652310001</coordinates></Point>
  </Placemark>
  <Placemark>
	<ExtendedData><SchemaData schemaUrl="#SAFE_MunicipalFireStations_MCAC">
		<SimpleData name="OBJECTID">288</SimpleData>
		<SimpleData name="County">Allegany County</SimpleData>
		<SimpleData name="ZIP">21545</SimpleData>
		<SimpleData name="Address">15701 Iron Rail St Nw</SimpleData>
		<SimpleData name="StationName">Mt. Savage Volunteer Fire Company</SimpleData>
		<SimpleData name="State">MD</SimpleData>
		<SimpleData name="Type">Volunteer</SimpleData>
		<SimpleData name="Phone">301-264-3311</SimpleData>
		<SimpleData name="Fax">301-264-3145</SimpleData>
		<SimpleData name="Email">corrado@hereintown.net</SimpleData>
		<SimpleData name="Website"></SimpleData>
		<SimpleData name="City">Mt. Savage</SimpleData>
	</SchemaData></ExtendedData>
      <Point><coordinates>-78.8775393069999,39.6948268830001</coordinates></Point>
  </Placemark>
  <Placemark>
	<ExtendedData><SchemaData schemaUrl="#SAFE_MunicipalFireStations_MCAC">
		<SimpleData name="OBJECTID">289</SimpleData>
		<SimpleData name="County">Somerset County</SimpleData>
		<SimpleData name="ZIP">21853</SimpleData>
		<SimpleData name="Address">27440 Mt Vernon Road</SimpleData>
		<SimpleData name="StationName">Mt. Vernon Volunteer Fire Company</SimpleData>
		<SimpleData name="State">MD</SimpleData>
		<SimpleData name="Type">Volunteer</SimpleData>
		<SimpleData name="Phone">410-651-2100</SimpleData>
		<SimpleData name="Fax"></SimpleData>
		<SimpleData name="Email"></SimpleData>
		<SimpleData name="Website"></SimpleData>
		<SimpleData name="City">Princess Anne</SimpleData>
	</SchemaData></ExtendedData>
      <Point><coordinates>-75.800040985,38.246971526</coordinates></Point>
  </Placemark>
  <Placemark>
	<ExtendedData><SchemaData schemaUrl="#SAFE_MunicipalFireStations_MCAC">
		<SimpleData name="OBJECTID">290</SimpleData>
		<SimpleData name="County">Frederick County</SimpleData>
		<SimpleData name="ZIP">21773</SimpleData>
		<SimpleData name="Address">301 Main St</SimpleData>
		<SimpleData name="StationName">Myersville Volunteer Fire Company</SimpleData>
		<SimpleData name="State">MD</SimpleData>
		<SimpleData name="Type">Volunteer</SimpleData>
		<SimpleData name="Phone">301-293-9817</SimpleData>
		<SimpleData name="Fax">301-293-9828</SimpleData>
		<SimpleData name="Email">raymon115@aol.com</SimpleData>
		<SimpleData name="Website">myersvillevfc.com</SimpleData>
		<SimpleData name="City">Myersville</SimpleData>
	</SchemaData></ExtendedData>
      <Point><coordinates>-77.5650582499999,39.506072642</coordinates></Point>
  </Placemark>
  <Placemark>
	<ExtendedData><SchemaData schemaUrl="#SAFE_MunicipalFireStations_MCAC">
		<SimpleData name="OBJECTID">291</SimpleData>
		<SimpleData name="County">Charles County</SimpleData>
		<SimpleData name="ZIP">20662</SimpleData>
		<SimpleData name="Address">4260 Port Tobacco Road</SimpleData>
		<SimpleData name="StationName">Nanjemoy Volunteer Fire Department</SimpleData>
		<SimpleData name="State">MD</SimpleData>
		<SimpleData name="Type">Volunteer</SimpleData>
		<SimpleData name="Phone">301-743-2115</SimpleData>
		<SimpleData name="Fax">301-743-2151</SimpleData>
		<SimpleData name="Email"></SimpleData>
		<SimpleData name="Website"></SimpleData>
		<SimpleData name="City">Nanjemoy</SimpleData>
	</SchemaData></ExtendedData>
      <Point><coordinates>-77.215679053,38.4543158490001</coordinates></Point>
  </Placemark>
  <Placemark>
	<ExtendedData><SchemaData schemaUrl="#SAFE_MunicipalFireStations_MCAC">
		<SimpleData name="OBJECTID">292</SimpleData>
		<SimpleData name="County">Dorchester County</SimpleData>
		<SimpleData name="ZIP">21613</SimpleData>
		<SimpleData name="Address">954 Cooks Point Road</SimpleData>
		<SimpleData name="StationName">Neck District Volunteer Fire Company</SimpleData>
		<SimpleData name="State">MD</SimpleData>
		<SimpleData name="Type">Volunteer</SimpleData>
		<SimpleData name="Phone">410-228-2434</SimpleData>
		<SimpleData name="Fax"></SimpleData>
		<SimpleData name="Email"></SimpleData>
		<SimpleData name="Website"></SimpleData>
		<SimpleData name="City">Cambridge</SimpleData>
	</SchemaData></ExtendedData>
      <Point><coordinates>-76.246205372,38.601488391</coordinates></Point>
  </Placemark>
  <Placemark>
	<ExtendedData><SchemaData schemaUrl="#SAFE_MunicipalFireStations_MCAC">
		<SimpleData name="OBJECTID">293</SimpleData>
		<SimpleData name="County">Frederick County</SimpleData>
		<SimpleData name="ZIP">21774</SimpleData>
		<SimpleData name="Address">76 W Main St</SimpleData>
		<SimpleData name="StationName">New Market District Volunteer Fire Department</SimpleData>
		<SimpleData name="State">MD</SimpleData>
		<SimpleData name="Type">Volunteer</SimpleData>
		<SimpleData name="Phone">301-865-5700</SimpleData>
		<SimpleData name="Fax">301-865-8148</SimpleData>
		<SimpleData name="Email">fpdep1@xecu.net</SimpleData>
		<SimpleData name="Website"></SimpleData>
		<SimpleData name="City">New Market</SimpleData>
	</SchemaData></ExtendedData>
      <Point><coordinates>-77.2740187809999,39.3823070030001</coordinates></Point>
  </Placemark>
  <Placemark>
	<ExtendedData><SchemaData schemaUrl="#SAFE_MunicipalFireStations_MCAC">
		<SimpleData name="OBJECTID">294</SimpleData>
		<SimpleData name="County">Carroll County</SimpleData>
		<SimpleData name="ZIP">21776</SimpleData>
		<SimpleData name="Address">209 High St</SimpleData>
		<SimpleData name="StationName">New Windsor Fire And Hose Company No. 1</SimpleData>
		<SimpleData name="State">MD</SimpleData>
		<SimpleData name="Type">Volunteer</SimpleData>
		<SimpleData name="Phone">410-635-6373</SimpleData>
		<SimpleData name="Fax">410-848-6711</SimpleData>
		<SimpleData name="Email">info@nwfd10.org</SimpleData>
		<SimpleData name="Website">nwfd10.org</SimpleData>
		<SimpleData name="City">New Windsor</SimpleData>
	</SchemaData></ExtendedData>
      <Point><coordinates>-77.108231213,39.5424881820001</coordinates></Point>
  </Placemark>
  <Placemark>
	<ExtendedData><SchemaData schemaUrl="#SAFE_MunicipalFireStations_MCAC">
		<SimpleData name="OBJECTID">295</SimpleData>
		<SimpleData name="County">Worcester County</SimpleData>
		<SimpleData name="ZIP">21841</SimpleData>
		<SimpleData name="Address">8605 Newark Road</SimpleData>
		<SimpleData name="StationName">Newark Volunteer Fire Company</SimpleData>
		<SimpleData name="State">MD</SimpleData>
		<SimpleData name="Type">Volunteer</SimpleData>
		<SimpleData name="Phone">410-632-3980</SimpleData>
		<SimpleData name="Fax"></SimpleData>
		<SimpleData name="Email"></SimpleData>
		<SimpleData name="Website"></SimpleData>
		<SimpleData name="City">Newark</SimpleData>
	</SchemaData></ExtendedData>
      <Point><coordinates>-75.28255183,38.253021602</coordinates></Point>
  </Placemark>
  <Placemark>
	<ExtendedData><SchemaData schemaUrl="#SAFE_MunicipalFireStations_MCAC">
		<SimpleData name="OBJECTID">296</SimpleData>
		<SimpleData name="County">Worcester County</SimpleData>
		<SimpleData name="ZIP">21841</SimpleData>
		<SimpleData name="Address">8334 Newark Rd</SimpleData>
		<SimpleData name="StationName">Newark Volunteer Fire Company - Station 500</SimpleData>
		<SimpleData name="State">MD</SimpleData>
		<SimpleData name="Type">Volunteer</SimpleData>
		<SimpleData name="Phone">410-632-3980</SimpleData>
		<SimpleData name="Fax"></SimpleData>
		<SimpleData name="Email"></SimpleData>
		<SimpleData name="Website"></SimpleData>
		<SimpleData name="City">Newark</SimpleData>
	</SchemaData></ExtendedData>
      <Point><coordinates>-75.2938639989999,38.249494645</coordinates></Point>
  </Placemark>
  <Placemark>
	<ExtendedData><SchemaData schemaUrl="#SAFE_MunicipalFireStations_MCAC">
		<SimpleData name="OBJECTID">297</SimpleData>
		<SimpleData name="County">Charles County</SimpleData>
		<SimpleData name="ZIP">20664</SimpleData>
		<SimpleData name="Address">12245 Rock Point Road</SimpleData>
		<SimpleData name="StationName">Newburg Volunteer Rescue Squad</SimpleData>
		<SimpleData name="State">MD</SimpleData>
		<SimpleData name="Type">Volunteer</SimpleData>
		<SimpleData name="Phone">301-259-0029</SimpleData>
		<SimpleData name="Fax"></SimpleData>
		<SimpleData name="Email"></SimpleData>
		<SimpleData name="Website"></SimpleData>
		<SimpleData name="City">Newburg</SimpleData>
	</SchemaData></ExtendedData>
      <Point><coordinates>-76.954069244,38.3756402770001</coordinates></Point>
  </Placemark>
  <Placemark>
	<ExtendedData><SchemaData schemaUrl="#SAFE_MunicipalFireStations_MCAC">
		<SimpleData name="OBJECTID">298</SimpleData>
		<SimpleData name="County">Harford County</SimpleData>
		<SimpleData name="ZIP">21132</SimpleData>
		<SimpleData name="Address">2134 Harkins Road</SimpleData>
		<SimpleData name="StationName">Norrisville Volunteer Fire Company</SimpleData>
		<SimpleData name="State">MD</SimpleData>
		<SimpleData name="Type">Volunteer</SimpleData>
		<SimpleData name="Phone">410-638-3644</SimpleData>
		<SimpleData name="Fax">410-638-3647</SimpleData>
		<SimpleData name="Email">info@nvfc10.org</SimpleData>
		<SimpleData name="Website"></SimpleData>
		<SimpleData name="City">Pylesville</SimpleData>
	</SchemaData></ExtendedData>
      <Point><coordinates>-76.4865653749999,39.7016831340001</coordinates></Point>
  </Placemark>
  <Placemark>
	<ExtendedData><SchemaData schemaUrl="#SAFE_MunicipalFireStations_MCAC">
		<SimpleData name="OBJECTID">299</SimpleData>
		<SimpleData name="County">Calvert County</SimpleData>
		<SimpleData name="ZIP">20732</SimpleData>
		<SimpleData name="Address">8536 Bayside Road</SimpleData>
		<SimpleData name="StationName">North Beach Volunteer Fire Department</SimpleData>
		<SimpleData name="State">MD</SimpleData>
		<SimpleData name="Type">Volunteer</SimpleData>
		<SimpleData name="Phone">410-257-6564</SimpleData>
		<SimpleData name="Fax">301-855-2271</SimpleData>
		<SimpleData name="Email"></SimpleData>
		<SimpleData name="Website"></SimpleData>
		<SimpleData name="City">Chesapeake Beach</SimpleData>
	</SchemaData></ExtendedData>
      <Point><coordinates>-76.535155698,38.69856314</coordinates></Point>
  </Placemark>
  <Placemark>
	<ExtendedData><SchemaData schemaUrl="#SAFE_MunicipalFireStations_MCAC">
		<SimpleData name="OBJECTID">300</SimpleData>
		<SimpleData name="County">Cecil County</SimpleData>
		<SimpleData name="ZIP">21901</SimpleData>
		<SimpleData name="Address">210 S Mauldin Ave</SimpleData>
		<SimpleData name="StationName">North East Fire Company</SimpleData>
		<SimpleData name="State">MD</SimpleData>
		<SimpleData name="Type">Volunteer</SimpleData>
		<SimpleData name="Phone">410-287-2112</SimpleData>
		<SimpleData name="Fax">410-287-6913</SimpleData>
		<SimpleData name="Email">admin@nefc4.com</SimpleData>
		<SimpleData name="Website">nefc4.com</SimpleData>
		<SimpleData name="City">North East</SimpleData>
	</SchemaData></ExtendedData>
      <Point><coordinates>-75.939835554,39.5978166240001</coordinates></Point>
  </Placemark>
  <Placemark>
	<ExtendedData><SchemaData schemaUrl="#SAFE_MunicipalFireStations_MCAC">
		<SimpleData name="OBJECTID">301</SimpleData>
		<SimpleData name="County">Baltimore County</SimpleData>
		<SimpleData name="ZIP">21219</SimpleData>
		<SimpleData name="Address">7500 North Point Road</SimpleData>
		<SimpleData name="StationName">North Point-Edgemere Volunteer Fire Department - Station 26</SimpleData>
		<SimpleData name="State">MD</SimpleData>
		<SimpleData name="Type">Volunteer</SimpleData>
		<SimpleData name="Phone">410-887-7554</SimpleData>
		<SimpleData name="Fax"></SimpleData>
		<SimpleData name="Email"></SimpleData>
		<SimpleData name="Website"></SimpleData>
		<SimpleData name="City">Sparrows Point</SimpleData>
	</SchemaData></ExtendedData>
      <Point><coordinates>-76.4423420589999,39.2368309390001</coordinates></Point>
  </Placemark>
  <Placemark>
	<ExtendedData><SchemaData schemaUrl="#SAFE_MunicipalFireStations_MCAC">
		<SimpleData name="OBJECTID">302</SimpleData>
		<SimpleData name="County">Garrett County</SimpleData>
		<SimpleData name="ZIP">21536</SimpleData>
		<SimpleData name="Address">124 Miller St</SimpleData>
		<SimpleData name="StationName">Northern Garrett County Rescue Squad</SimpleData>
		<SimpleData name="State">MD</SimpleData>
		<SimpleData name="Type">Volunteer</SimpleData>
		<SimpleData name="Phone">301-895-5520</SimpleData>
		<SimpleData name="Fax">301-895-4618</SimpleData>
		<SimpleData name="Email"></SimpleData>
		<SimpleData name="Website">ngcrs.org</SimpleData>
		<SimpleData name="City">Grantsville</SimpleData>
	</SchemaData></ExtendedData>
      <Point><coordinates>-79.153235028,39.6970796580001</coordinates></Point>
  </Placemark>
  <Placemark>
	<ExtendedData><SchemaData schemaUrl="#SAFE_MunicipalFireStations_MCAC">
		<SimpleData name="OBJECTID">303</SimpleData>
		<SimpleData name="County">Garrett County</SimpleData>
		<SimpleData name="ZIP">21550</SimpleData>
		<SimpleData name="Address">31 S 3rd St</SimpleData>
		<SimpleData name="StationName">Oakland Volunteer Fire Department</SimpleData>
		<SimpleData name="State">MD</SimpleData>
		<SimpleData name="Type">Volunteer</SimpleData>
		<SimpleData name="Phone">301-334-3535</SimpleData>
		<SimpleData name="Fax"></SimpleData>
		<SimpleData name="Email"></SimpleData>
		<SimpleData name="Website"></SimpleData>
		<SimpleData name="City">Oakland</SimpleData>
	</SchemaData></ExtendedData>
      <Point><coordinates>-79.4066135959999,39.409425346</coordinates></Point>
  </Placemark>
  <Placemark>
	<ExtendedData><SchemaData schemaUrl="#SAFE_MunicipalFireStations_MCAC">
		<SimpleData name="OBJECTID">304</SimpleData>
		<SimpleData name="County">Worcester County</SimpleData>
		<SimpleData name="ZIP">21842</SimpleData>
		<SimpleData name="Address">1409 Philadelphia Ave</SimpleData>
		<SimpleData name="StationName">Ocean City Volunteer Fire Company HQ</SimpleData>
		<SimpleData name="State">MD</SimpleData>
		<SimpleData name="Type">Volunteer</SimpleData>
		<SimpleData name="Phone">410-289-4346</SimpleData>
		<SimpleData name="Fax">410-289-8421</SimpleData>
		<SimpleData name="Email">reteger@ocvfc.com</SimpleData>
		<SimpleData name="Website">www.ocvfc.com</SimpleData>
		<SimpleData name="City">Ocean City</SimpleData>
	</SchemaData></ExtendedData>
      <Point><coordinates>-75.080520226,38.3453202330001</coordinates></Point>
  </Placemark>
  <Placemark>
	<ExtendedData><SchemaData schemaUrl="#SAFE_MunicipalFireStations_MCAC">
		<SimpleData name="OBJECTID">305</SimpleData>
		<SimpleData name="County">Worcester County</SimpleData>
		<SimpleData name="ZIP">21842</SimpleData>
		<SimpleData name="Address">74Th St &amp; Coastal Hwy</SimpleData>
		<SimpleData name="StationName">Ocean City Volunteer Fire Company Sta. 3</SimpleData>
		<SimpleData name="State">MD</SimpleData>
		<SimpleData name="Type">Volunteer</SimpleData>
		<SimpleData name="Phone"></SimpleData>
		<SimpleData name="Fax"></SimpleData>
		<SimpleData name="Email"></SimpleData>
		<SimpleData name="Website"></SimpleData>
		<SimpleData name="City">Ocean City</SimpleData>
	</SchemaData></ExtendedData>
      <Point><coordinates>-75.063335934,38.394643122</coordinates></Point>
  </Placemark>
  <Placemark>
	<ExtendedData><SchemaData schemaUrl="#SAFE_MunicipalFireStations_MCAC">
		<SimpleData name="OBJECTID">306</SimpleData>
		<SimpleData name="County">Worcester County</SimpleData>
		<SimpleData name="ZIP">21842</SimpleData>
		<SimpleData name="Address">130Th St &amp; Coastal Hwy</SimpleData>
		<SimpleData name="StationName">Ocean City Volunteer Fire Company Sta. 4</SimpleData>
		<SimpleData name="State">MD</SimpleData>
		<SimpleData name="Type">Volunteer</SimpleData>
		<SimpleData name="Phone"></SimpleData>
		<SimpleData name="Fax"></SimpleData>
		<SimpleData name="Email"></SimpleData>
		<SimpleData name="Website"></SimpleData>
		<SimpleData name="City">Ocean City</SimpleData>
	</SchemaData></ExtendedData>
      <Point><coordinates>-75.054384985,38.43541029</coordinates></Point>
  </Placemark>
  <Placemark>
	<ExtendedData><SchemaData schemaUrl="#SAFE_MunicipalFireStations_MCAC">
		<SimpleData name="OBJECTID">307</SimpleData>
		<SimpleData name="County">Worcester County</SimpleData>
		<SimpleData name="ZIP">21842</SimpleData>
		<SimpleData name="Address">102 Dorchester St</SimpleData>
		<SimpleData name="StationName">Ocean City Volunteer Fire Company Sta. 2</SimpleData>
		<SimpleData name="State">MD</SimpleData>
		<SimpleData name="Type">Volunteer</SimpleData>
		<SimpleData name="Phone"></SimpleData>
		<SimpleData name="Fax"></SimpleData>
		<SimpleData name="Email"></SimpleData>
		<SimpleData name="Website"></SimpleData>
		<SimpleData name="City">Ocean City</SimpleData>
	</SchemaData></ExtendedData>
      <Point><coordinates>-75.087285676,38.3301314280001</coordinates></Point>
  </Placemark>
  <Placemark>
	<ExtendedData><SchemaData schemaUrl="#SAFE_MunicipalFireStations_MCAC">
		<SimpleData name="OBJECTID">308</SimpleData>
		<SimpleData name="County">Worcester County</SimpleData>
		<SimpleData name="ZIP">21811</SimpleData>
		<SimpleData name="Address">911 Ocean Pkwy</SimpleData>
		<SimpleData name="StationName">Ocean Pines Volunteer Fire Company Station 11</SimpleData>
		<SimpleData name="State">MD</SimpleData>
		<SimpleData name="Type">Volunteer</SimpleData>
		<SimpleData name="Phone">410-641-8272</SimpleData>
		<SimpleData name="Fax"></SimpleData>
		<SimpleData name="Email"></SimpleData>
		<SimpleData name="Website"></SimpleData>
		<SimpleData name="City">Ocean Pines</SimpleData>
	</SchemaData></ExtendedData>
      <Point><coordinates>-75.159662177,38.3788658300001</coordinates></Point>
  </Placemark>
  <Placemark>
	<ExtendedData><SchemaData schemaUrl="#SAFE_MunicipalFireStations_MCAC">
		<SimpleData name="OBJECTID">309</SimpleData>
		<SimpleData name="County">Anne Arundel County</SimpleData>
		<SimpleData name="ZIP">21113</SimpleData>
		<SimpleData name="Address">1425 Annapolis Road</SimpleData>
		<SimpleData name="StationName">Odenton Volunteer Fire Company</SimpleData>
		<SimpleData name="State">MD</SimpleData>
		<SimpleData name="Type">Volunteer</SimpleData>
		<SimpleData name="Phone">410-674-4444</SimpleData>
		<SimpleData name="Fax">410-672-0758</SimpleData>
		<SimpleData name="Email">joinovfc@verizon.net</SimpleData>
		<SimpleData name="Website">ovfc28.org</SimpleData>
		<SimpleData name="City">Odenton</SimpleData>
	</SchemaData></ExtendedData>
      <Point><coordinates>-76.711115782,39.0903756590001</coordinates></Point>
  </Placemark>
  <Placemark>
	<ExtendedData><SchemaData schemaUrl="#SAFE_MunicipalFireStations_MCAC">
		<SimpleData name="OBJECTID">310</SimpleData>
		<SimpleData name="County">Allegany County</SimpleData>
		<SimpleData name="ZIP">21555</SimpleData>
		<SimpleData name="Address">18712 Oldtown Road Se</SimpleData>
		<SimpleData name="StationName">Oldtown Volunteer Fire Company</SimpleData>
		<SimpleData name="State">MD</SimpleData>
		<SimpleData name="Type">Volunteer</SimpleData>
		<SimpleData name="Phone">301-478-5151</SimpleData>
		<SimpleData name="Fax">301-478-5400</SimpleData>
		<SimpleData name="Email">co13@allconet.org</SimpleData>
		<SimpleData name="Website">www.fire-ems.net/firedept/view/oldtownmd</SimpleData>
		<SimpleData name="City">Oldtown</SimpleData>
	</SchemaData></ExtendedData>
      <Point><coordinates>-78.618075951,39.5436656310001</coordinates></Point>
  </Placemark>
  <Placemark>
	<ExtendedData><SchemaData schemaUrl="#SAFE_MunicipalFireStations_MCAC">
		<SimpleData name="OBJECTID">311</SimpleData>
		<SimpleData name="County">Anne Arundel County</SimpleData>
		<SimpleData name="ZIP">21061</SimpleData>
		<SimpleData name="Address">7549 Solley Road</SimpleData>
		<SimpleData name="StationName">Orchard Beach Volunteer Fire Company</SimpleData>
		<SimpleData name="State">MD</SimpleData>
		<SimpleData name="Type">Volunteer</SimpleData>
		<SimpleData name="Phone">410-255-1505</SimpleData>
		<SimpleData name="Fax">410-437-2948</SimpleData>
		<SimpleData name="Email">orchardbeach11@yahoo</SimpleData>
		<SimpleData name="Website">orchidbeachvfd.com</SimpleData>
		<SimpleData name="City">Glen Burnie</SimpleData>
	</SchemaData></ExtendedData>
      <Point><coordinates>-76.550099576,39.1787241220001</coordinates></Point>
  </Placemark>
  <Placemark>
	<ExtendedData><SchemaData schemaUrl="#SAFE_MunicipalFireStations_MCAC">
		<SimpleData name="OBJECTID">312</SimpleData>
		<SimpleData name="County">Allegany County</SimpleData>
		<SimpleData name="ZIP">21766</SimpleData>
		<SimpleData name="Address">12210 Orleans Road Ne</SimpleData>
		<SimpleData name="StationName">Orleans Volunteer Fire Department</SimpleData>
		<SimpleData name="State">MD</SimpleData>
		<SimpleData name="Type">Volunteer</SimpleData>
		<SimpleData name="Phone">301-478-2229</SimpleData>
		<SimpleData name="Fax">301-478-3699</SimpleData>
		<SimpleData name="Email">ovfd43@tje1.com</SimpleData>
		<SimpleData name="Website"></SimpleData>
		<SimpleData name="City">Little Orleans</SimpleData>
	</SchemaData></ExtendedData>
      <Point><coordinates>-78.381646594,39.695227641</coordinates></Point>
  </Placemark>
  <Placemark>
	<ExtendedData><SchemaData schemaUrl="#SAFE_MunicipalFireStations_MCAC">
		<SimpleData name="OBJECTID">313</SimpleData>
		<SimpleData name="County">Baltimore County</SimpleData>
		<SimpleData name="ZIP">21117</SimpleData>
		<SimpleData name="Address">10401 Owings Mills Blvd</SimpleData>
		<SimpleData name="StationName">Owings Mills Volunteer Fire Compnay Station 31</SimpleData>
		<SimpleData name="State">MD</SimpleData>
		<SimpleData name="Type">Volunteer</SimpleData>
		<SimpleData name="Phone">410-363-1933</SimpleData>
		<SimpleData name="Fax"></SimpleData>
		<SimpleData name="Email"></SimpleData>
		<SimpleData name="Website"></SimpleData>
		<SimpleData name="City">Owings Mills</SimpleData>
	</SchemaData></ExtendedData>
      <Point><coordinates>-76.7774037299999,39.421224862</coordinates></Point>
  </Placemark>
  <Placemark>
	<ExtendedData><SchemaData schemaUrl="#SAFE_MunicipalFireStations_MCAC">
		<SimpleData name="OBJECTID">314</SimpleData>
		<SimpleData name="County">Talbot County</SimpleData>
		<SimpleData name="ZIP">21654</SimpleData>
		<SimpleData name="Address">300 Oxford Road</SimpleData>
		<SimpleData name="StationName">Oxford Volunteer Fire Company</SimpleData>
		<SimpleData name="State">MD</SimpleData>
		<SimpleData name="Type">Volunteer</SimpleData>
		<SimpleData name="Phone">410-226-5110</SimpleData>
		<SimpleData name="Fax">410-226-5206</SimpleData>
		<SimpleData name="Email">fgoodwin@oxfordfireco.org</SimpleData>
		<SimpleData name="Website">www.oxfordfireco.org</SimpleData>
		<SimpleData name="City">Oxford</SimpleData>
	</SchemaData></ExtendedData>
      <Point><coordinates>-76.1664679629999,38.684053745</coordinates></Point>
  </Placemark>
  <Placemark>
	<ExtendedData><SchemaData schemaUrl="#SAFE_MunicipalFireStations_MCAC">
		<SimpleData name="OBJECTID">315</SimpleData>
		<SimpleData name="County">Prince George's County</SimpleData>
		<SimpleData name="ZIP">20745</SimpleData>
		<SimpleData name="Address">7600 Livingston Road</SimpleData>
		<SimpleData name="StationName">Oxon Hill Volunteer Fire And Rescue Co Sta. 21</SimpleData>
		<SimpleData name="State">MD</SimpleData>
		<SimpleData name="Type">Volunteer</SimpleData>
		<SimpleData name="Phone"></SimpleData>
		<SimpleData name="Fax"></SimpleData>
		<SimpleData name="Email"></SimpleData>
		<SimpleData name="Website"></SimpleData>
		<SimpleData name="City">Oxon Hill</SimpleData>
	</SchemaData></ExtendedData>
      <Point><coordinates>-76.990578214,38.7851265910001</coordinates></Point>
  </Placemark>
  <Placemark>
	<ExtendedData><SchemaData schemaUrl="#SAFE_MunicipalFireStations_MCAC">
		<SimpleData name="OBJECTID">316</SimpleData>
		<SimpleData name="County">Prince George's County</SimpleData>
		<SimpleData name="ZIP">20745</SimpleData>
		<SimpleData name="Address">1100 Marcy Ave</SimpleData>
		<SimpleData name="StationName">Oxon Hill Volunteer Fire And Rescue Company Sta 42</SimpleData>
		<SimpleData name="State">MD</SimpleData>
		<SimpleData name="Type">Volunteer</SimpleData>
		<SimpleData name="Phone"></SimpleData>
		<SimpleData name="Fax"></SimpleData>
		<SimpleData name="Email"></SimpleData>
		<SimpleData name="Website"></SimpleData>
		<SimpleData name="City">Oxon Hill</SimpleData>
	</SchemaData></ExtendedData>
      <Point><coordinates>-76.990195055,38.818021989</coordinates></Point>
  </Placemark>
  <Placemark>
	<ExtendedData><SchemaData schemaUrl="#SAFE_MunicipalFireStations_MCAC">
		<SimpleData name="OBJECTID">317</SimpleData>
		<SimpleData name="County">Prince George's County</SimpleData>
		<SimpleData name="ZIP">20745</SimpleData>
		<SimpleData name="Address">6300 Oxon Hill Rd</SimpleData>
		<SimpleData name="StationName">Oxon Hill Volunteer Fire Department</SimpleData>
		<SimpleData name="State">MD</SimpleData>
		<SimpleData name="Type">Volunteer</SimpleData>
		<SimpleData name="Phone">301-567-6333</SimpleData>
		<SimpleData name="Fax"></SimpleData>
		<SimpleData name="Email"></SimpleData>
		<SimpleData name="Website"></SimpleData>
		<SimpleData name="City">Oxon Hill</SimpleData>
	</SchemaData></ExtendedData>
      <Point><coordinates>-76.989623223,38.803243357</coordinates></Point>
  </Placemark>
  <Placemark>
	<ExtendedData><SchemaData schemaUrl="#SAFE_MunicipalFireStations_MCAC">
		<SimpleData name="OBJECTID">318</SimpleData>
		<SimpleData name="County">Wicomico County</SimpleData>
		<SimpleData name="ZIP">21849</SimpleData>
		<SimpleData name="Address">33030 Old Ocean City Road</SimpleData>
		<SimpleData name="StationName">Parsonsburg Volunteer Fire Company</SimpleData>
		<SimpleData name="State">MD</SimpleData>
		<SimpleData name="Type">Volunteer</SimpleData>
		<SimpleData name="Phone"></SimpleData>
		<SimpleData name="Fax"></SimpleData>
		<SimpleData name="Email"></SimpleData>
		<SimpleData name="Website"></SimpleData>
		<SimpleData name="City">Parsonsburg</SimpleData>
	</SchemaData></ExtendedData>
      <Point><coordinates>-75.467721839,38.389724335</coordinates></Point>
  </Placemark>
  <Placemark>
	<ExtendedData><SchemaData schemaUrl="#SAFE_MunicipalFireStations_MCAC">
		<SimpleData name="OBJECTID">319</SimpleData>
		<SimpleData name="County">Wicomico County</SimpleData>
		<SimpleData name="ZIP">21849</SimpleData>
		<SimpleData name="Address">32960 Old Ocean City Road</SimpleData>
		<SimpleData name="StationName">Parsonsburg Volunteer Fire Department</SimpleData>
		<SimpleData name="State">MD</SimpleData>
		<SimpleData name="Type">Volunteer</SimpleData>
		<SimpleData name="Phone">410-742-2408</SimpleData>
		<SimpleData name="Fax">443-260-0725</SimpleData>
		<SimpleData name="Email"></SimpleData>
		<SimpleData name="Website"></SimpleData>
		<SimpleData name="City">Parsonsburg</SimpleData>
	</SchemaData></ExtendedData>
      <Point><coordinates>-75.469300002,38.3883341050001</coordinates></Point>
  </Placemark>
  <Placemark>
	<ExtendedData><SchemaData schemaUrl="#SAFE_MunicipalFireStations_MCAC">
		<SimpleData name="OBJECTID">320</SimpleData>
		<SimpleData name="County">Baltimore County</SimpleData>
		<SimpleData name="ZIP">21208</SimpleData>
		<SimpleData name="Address">40 E Sudbrook Ln</SimpleData>
		<SimpleData name="StationName">Pikesville Volunteer Fire Company Station 32</SimpleData>
		<SimpleData name="State">MD</SimpleData>
		<SimpleData name="Type">Volunteer</SimpleData>
		<SimpleData name="Phone">410-486-9834</SimpleData>
		<SimpleData name="Fax">410-602-8583</SimpleData>
		<SimpleData name="Email">cao320@bcvfa.org</SimpleData>
		<SimpleData name="Website">pvfc32.org</SimpleData>
		<SimpleData name="City">Pikesville</SimpleData>
	</SchemaData></ExtendedData>
      <Point><coordinates>-76.720293402,39.3769599390001</coordinates></Point>
  </Placemark>
  <Placemark>
	<ExtendedData><SchemaData schemaUrl="#SAFE_MunicipalFireStations_MCAC">
		<SimpleData name="OBJECTID">321</SimpleData>
		<SimpleData name="County">Washington County</SimpleData>
		<SimpleData name="ZIP">21740</SimpleData>
		<SimpleData name="Address">21 W Franklin St</SimpleData>
		<SimpleData name="StationName">Pioneer Hook And Ladder Company</SimpleData>
		<SimpleData name="State">MD</SimpleData>
		<SimpleData name="Type">Volunteer</SimpleData>
		<SimpleData name="Phone">301-733-3338</SimpleData>
		<SimpleData name="Fax"></SimpleData>
		<SimpleData name="Email"></SimpleData>
		<SimpleData name="Website"></SimpleData>
		<SimpleData name="City">Hagerstown</SimpleData>
	</SchemaData></ExtendedData>
      <Point><coordinates>-77.720100483,39.6435500270001</coordinates></Point>
  </Placemark>
  <Placemark>
	<ExtendedData><SchemaData schemaUrl="#SAFE_MunicipalFireStations_MCAC">
		<SimpleData name="OBJECTID">322</SimpleData>
		<SimpleData name="County">Wicomico County</SimpleData>
		<SimpleData name="ZIP">21850</SimpleData>
		<SimpleData name="Address">7442 Gumboro Road</SimpleData>
		<SimpleData name="StationName">Pittsville Volunteer Fire Department</SimpleData>
		<SimpleData name="State">MD</SimpleData>
		<SimpleData name="Type">Volunteer</SimpleData>
		<SimpleData name="Phone">410-835-2323</SimpleData>
		<SimpleData name="Fax">410-835-2424</SimpleData>
		<SimpleData name="Email">wknapp2@aol.com</SimpleData>
		<SimpleData name="Website">pvfd.4t.com</SimpleData>
		<SimpleData name="City">Pittsville</SimpleData>
	</SchemaData></ExtendedData>
      <Point><coordinates>-75.413877081,38.394817887</coordinates></Point>
  </Placemark>
  <Placemark>
	<ExtendedData><SchemaData schemaUrl="#SAFE_MunicipalFireStations_MCAC">
		<SimpleData name="OBJECTID">323</SimpleData>
		<SimpleData name="County">Carroll County</SimpleData>
		<SimpleData name="ZIP">21158</SimpleData>
		<SimpleData name="Address">2030 S Pleasant Valley Road</SimpleData>
		<SimpleData name="StationName">Pleasantville Valley Community Fire Company</SimpleData>
		<SimpleData name="State">MD</SimpleData>
		<SimpleData name="Type">Volunteer</SimpleData>
		<SimpleData name="Phone">410-848-1977</SimpleData>
		<SimpleData name="Fax">410-848-6008</SimpleData>
		<SimpleData name="Email">dckrgs@msn.com</SimpleData>
		<SimpleData name="Website">pleasantvalleyfire.org</SimpleData>
		<SimpleData name="City">Westminster</SimpleData>
	</SchemaData></ExtendedData>
      <Point><coordinates>-77.04949907,39.6326628690001</coordinates></Point>
  </Placemark>
  <Placemark>
	<ExtendedData><SchemaData schemaUrl="#SAFE_MunicipalFireStations_MCAC">
		<SimpleData name="OBJECTID">324</SimpleData>
		<SimpleData name="County">Worcester County</SimpleData>
		<SimpleData name="ZIP">21851</SimpleData>
		<SimpleData name="Address">1410 Market St</SimpleData>
		<SimpleData name="StationName">Pocomoke City Volunteer Fire Company</SimpleData>
		<SimpleData name="State">MD</SimpleData>
		<SimpleData name="Type">Volunteer</SimpleData>
		<SimpleData name="Phone">410-957-2310</SimpleData>
		<SimpleData name="Fax"></SimpleData>
		<SimpleData name="Email"></SimpleData>
		<SimpleData name="Website"></SimpleData>
		<SimpleData name="City">Pocomoke City</SimpleData>
	</SchemaData></ExtendedData>
      <Point><coordinates>-75.554015529,38.0642859050001</coordinates></Point>
  </Placemark>
  <Placemark>
	<ExtendedData><SchemaData schemaUrl="#SAFE_MunicipalFireStations_MCAC">
		<SimpleData name="OBJECTID">325</SimpleData>
		<SimpleData name="County">Worcester County</SimpleData>
		<SimpleData name="ZIP">21851</SimpleData>
		<SimpleData name="Address">137 8Th St</SimpleData>
		<SimpleData name="StationName">Pocomoke Volunteer Ambulance Company</SimpleData>
		<SimpleData name="State">MD</SimpleData>
		<SimpleData name="Type">Volunteer</SimpleData>
		<SimpleData name="Phone">410-957-3600</SimpleData>
		<SimpleData name="Fax">410-957-2221</SimpleData>
		<SimpleData name="Email"></SimpleData>
		<SimpleData name="Website">pocomokeems.org</SimpleData>
		<SimpleData name="City">Pocomoke</SimpleData>
	</SchemaData></ExtendedData>
      <Point><coordinates>-75.560102732,38.0706662200001</coordinates></Point>
  </Placemark>
  <Placemark>
	<ExtendedData><SchemaData schemaUrl="#SAFE_MunicipalFireStations_MCAC">
		<SimpleData name="OBJECTID">326</SimpleData>
		<SimpleData name="County">Allegany County</SimpleData>
		<SimpleData name="ZIP">21562</SimpleData>
		<SimpleData name="Address">61 Main St</SimpleData>
		<SimpleData name="StationName">Potomac Fire Company</SimpleData>
		<SimpleData name="State">MD</SimpleData>
		<SimpleData name="Type">Volunteer</SimpleData>
		<SimpleData name="Phone">301-359-3701</SimpleData>
		<SimpleData name="Fax">301-359-3377</SimpleData>
		<SimpleData name="Email">co22@allconet.org</SimpleData>
		<SimpleData name="Website"></SimpleData>
		<SimpleData name="City">Westernport</SimpleData>
	</SchemaData></ExtendedData>
      <Point><coordinates>-79.045180939,39.4853231650001</coordinates></Point>
  </Placemark>
  <Placemark>
	<ExtendedData><SchemaData schemaUrl="#SAFE_MunicipalFireStations_MCAC">
		<SimpleData name="OBJECTID">327</SimpleData>
		<SimpleData name="County">Charles County</SimpleData>
		<SimpleData name="ZIP">20640</SimpleData>
		<SimpleData name="Address">73 Glymont Road</SimpleData>
		<SimpleData name="StationName">Potomac Heights Volunteer Fire Department &amp; Rescue Squad</SimpleData>
		<SimpleData name="State">MD</SimpleData>
		<SimpleData name="Type">Volunteer</SimpleData>
		<SimpleData name="Phone">301-743-7700</SimpleData>
		<SimpleData name="Fax">301-743-3787</SimpleData>
		<SimpleData name="Email"></SimpleData>
		<SimpleData name="Website"></SimpleData>
		<SimpleData name="City">Indian Head</SimpleData>
	</SchemaData></ExtendedData>
      <Point><coordinates>-77.1311632699999,38.604051708</coordinates></Point>
  </Placemark>
  <Placemark>
	<ExtendedData><SchemaData schemaUrl="#SAFE_MunicipalFireStations_MCAC">
		<SimpleData name="OBJECTID">328</SimpleData>
		<SimpleData name="County">Washington County</SimpleData>
		<SimpleData name="ZIP">21782</SimpleData>
		<SimpleData name="Address">2202 Dargan School Road</SimpleData>
		<SimpleData name="StationName">Potomac Valley Volunteer Fire Company</SimpleData>
		<SimpleData name="State">MD</SimpleData>
		<SimpleData name="Type">Volunteer</SimpleData>
		<SimpleData name="Phone">301-432-2130</SimpleData>
		<SimpleData name="Fax">301-432-7792</SimpleData>
		<SimpleData name="Email">fireco11@safe.quik.com</SimpleData>
		<SimpleData name="Website"></SimpleData>
		<SimpleData name="City">Sharpsburg</SimpleData>
	</SchemaData></ExtendedData>
      <Point><coordinates>-77.7334046349999,39.3746542320001</coordinates></Point>
  </Placemark>
  <Placemark>
	<ExtendedData><SchemaData schemaUrl="#SAFE_MunicipalFireStations_MCAC">
		<SimpleData name="OBJECTID">329</SimpleData>
		<SimpleData name="County">Wicomico County</SimpleData>
		<SimpleData name="ZIP">21850</SimpleData>
		<SimpleData name="Address">5085 Powellville Road</SimpleData>
		<SimpleData name="StationName">Powellville Volunteer Fire Company</SimpleData>
		<SimpleData name="State">MD</SimpleData>
		<SimpleData name="Type">Volunteer</SimpleData>
		<SimpleData name="Phone">410-835-8181</SimpleData>
		<SimpleData name="Fax"></SimpleData>
		<SimpleData name="Email"></SimpleData>
		<SimpleData name="Website"></SimpleData>
		<SimpleData name="City">Pittsville</SimpleData>
	</SchemaData></ExtendedData>
      <Point><coordinates>-75.374819064,38.3295831140001</coordinates></Point>
  </Placemark>
  <Placemark>
	<ExtendedData><SchemaData schemaUrl="#SAFE_MunicipalFireStations_MCAC">
		<SimpleData name="OBJECTID">330</SimpleData>
		<SimpleData name="County">Caroline County</SimpleData>
		<SimpleData name="ZIP">21655</SimpleData>
		<SimpleData name="Address">3680 Choptank Road</SimpleData>
		<SimpleData name="StationName">Preston Volunteer Fire Company</SimpleData>
		<SimpleData name="State">MD</SimpleData>
		<SimpleData name="Type">Volunteer</SimpleData>
		<SimpleData name="Phone">410-673-7874</SimpleData>
		<SimpleData name="Fax"></SimpleData>
		<SimpleData name="Email"></SimpleData>
		<SimpleData name="Website"></SimpleData>
		<SimpleData name="City">Preston</SimpleData>
	</SchemaData></ExtendedData>
      <Point><coordinates>-75.9120647779999,38.7093237060001</coordinates></Point>
  </Placemark>
  <Placemark>
	<ExtendedData><SchemaData schemaUrl="#SAFE_MunicipalFireStations_MCAC">
		<SimpleData name="OBJECTID">331</SimpleData>
		<SimpleData name="County">Calvert County</SimpleData>
		<SimpleData name="ZIP">20678</SimpleData>
		<SimpleData name="Address">450 N Solomons Island Road</SimpleData>
		<SimpleData name="StationName">Prince Frederick Volunteer Fire Department</SimpleData>
		<SimpleData name="State">MD</SimpleData>
		<SimpleData name="Type">Volunteer</SimpleData>
		<SimpleData name="Phone">410-535-2207</SimpleData>
		<SimpleData name="Fax">410-414-3655</SimpleData>
		<SimpleData name="Email">pfvfdjwo@verizon.net</SimpleData>
		<SimpleData name="Website">pfvfd.org</SimpleData>
		<SimpleData name="City">Prince Frederick</SimpleData>
	</SchemaData></ExtendedData>
      <Point><coordinates>-76.591814003,38.548695928</coordinates></Point>
  </Placemark>
  <Placemark>
	<ExtendedData><SchemaData schemaUrl="#SAFE_MunicipalFireStations_MCAC">
		<SimpleData name="OBJECTID">332</SimpleData>
		<SimpleData name="County">Calvert County</SimpleData>
		<SimpleData name="ZIP">20678</SimpleData>
		<SimpleData name="Address">755 S Solomons Island Road</SimpleData>
		<SimpleData name="StationName">Prince Frederick Volunteer Rescue Squad</SimpleData>
		<SimpleData name="State">MD</SimpleData>
		<SimpleData name="Type">Volunteer</SimpleData>
		<SimpleData name="Phone">410-535-9836</SimpleData>
		<SimpleData name="Fax">410-535-5750</SimpleData>
		<SimpleData name="Email">jwelpf@hotmail.com</SimpleData>
		<SimpleData name="Website">pfvrs.com</SimpleData>
		<SimpleData name="City">Prince Frederick</SimpleData>
	</SchemaData></ExtendedData>
      <Point><coordinates>-76.580729176,38.5309398100001</coordinates></Point>
  </Placemark>
  <Placemark>
	<ExtendedData><SchemaData schemaUrl="#SAFE_MunicipalFireStations_MCAC">
		<SimpleData name="OBJECTID">333</SimpleData>
		<SimpleData name="County">Montgomery County</SimpleData>
		<SimpleData name="ZIP">20910</SimpleData>
		<SimpleData name="Address">8110 Georgia Ave</SimpleData>
		<SimpleData name="StationName">Silver Spring Fire Department - Station  1</SimpleData>
		<SimpleData name="State">MD</SimpleData>
		<SimpleData name="Type">Volunteer</SimpleData>
		<SimpleData name="Phone"></SimpleData>
		<SimpleData name="Fax"></SimpleData>
		<SimpleData name="Email"></SimpleData>
		<SimpleData name="Website"></SimpleData>
		<SimpleData name="City">Silver Spring</SimpleData>
	</SchemaData></ExtendedData>
      <Point><coordinates>-77.027002586,38.99078583</coordinates></Point>
  </Placemark>
  <Placemark>
	<ExtendedData><SchemaData schemaUrl="#SAFE_MunicipalFireStations_MCAC">
		<SimpleData name="OBJECTID">334</SimpleData>
		<SimpleData name="County">Somerset County</SimpleData>
		<SimpleData name="ZIP">21853</SimpleData>
		<SimpleData name="Address">11794 Somerset Ave</SimpleData>
		<SimpleData name="StationName">Princess Anne Volunteer Fire Company</SimpleData>
		<SimpleData name="State">MD</SimpleData>
		<SimpleData name="Type">Volunteer</SimpleData>
		<SimpleData name="Phone">410-651-2144</SimpleData>
		<SimpleData name="Fax">410-651-2159</SimpleData>
		<SimpleData name="Email">pavfc@verison.com</SimpleData>
		<SimpleData name="Website"></SimpleData>
		<SimpleData name="City">Princess Anne</SimpleData>
	</SchemaData></ExtendedData>
      <Point><coordinates>-75.693976708,38.2051416030001</coordinates></Point>
  </Placemark>
  <Placemark>
	<ExtendedData><SchemaData schemaUrl="#SAFE_MunicipalFireStations_MCAC">
		<SimpleData name="OBJECTID">335</SimpleData>
		<SimpleData name="County">Baltimore County</SimpleData>
		<SimpleData name="ZIP">21286</SimpleData>
		<SimpleData name="Address">1416 Providence Road</SimpleData>
		<SimpleData name="StationName">Providence Volunteer Fire Company Station 29</SimpleData>
		<SimpleData name="State">MD</SimpleData>
		<SimpleData name="Type">Volunteer</SimpleData>
		<SimpleData name="Phone">410-887-5774</SimpleData>
		<SimpleData name="Fax">410-828-0860</SimpleData>
		<SimpleData name="Email">cao290@bcvfa.org</SimpleData>
		<SimpleData name="Website">pvfc290.org</SimpleData>
		<SimpleData name="City">Towson</SimpleData>
	</SchemaData></ExtendedData>
      <Point><coordinates>-76.564730853,39.4232984970001</coordinates></Point>
  </Placemark>
  <Placemark>
	<ExtendedData><SchemaData schemaUrl="#SAFE_MunicipalFireStations_MCAC">
		<SimpleData name="OBJECTID">336</SimpleData>
		<SimpleData name="County">Queen Anne's County</SimpleData>
		<SimpleData name="ZIP">21657</SimpleData>
		<SimpleData name="Address">13520 First St</SimpleData>
		<SimpleData name="StationName">Queen Anne-Hillsboro Volunteer Fire Company</SimpleData>
		<SimpleData name="State">MD</SimpleData>
		<SimpleData name="Type">Volunteer</SimpleData>
		<SimpleData name="Phone">410-364-5612</SimpleData>
		<SimpleData name="Fax">410-364-9888</SimpleData>
		<SimpleData name="Email"></SimpleData>
		<SimpleData name="Website">qahvfc.com</SimpleData>
		<SimpleData name="City">Queen Anne</SimpleData>
	</SchemaData></ExtendedData>
      <Point><coordinates>-75.9531187649999,38.919372304</coordinates></Point>
  </Placemark>
  <Placemark>
	<ExtendedData><SchemaData schemaUrl="#SAFE_MunicipalFireStations_MCAC">
		<SimpleData name="OBJECTID">337</SimpleData>
		<SimpleData name="County">Queen Anne's County</SimpleData>
		<SimpleData name="ZIP">21658</SimpleData>
		<SimpleData name="Address">7110 Main St</SimpleData>
		<SimpleData name="StationName">Queenstown Volunteer Fire Company</SimpleData>
		<SimpleData name="State">MD</SimpleData>
		<SimpleData name="Type">Volunteer</SimpleData>
		<SimpleData name="Phone">410-827-8377</SimpleData>
		<SimpleData name="Fax">410-827-8926</SimpleData>
		<SimpleData name="Email"></SimpleData>
		<SimpleData name="Website"></SimpleData>
		<SimpleData name="City">Queenstown</SimpleData>
	</SchemaData></ExtendedData>
      <Point><coordinates>-76.1567491499999,38.99056131</coordinates></Point>
  </Placemark>
  <Placemark>
	<ExtendedData><SchemaData schemaUrl="#SAFE_MunicipalFireStations_MCAC">
		<SimpleData name="OBJECTID">338</SimpleData>
		<SimpleData name="County">Allegany County</SimpleData>
		<SimpleData name="ZIP">21557</SimpleData>
		<SimpleData name="Address">18900 Volunteer Dr Sw</SimpleData>
		<SimpleData name="StationName">Rawlings Volunteer Fire Department</SimpleData>
		<SimpleData name="State">MD</SimpleData>
		<SimpleData name="Type">Volunteer</SimpleData>
		<SimpleData name="Phone">301-729-8229</SimpleData>
		<SimpleData name="Fax"></SimpleData>
		<SimpleData name="Email">co47@allconet.org</SimpleData>
		<SimpleData name="Website"></SimpleData>
		<SimpleData name="City">Rawlings</SimpleData>
	</SchemaData></ExtendedData>
      <Point><coordinates>-78.877885595,39.534897152</coordinates></Point>
  </Placemark>
  <Placemark>
	<ExtendedData><SchemaData schemaUrl="#SAFE_MunicipalFireStations_MCAC">
		<SimpleData name="OBJECTID">339</SimpleData>
		<SimpleData name="County">Carroll County</SimpleData>
		<SimpleData name="ZIP">21157</SimpleData>
		<SimpleData name="Address">1745 Baltimore Blvd</SimpleData>
		<SimpleData name="StationName">Reese And Community (Carroll County) Volunteer Fire Department Unit 9</SimpleData>
		<SimpleData name="State">MD</SimpleData>
		<SimpleData name="Type">Volunteer</SimpleData>
		<SimpleData name="Phone">410-848-7172</SimpleData>
		<SimpleData name="Fax">401-848-2396</SimpleData>
		<SimpleData name="Email">reeseco9@ccpl.carr.org</SimpleData>
		<SimpleData name="Website">reesevfc.org</SimpleData>
		<SimpleData name="City">Westminster</SimpleData>
	</SchemaData></ExtendedData>
      <Point><coordinates>-76.9347835629999,39.543419192</coordinates></Point>
  </Placemark>
  <Placemark>
	<ExtendedData><SchemaData schemaUrl="#SAFE_MunicipalFireStations_MCAC">
		<SimpleData name="OBJECTID">340</SimpleData>
		<SimpleData name="County">Baltimore County</SimpleData>
		<SimpleData name="ZIP">21136</SimpleData>
		<SimpleData name="Address">108 Main St</SimpleData>
		<SimpleData name="StationName">Reisterstown Volunteer Fire Company Station 41</SimpleData>
		<SimpleData name="State">MD</SimpleData>
		<SimpleData name="Type">Volunteer</SimpleData>
		<SimpleData name="Phone">301-833-1370</SimpleData>
		<SimpleData name="Fax">410-833-0258</SimpleData>
		<SimpleData name="Email"></SimpleData>
		<SimpleData name="Website">rvfc.org</SimpleData>
		<SimpleData name="City">Reisterstown</SimpleData>
	</SchemaData></ExtendedData>
      <Point><coordinates>-76.829685027,39.4663644990001</coordinates></Point>
  </Placemark>
  <Placemark>
	<ExtendedData><SchemaData schemaUrl="#SAFE_MunicipalFireStations_MCAC">
		<SimpleData name="OBJECTID">341</SimpleData>
		<SimpleData name="County">Dorchester County</SimpleData>
		<SimpleData name="ZIP">21613</SimpleData>
		<SimpleData name="Address">8 Washington St</SimpleData>
		<SimpleData name="StationName">Rescue Fire Company</SimpleData>
		<SimpleData name="State">MD</SimpleData>
		<SimpleData name="Type">Volunteer</SimpleData>
		<SimpleData name="Phone">410-228-1670</SimpleData>
		<SimpleData name="Fax"></SimpleData>
		<SimpleData name="Email"></SimpleData>
		<SimpleData name="Website"></SimpleData>
		<SimpleData name="City">Cambridge</SimpleData>
	</SchemaData></ExtendedData>
      <Point><coordinates>-76.064569783,38.559147088</coordinates></Point>
  </Placemark>
  <Placemark>
	<ExtendedData><SchemaData schemaUrl="#SAFE_MunicipalFireStations_MCAC">
		<SimpleData name="OBJECTID">342</SimpleData>
		<SimpleData name="County">Anne Arundel County</SimpleData>
		<SimpleData name="ZIP">21401</SimpleData>
		<SimpleData name="Address">620 Taylor Ave</SimpleData>
		<SimpleData name="StationName">Annapolis Fire Department Taylor Ave Station</SimpleData>
		<SimpleData name="State">MD</SimpleData>
		<SimpleData name="Type">Volunteer</SimpleData>
		<SimpleData name="Phone">410-263-1116</SimpleData>
		<SimpleData name="Fax"></SimpleData>
		<SimpleData name="Email"></SimpleData>
		<SimpleData name="Website"></SimpleData>
		<SimpleData name="City">Annapolis</SimpleData>
	</SchemaData></ExtendedData>
      <Point><coordinates>-76.501089184,38.988331105</coordinates></Point>
  </Placemark>
  <Placemark>
	<ExtendedData><SchemaData schemaUrl="#SAFE_MunicipalFireStations_MCAC">
		<SimpleData name="OBJECTID">343</SimpleData>
		<SimpleData name="County">Saint Mary's County</SimpleData>
		<SimpleData name="ZIP">20680</SimpleData>
		<SimpleData name="Address">13820 Point Lookout Road</SimpleData>
		<SimpleData name="StationName">Ridge Volunteer Fire Department</SimpleData>
		<SimpleData name="State">MD</SimpleData>
		<SimpleData name="Type">Volunteer</SimpleData>
		<SimpleData name="Phone">301-872-5571</SimpleData>
		<SimpleData name="Fax">301-872-0632</SimpleData>
		<SimpleData name="Email">secretary@ridgevfd.org</SimpleData>
		<SimpleData name="Website">ridgevfd.org</SimpleData>
		<SimpleData name="City">Ridge</SimpleData>
	</SchemaData></ExtendedData>
      <Point><coordinates>-76.373592502,38.1222325620001</coordinates></Point>
  </Placemark>
  <Placemark>
	<ExtendedData><SchemaData schemaUrl="#SAFE_MunicipalFireStations_MCAC">
		<SimpleData name="OBJECTID">344</SimpleData>
		<SimpleData name="County">Saint Mary's County</SimpleData>
		<SimpleData name="ZIP">20680</SimpleData>
		<SimpleData name="Address">16515 Three Notch Road</SimpleData>
		<SimpleData name="StationName">Ridge Volunteer Rescue Squad</SimpleData>
		<SimpleData name="State">MD</SimpleData>
		<SimpleData name="Type">Volunteer</SimpleData>
		<SimpleData name="Phone">301-872-5970</SimpleData>
		<SimpleData name="Fax">301-872-5971</SimpleData>
		<SimpleData name="Email"></SimpleData>
		<SimpleData name="Website"></SimpleData>
		<SimpleData name="City">Ridge</SimpleData>
	</SchemaData></ExtendedData>
      <Point><coordinates>-76.371604963,38.120116356</coordinates></Point>
  </Placemark>
  <Placemark>
	<ExtendedData><SchemaData schemaUrl="#SAFE_MunicipalFireStations_MCAC">
		<SimpleData name="OBJECTID">345</SimpleData>
		<SimpleData name="County">Caroline County</SimpleData>
		<SimpleData name="ZIP">21660</SimpleData>
		<SimpleData name="Address">8 W First St</SimpleData>
		<SimpleData name="StationName">Ridgely Volunteer Fire Company</SimpleData>
		<SimpleData name="State">MD</SimpleData>
		<SimpleData name="Type">Volunteer</SimpleData>
		<SimpleData name="Phone">410-634-2424</SimpleData>
		<SimpleData name="Fax">410-634-2659</SimpleData>
		<SimpleData name="Email">bwicrashcrew@comcast.net</SimpleData>
		<SimpleData name="Website"></SimpleData>
		<SimpleData name="City">Ridgely</SimpleData>
	</SchemaData></ExtendedData>
      <Point><coordinates>-75.883839146,38.9465335960001</coordinates></Point>
  </Placemark>
  <Placemark>
	<ExtendedData><SchemaData schemaUrl="#SAFE_MunicipalFireStations_MCAC">
		<SimpleData name="OBJECTID">346</SimpleData>
		<SimpleData name="County">Prince George's County</SimpleData>
		<SimpleData name="ZIP">20743</SimpleData>
		<SimpleData name="Address">1415 Ritchie Marlboro Road</SimpleData>
		<SimpleData name="StationName">Ritchie Volunteer Fire Department</SimpleData>
		<SimpleData name="State">MD</SimpleData>
		<SimpleData name="Type">Volunteer</SimpleData>
		<SimpleData name="Phone">301-336-3731</SimpleData>
		<SimpleData name="Fax">301-499-5916</SimpleData>
		<SimpleData name="Email">info@ritchie37.com</SimpleData>
		<SimpleData name="Website">ritchie37.com</SimpleData>
		<SimpleData name="City">Capitol Heights</SimpleData>
	</SchemaData></ExtendedData>
      <Point><coordinates>-76.8544009669999,38.8690654060001</coordinates></Point>
  </Placemark>
  <Placemark>
	<ExtendedData><SchemaData schemaUrl="#SAFE_MunicipalFireStations_MCAC">
		<SimpleData name="OBJECTID">347</SimpleData>
		<SimpleData name="County">Anne Arundel County</SimpleData>
		<SimpleData name="ZIP">21140</SimpleData>
		<SimpleData name="Address">3123 Riva Road</SimpleData>
		<SimpleData name="StationName">Riva Volunteer Fire Department</SimpleData>
		<SimpleData name="State">MD</SimpleData>
		<SimpleData name="Type">Volunteer</SimpleData>
		<SimpleData name="Phone">410-956-2910</SimpleData>
		<SimpleData name="Fax">410-956-2910</SimpleData>
		<SimpleData name="Email"></SimpleData>
		<SimpleData name="Website"></SimpleData>
		<SimpleData name="City">Riva</SimpleData>
	</SchemaData></ExtendedData>
      <Point><coordinates>-76.582290673,38.950988253</coordinates></Point>
  </Placemark>
  <Placemark>
	<ExtendedData><SchemaData schemaUrl="#SAFE_MunicipalFireStations_MCAC">
		<SimpleData name="OBJECTID">348</SimpleData>
		<SimpleData name="County">Prince George's County</SimpleData>
		<SimpleData name="ZIP">20737</SimpleData>
		<SimpleData name="Address">6101 Roanoke Ave</SimpleData>
		<SimpleData name="StationName">Riverdale Heights Fire And Rescue Squad Sta. 1</SimpleData>
		<SimpleData name="State">MD</SimpleData>
		<SimpleData name="Type">Volunteer</SimpleData>
		<SimpleData name="Phone">301-985-4680</SimpleData>
		<SimpleData name="Fax">301-699-0477</SimpleData>
		<SimpleData name="Email">info@rhvfd.org</SimpleData>
		<SimpleData name="Website">rhvfd.org</SimpleData>
		<SimpleData name="City">Riverdale</SimpleData>
	</SchemaData></ExtendedData>
      <Point><coordinates>-76.912871598,38.9632129070001</coordinates></Point>
  </Placemark>
  <Placemark>
	<ExtendedData><SchemaData schemaUrl="#SAFE_MunicipalFireStations_MCAC">
		<SimpleData name="OBJECTID">349</SimpleData>
		<SimpleData name="County">Prince George's County</SimpleData>
		<SimpleData name="ZIP">20737</SimpleData>
		<SimpleData name="Address">4714 Queensbury Road</SimpleData>
		<SimpleData name="StationName">Riverdale Volunteer Fire Department</SimpleData>
		<SimpleData name="State">MD</SimpleData>
		<SimpleData name="Type">Volunteer</SimpleData>
		<SimpleData name="Phone">301-927-0356</SimpleData>
		<SimpleData name="Fax">301-699-3204</SimpleData>
		<SimpleData name="Email">whiting@jonez.com</SimpleData>
		<SimpleData name="Website">www.riverdalevfd.org</SimpleData>
		<SimpleData name="City">Riverdale</SimpleData>
	</SchemaData></ExtendedData>
      <Point><coordinates>-76.932924046,38.962523398</coordinates></Point>
  </Placemark>
  <Placemark>
	<ExtendedData><SchemaData schemaUrl="#SAFE_MunicipalFireStations_MCAC">
		<SimpleData name="OBJECTID">350</SimpleData>
		<SimpleData name="County">Anne Arundel County</SimpleData>
		<SimpleData name="ZIP">21123</SimpleData>
		<SimpleData name="Address">8506 Fort Smallwood Road</SimpleData>
		<SimpleData name="StationName">Riviera Beach Volunteer Fire Company</SimpleData>
		<SimpleData name="State">MD</SimpleData>
		<SimpleData name="Type">Volunteer</SimpleData>
		<SimpleData name="Phone">410-255-1314</SimpleData>
		<SimpleData name="Fax"></SimpleData>
		<SimpleData name="Email"></SimpleData>
		<SimpleData name="Website"></SimpleData>
		<SimpleData name="City">Pasadena</SimpleData>
	</SchemaData></ExtendedData>
      <Point><coordinates>-76.5170694189999,39.156644827</coordinates></Point>
  </Placemark>
  <Placemark>
	<ExtendedData><SchemaData schemaUrl="#SAFE_MunicipalFireStations_MCAC">
		<SimpleData name="OBJECTID">351</SimpleData>
		<SimpleData name="County">Kent County</SimpleData>
		<SimpleData name="ZIP">21661</SimpleData>
		<SimpleData name="Address">21500 Rock Hall Ave</SimpleData>
		<SimpleData name="StationName">Rock Hall Volunteer Fire Company</SimpleData>
		<SimpleData name="State">MD</SimpleData>
		<SimpleData name="Type">Volunteer</SimpleData>
		<SimpleData name="Phone">410-639-7888</SimpleData>
		<SimpleData name="Fax">410-639-2736</SimpleData>
		<SimpleData name="Email"></SimpleData>
		<SimpleData name="Website"></SimpleData>
		<SimpleData name="City">Rock Hall</SimpleData>
	</SchemaData></ExtendedData>
      <Point><coordinates>-76.227460252,39.1400740120001</coordinates></Point>
  </Placemark>
  <Placemark>
	<ExtendedData><SchemaData schemaUrl="#SAFE_MunicipalFireStations_MCAC">
		<SimpleData name="OBJECTID">352</SimpleData>
		<SimpleData name="County">Baltimore County</SimpleData>
		<SimpleData name="ZIP">21221</SimpleData>
		<SimpleData name="Address">2212 Seneca Road</SimpleData>
		<SimpleData name="StationName">Rockaway Beach Volunteer Fire Company</SimpleData>
		<SimpleData name="State">MD</SimpleData>
		<SimpleData name="Type">Volunteer</SimpleData>
		<SimpleData name="Phone">410-887-0328</SimpleData>
		<SimpleData name="Fax">410-780-1759</SimpleData>
		<SimpleData name="Email"></SimpleData>
		<SimpleData name="Website"></SimpleData>
		<SimpleData name="City">Essex</SimpleData>
	</SchemaData></ExtendedData>
      <Point><coordinates>-76.4054296369999,39.2949217780001</coordinates></Point>
  </Placemark>
  <Placemark>
	<ExtendedData><SchemaData schemaUrl="#SAFE_MunicipalFireStations_MCAC">
		<SimpleData name="OBJECTID">353</SimpleData>
		<SimpleData name="County">Montgomery County</SimpleData>
		<SimpleData name="ZIP">20850</SimpleData>
		<SimpleData name="Address">380 Hungerford Dr</SimpleData>
		<SimpleData name="StationName">Rockville Vol. Fire Department - Station 3</SimpleData>
		<SimpleData name="State">MD</SimpleData>
		<SimpleData name="Type">Volunteer</SimpleData>
		<SimpleData name="Phone">301-424-0310</SimpleData>
		<SimpleData name="Fax">301-294-4721</SimpleData>
		<SimpleData name="Email">president@rvfd.org</SimpleData>
		<SimpleData name="Website">www.rvfd.org</SimpleData>
		<SimpleData name="City">Rockville</SimpleData>
	</SchemaData></ExtendedData>
      <Point><coordinates>-77.151010807,39.0877787200001</coordinates></Point>
  </Placemark>
  <Placemark>
	<ExtendedData><SchemaData schemaUrl="#SAFE_MunicipalFireStations_MCAC">
		<SimpleData name="OBJECTID">354</SimpleData>
		<SimpleData name="County">Frederick County</SimpleData>
		<SimpleData name="ZIP">21778</SimpleData>
		<SimpleData name="Address">13527 Motters Station Road</SimpleData>
		<SimpleData name="StationName">Rocky Ridge Volunteer Fire Company</SimpleData>
		<SimpleData name="State">MD</SimpleData>
		<SimpleData name="Type">Volunteer</SimpleData>
		<SimpleData name="Phone">301-271-4991</SimpleData>
		<SimpleData name="Fax">301-271-4991</SimpleData>
		<SimpleData name="Email"></SimpleData>
		<SimpleData name="Website"></SimpleData>
		<SimpleData name="City">Rocky Ridge</SimpleData>
	</SchemaData></ExtendedData>
      <Point><coordinates>-77.318094377,39.6073162970001</coordinates></Point>
  </Placemark>
  <Placemark>
	<ExtendedData><SchemaData schemaUrl="#SAFE_MunicipalFireStations_MCAC">
		<SimpleData name="OBJECTID">355</SimpleData>
		<SimpleData name="County">Baltimore County</SimpleData>
		<SimpleData name="ZIP">21237</SimpleData>
		<SimpleData name="Address">8037 Philadelphia Road</SimpleData>
		<SimpleData name="StationName">Rosedale Volunteer Fire Company - Station 28</SimpleData>
		<SimpleData name="State">MD</SimpleData>
		<SimpleData name="Type">Volunteer</SimpleData>
		<SimpleData name="Phone">410-866-4042</SimpleData>
		<SimpleData name="Fax">410-866-2598</SimpleData>
		<SimpleData name="Email">jmazza@us.ibm.com</SimpleData>
		<SimpleData name="Website">rosedalevfd.com</SimpleData>
		<SimpleData name="City">Rosedale</SimpleData>
	</SchemaData></ExtendedData>
      <Point><coordinates>-76.512323507,39.321822481</coordinates></Point>
  </Placemark>
  <Placemark>
	<ExtendedData><SchemaData schemaUrl="#SAFE_MunicipalFireStations_MCAC">
		<SimpleData name="OBJECTID">356</SimpleData>
		<SimpleData name="County">Wicomico County</SimpleData>
		<SimpleData name="ZIP">21804</SimpleData>
		<SimpleData name="Address">1100 Beaglin Park Dr</SimpleData>
		<SimpleData name="StationName">Salisbury Fire Department Station 1</SimpleData>
		<SimpleData name="State">MD</SimpleData>
		<SimpleData name="Type">Volunteer</SimpleData>
		<SimpleData name="Phone">410-548-3127</SimpleData>
		<SimpleData name="Fax"></SimpleData>
		<SimpleData name="Email">sta@1ezy.net</SimpleData>
		<SimpleData name="Website">www.salisburyfire.org</SimpleData>
		<SimpleData name="City">Salisbury</SimpleData>
	</SchemaData></ExtendedData>
      <Point><coordinates>-75.57402853,38.352436197</coordinates></Point>
  </Placemark>
  <Placemark>
	<ExtendedData><SchemaData schemaUrl="#SAFE_MunicipalFireStations_MCAC">
		<SimpleData name="OBJECTID">357</SimpleData>
		<SimpleData name="County">Wicomico County</SimpleData>
		<SimpleData name="ZIP">21801</SimpleData>
		<SimpleData name="Address">325 Cypress St</SimpleData>
		<SimpleData name="StationName">Salisbury Fire Department Station 16</SimpleData>
		<SimpleData name="State">MD</SimpleData>
		<SimpleData name="Type">Volunteer</SimpleData>
		<SimpleData name="Phone">410-548-3122</SimpleData>
		<SimpleData name="Fax"></SimpleData>
		<SimpleData name="Email"></SimpleData>
		<SimpleData name="Website"></SimpleData>
		<SimpleData name="City">Salisbury</SimpleData>
	</SchemaData></ExtendedData>
      <Point><coordinates>-75.606281172,38.3688795790001</coordinates></Point>
  </Placemark>
  <Placemark>
	<ExtendedData><SchemaData schemaUrl="#SAFE_MunicipalFireStations_MCAC">
		<SimpleData name="OBJECTID">358</SimpleData>
		<SimpleData name="County">Wicomico County</SimpleData>
		<SimpleData name="ZIP">21804</SimpleData>
		<SimpleData name="Address">801 Brown St</SimpleData>
		<SimpleData name="StationName">Salisbury Fire Department Station 2</SimpleData>
		<SimpleData name="State">MD</SimpleData>
		<SimpleData name="Type">Volunteer</SimpleData>
		<SimpleData name="Phone">410-548-3125</SimpleData>
		<SimpleData name="Fax"></SimpleData>
		<SimpleData name="Email"></SimpleData>
		<SimpleData name="Website"></SimpleData>
		<SimpleData name="City">Salisbury</SimpleData>
	</SchemaData></ExtendedData>
      <Point><coordinates>-75.5897479559999,38.374522826</coordinates></Point>
  </Placemark>
  <Placemark>
	<ExtendedData><SchemaData schemaUrl="#SAFE_MunicipalFireStations_MCAC">
		<SimpleData name="OBJECTID">359</SimpleData>
		<SimpleData name="County">Montgomery County</SimpleData>
		<SimpleData name="ZIP">20860</SimpleData>
		<SimpleData name="Address">17921 Brooke Road</SimpleData>
		<SimpleData name="StationName">Sandy Spring Volunteer Fire Department - Station 4</SimpleData>
		<SimpleData name="State">MD</SimpleData>
		<SimpleData name="Type">Volunteer</SimpleData>
		<SimpleData name="Phone">301-774-7400</SimpleData>
		<SimpleData name="Fax">301-774-4821</SimpleData>
		<SimpleData name="Email">inrfo@ssvfd.com</SimpleData>
		<SimpleData name="Website">www.ssvfd.com</SimpleData>
		<SimpleData name="City">Sandy Spring</SimpleData>
	</SchemaData></ExtendedData>
      <Point><coordinates>-77.0271264679999,39.1504857510001</coordinates></Point>
  </Placemark>
  <Placemark>
	<ExtendedData><SchemaData schemaUrl="#SAFE_MunicipalFireStations_MCAC">
		<SimpleData name="OBJECTID">360</SimpleData>
		<SimpleData name="County">Howard County</SimpleData>
		<SimpleData name="ZIP">20763</SimpleData>
		<SimpleData name="Address">8925 Lincoln St</SimpleData>
		<SimpleData name="StationName">Savage Volunteer Fire Company - Station 6</SimpleData>
		<SimpleData name="State">MD</SimpleData>
		<SimpleData name="Type">Volunteer</SimpleData>
		<SimpleData name="Phone">410-498-5061</SimpleData>
		<SimpleData name="Fax">301-776-0024</SimpleData>
		<SimpleData name="Email"></SimpleData>
		<SimpleData name="Website"></SimpleData>
		<SimpleData name="City">Savage</SimpleData>
	</SchemaData></ExtendedData>
      <Point><coordinates>-76.823145975,39.140248151</coordinates></Point>
  </Placemark>
  <Placemark>
	<ExtendedData><SchemaData schemaUrl="#SAFE_MunicipalFireStations_MCAC">
		<SimpleData name="OBJECTID">361</SimpleData>
		<SimpleData name="County">Prince George's County</SimpleData>
		<SimpleData name="ZIP">20743</SimpleData>
		<SimpleData name="Address">6305 Addison Road</SimpleData>
		<SimpleData name="StationName">Seat Pleasant Volunteer Fire Company, Inc. Sta. 8</SimpleData>
		<SimpleData name="State">MD</SimpleData>
		<SimpleData name="Type">Volunteer</SimpleData>
		<SimpleData name="Phone">301-336-2331</SimpleData>
		<SimpleData name="Fax"></SimpleData>
		<SimpleData name="Email">eng8sqd@ao0l.com</SimpleData>
		<SimpleData name="Website">www.seatpleasantfire.com</SimpleData>
		<SimpleData name="City">Seat Pleasant</SimpleData>
	</SchemaData></ExtendedData>
      <Point><coordinates>-76.899131838,38.887752757</coordinates></Point>
  </Placemark>
  <Placemark>
	<ExtendedData><SchemaData schemaUrl="#SAFE_MunicipalFireStations_MCAC">
		<SimpleData name="OBJECTID">362</SimpleData>
		<SimpleData name="County">Saint Mary's County</SimpleData>
		<SimpleData name="ZIP">20692</SimpleData>
		<SimpleData name="Address">45245 Drayden Road</SimpleData>
		<SimpleData name="StationName">Second District Volunteer Fire Department And Rescue Squad</SimpleData>
		<SimpleData name="State">MD</SimpleData>
		<SimpleData name="Type">Volunteer</SimpleData>
		<SimpleData name="Phone">301-994-0751</SimpleData>
		<SimpleData name="Fax">301-994-2994</SimpleData>
		<SimpleData name="Email"></SimpleData>
		<SimpleData name="Website">sdvfdrs.org</SimpleData>
		<SimpleData name="City">Valley Lee</SimpleData>
	</SchemaData></ExtendedData>
      <Point><coordinates>-76.511355658,38.190772286</coordinates></Point>
  </Placemark>
  <Placemark>
	<ExtendedData><SchemaData schemaUrl="#SAFE_MunicipalFireStations_MCAC">
		<SimpleData name="OBJECTID">363</SimpleData>
		<SimpleData name="County">Dorchester County</SimpleData>
		<SimpleData name="ZIP">21664</SimpleData>
		<SimpleData name="Address">115 Myrtle St</SimpleData>
		<SimpleData name="StationName">Secretary Volunteer Fire Company</SimpleData>
		<SimpleData name="State">MD</SimpleData>
		<SimpleData name="Type">Volunteer</SimpleData>
		<SimpleData name="Phone">410-943-3545</SimpleData>
		<SimpleData name="Fax">410-943-0330</SimpleData>
		<SimpleData name="Email">secretaryfiredept@comcast.net</SimpleData>
		<SimpleData name="Website">www.fire-ems.net/view/firedept/secretary/md</SimpleData>
		<SimpleData name="City">Secretary</SimpleData>
	</SchemaData></ExtendedData>
      <Point><coordinates>-75.948380701,38.610419289</coordinates></Point>
  </Placemark>
  <Placemark>
	<ExtendedData><SchemaData schemaUrl="#SAFE_MunicipalFireStations_MCAC">
		<SimpleData name="OBJECTID">364</SimpleData>
		<SimpleData name="County">Saint Mary's County</SimpleData>
		<SimpleData name="ZIP">20609</SimpleData>
		<SimpleData name="Address">21660 Colton Point Road</SimpleData>
		<SimpleData name="StationName">Seventh District Volunteer Fire Department</SimpleData>
		<SimpleData name="State">MD</SimpleData>
		<SimpleData name="Type">Volunteer</SimpleData>
		<SimpleData name="Phone">301-769-3600</SimpleData>
		<SimpleData name="Fax">301-769-3602</SimpleData>
		<SimpleData name="Email">sdvfd5@msn.com</SimpleData>
		<SimpleData name="Website">sdvfd5.com</SimpleData>
		<SimpleData name="City">Avenue</SimpleData>
	</SchemaData></ExtendedData>
      <Point><coordinates>-76.764340186,38.263915388</coordinates></Point>
  </Placemark>
  <Placemark>
	<ExtendedData><SchemaData schemaUrl="#SAFE_MunicipalFireStations_MCAC">
		<SimpleData name="OBJECTID">365</SimpleData>
		<SimpleData name="County">Saint Mary's County</SimpleData>
		<SimpleData name="ZIP">20609</SimpleData>
		<SimpleData name="Address">21530 Colton Point Road</SimpleData>
		<SimpleData name="StationName">Seventh District Volunteer Rescue Squad</SimpleData>
		<SimpleData name="State">MD</SimpleData>
		<SimpleData name="Type">Volunteer</SimpleData>
		<SimpleData name="Phone">301-769-2287</SimpleData>
		<SimpleData name="Fax"></SimpleData>
		<SimpleData name="Email"></SimpleData>
		<SimpleData name="Website"></SimpleData>
		<SimpleData name="City">Avenue</SimpleData>
	</SchemaData></ExtendedData>
      <Point><coordinates>-76.765408024,38.259041025</coordinates></Point>
  </Placemark>
  <Placemark>
	<ExtendedData><SchemaData schemaUrl="#SAFE_MunicipalFireStations_MCAC">
		<SimpleData name="OBJECTID">366</SimpleData>
		<SimpleData name="County">Allegany County</SimpleData>
		<SimpleData name="ZIP">21532</SimpleData>
		<SimpleData name="Address">19303 Shaft Road Sw</SimpleData>
		<SimpleData name="StationName">Shaft Volunteer Fire Company</SimpleData>
		<SimpleData name="State">MD</SimpleData>
		<SimpleData name="Type">Volunteer</SimpleData>
		<SimpleData name="Phone">301-689-1535</SimpleData>
		<SimpleData name="Fax">301-687-0121</SimpleData>
		<SimpleData name="Email">co17@allconet.org</SimpleData>
		<SimpleData name="Website"></SimpleData>
		<SimpleData name="City">Frostburg</SimpleData>
	</SchemaData></ExtendedData>
      <Point><coordinates>-78.9408047269999,39.6274728830001</coordinates></Point>
  </Placemark>
  <Placemark>
	<ExtendedData><SchemaData schemaUrl="#SAFE_MunicipalFireStations_MCAC">
		<SimpleData name="OBJECTID">367</SimpleData>
		<SimpleData name="County">Washington County</SimpleData>
		<SimpleData name="ZIP">21782</SimpleData>
		<SimpleData name="Address">110 1/2 W Chapline St</SimpleData>
		<SimpleData name="StationName">Sharpsburg Area Emergency Medical Services</SimpleData>
		<SimpleData name="State">MD</SimpleData>
		<SimpleData name="Type">Volunteer</SimpleData>
		<SimpleData name="Phone">301-432-5348</SimpleData>
		<SimpleData name="Fax">301-432-6456</SimpleData>
		<SimpleData name="Email">roaddoc@erols.com</SimpleData>
		<SimpleData name="Website">sharpsburgens.com</SimpleData>
		<SimpleData name="City">Sharpsburg</SimpleData>
	</SchemaData></ExtendedData>
      <Point><coordinates>-77.7508493449999,39.458861454</coordinates></Point>
  </Placemark>
  <Placemark>
	<ExtendedData><SchemaData schemaUrl="#SAFE_MunicipalFireStations_MCAC">
		<SimpleData name="OBJECTID">368</SimpleData>
		<SimpleData name="County">Washington County</SimpleData>
		<SimpleData name="ZIP">21782</SimpleData>
		<SimpleData name="Address">110 1/2 W Chapline St</SimpleData>
		<SimpleData name="StationName">Sharpsburg Volunteer Fire Company</SimpleData>
		<SimpleData name="State">MD</SimpleData>
		<SimpleData name="Type">Volunteer</SimpleData>
		<SimpleData name="Phone">301-432-6321</SimpleData>
		<SimpleData name="Fax">301-432-5167</SimpleData>
		<SimpleData name="Email">heather.gossard@myactv.net</SimpleData>
		<SimpleData name="Website">sharpsburgfire.com</SimpleData>
		<SimpleData name="City">Sharpsburg</SimpleData>
	</SchemaData></ExtendedData>
      <Point><coordinates>-77.7508493449999,39.458861454</coordinates></Point>
  </Placemark>
  <Placemark>
	<ExtendedData><SchemaData schemaUrl="#SAFE_MunicipalFireStations_MCAC">
		<SimpleData name="OBJECTID">369</SimpleData>
		<SimpleData name="County">Wicomico County</SimpleData>
		<SimpleData name="ZIP">21861</SimpleData>
		<SimpleData name="Address">402 Church St</SimpleData>
		<SimpleData name="StationName">Sharptown Volunteer Fire Department</SimpleData>
		<SimpleData name="State">MD</SimpleData>
		<SimpleData name="Type">Volunteer</SimpleData>
		<SimpleData name="Phone">410-883-3131</SimpleData>
		<SimpleData name="Fax">410-883-3043</SimpleData>
		<SimpleData name="Email"></SimpleData>
		<SimpleData name="Website"></SimpleData>
		<SimpleData name="City">Sharptown</SimpleData>
	</SchemaData></ExtendedData>
      <Point><coordinates>-75.7191732269999,38.5411280750001</coordinates></Point>
  </Placemark>
  <Placemark>
	<ExtendedData><SchemaData schemaUrl="#SAFE_MunicipalFireStations_MCAC">
		<SimpleData name="OBJECTID">370</SimpleData>
		<SimpleData name="County">Worcester County</SimpleData>
		<SimpleData name="ZIP">21862</SimpleData>
		<SimpleData name="Address">11620 Worcester Hwy</SimpleData>
		<SimpleData name="StationName">Showell Volunteer Fire Department</SimpleData>
		<SimpleData name="State">MD</SimpleData>
		<SimpleData name="Type">Volunteer</SimpleData>
		<SimpleData name="Phone">410-641-2380</SimpleData>
		<SimpleData name="Fax"></SimpleData>
		<SimpleData name="Email"></SimpleData>
		<SimpleData name="Website">showellvfd.com</SimpleData>
		<SimpleData name="City">Showell</SimpleData>
	</SchemaData></ExtendedData>
      <Point><coordinates>-75.2098761779999,38.3988337120001</coordinates></Point>
  </Placemark>
  <Placemark>
	<ExtendedData><SchemaData schemaUrl="#SAFE_MunicipalFireStations_MCAC">
		<SimpleData name="OBJECTID">371</SimpleData>
		<SimpleData name="County">Prince George's County</SimpleData>
		<SimpleData name="ZIP">20746</SimpleData>
		<SimpleData name="Address">3900 Old Silver Hill Road</SimpleData>
		<SimpleData name="StationName">Silver Hill Volunteer Fire Department</SimpleData>
		<SimpleData name="State">MD</SimpleData>
		<SimpleData name="Type">Volunteer</SimpleData>
		<SimpleData name="Phone">301-423-7293</SimpleData>
		<SimpleData name="Fax">301-423-3280</SimpleData>
		<SimpleData name="Email">silverhillvfd@comcast.net</SimpleData>
		<SimpleData name="Website">silverhillvfd.com</SimpleData>
		<SimpleData name="City">Silver Hill</SimpleData>
	</SchemaData></ExtendedData>
      <Point><coordinates>-76.944579867,38.8415817010001</coordinates></Point>
  </Placemark>
  <Placemark>
	<ExtendedData><SchemaData schemaUrl="#SAFE_MunicipalFireStations_MCAC">
		<SimpleData name="OBJECTID">372</SimpleData>
		<SimpleData name="County">Montgomery County</SimpleData>
		<SimpleData name="ZIP">20910</SimpleData>
		<SimpleData name="Address">1945 Seminary Road</SimpleData>
		<SimpleData name="StationName">Silver Spring Volunteer Fire Department - Station 19</SimpleData>
		<SimpleData name="State">MD</SimpleData>
		<SimpleData name="Type">Volunteer</SimpleData>
		<SimpleData name="Phone">301-587-3400</SimpleData>
		<SimpleData name="Fax">301-588-3548</SimpleData>
		<SimpleData name="Email">ssfd@dstarpower.net</SimpleData>
		<SimpleData name="Website"></SimpleData>
		<SimpleData name="City">Silver Spring</SimpleData>
	</SchemaData></ExtendedData>
      <Point><coordinates>-77.042056519,39.0090462200001</coordinates></Point>
  </Placemark>
  <Placemark>
	<ExtendedData><SchemaData schemaUrl="#SAFE_MunicipalFireStations_MCAC">
		<SimpleData name="OBJECTID">373</SimpleData>
		<SimpleData name="County">Cecil County</SimpleData>
		<SimpleData name="ZIP">21922</SimpleData>
		<SimpleData name="Address">300 Newark Ave</SimpleData>
		<SimpleData name="StationName">Singerly Fire Company</SimpleData>
		<SimpleData name="State">MD</SimpleData>
		<SimpleData name="Type">Volunteer</SimpleData>
		<SimpleData name="Phone">410-398-7300</SimpleData>
		<SimpleData name="Fax">410-620-0797</SimpleData>
		<SimpleData name="Email"></SimpleData>
		<SimpleData name="Website"></SimpleData>
		<SimpleData name="City">Elkton</SimpleData>
	</SchemaData></ExtendedData>
      <Point><coordinates>-75.83729389,39.6195321710001</coordinates></Point>
  </Placemark>
  <Placemark>
	<ExtendedData><SchemaData schemaUrl="#SAFE_MunicipalFireStations_MCAC">
		<SimpleData name="OBJECTID">374</SimpleData>
		<SimpleData name="County">Washington County</SimpleData>
		<SimpleData name="ZIP">21783</SimpleData>
		<SimpleData name="Address">8 Maple Ave</SimpleData>
		<SimpleData name="StationName">Smithburg Emergency Medical Services</SimpleData>
		<SimpleData name="State">MD</SimpleData>
		<SimpleData name="Type">Volunteer</SimpleData>
		<SimpleData name="Phone">301-824-3314</SimpleData>
		<SimpleData name="Fax">301-824-3670</SimpleData>
		<SimpleData name="Email">sems@erols.com</SimpleData>
		<SimpleData name="Website"></SimpleData>
		<SimpleData name="City">Smithsburg</SimpleData>
	</SchemaData></ExtendedData>
      <Point><coordinates>-77.5741600119999,39.6526468710001</coordinates></Point>
  </Placemark>
  <Placemark>
	<ExtendedData><SchemaData schemaUrl="#SAFE_MunicipalFireStations_MCAC">
		<SimpleData name="OBJECTID">375</SimpleData>
		<SimpleData name="County">Washington County</SimpleData>
		<SimpleData name="ZIP">21783</SimpleData>
		<SimpleData name="Address">22 N Main St</SimpleData>
		<SimpleData name="StationName">Smithsburg Community Volunteer Fire Company</SimpleData>
		<SimpleData name="State">MD</SimpleData>
		<SimpleData name="Type">Volunteer</SimpleData>
		<SimpleData name="Phone">301-824-2889</SimpleData>
		<SimpleData name="Fax">301-824-3880</SimpleData>
		<SimpleData name="Email"></SimpleData>
		<SimpleData name="Website">www.smithburgvfc.org</SimpleData>
		<SimpleData name="City">Smithsburg</SimpleData>
	</SchemaData></ExtendedData>
      <Point><coordinates>-77.57350467,39.655834445</coordinates></Point>
  </Placemark>
  <Placemark>
	<ExtendedData><SchemaData schemaUrl="#SAFE_MunicipalFireStations_MCAC">
		<SimpleData name="OBJECTID">376</SimpleData>
		<SimpleData name="County">Worcester County</SimpleData>
		<SimpleData name="ZIP">21863</SimpleData>
		<SimpleData name="Address">4718 Snow Hill Road</SimpleData>
		<SimpleData name="StationName">Snow Hill Volunteer Fire Company</SimpleData>
		<SimpleData name="State">MD</SimpleData>
		<SimpleData name="Type">Volunteer</SimpleData>
		<SimpleData name="Phone">410-632-2110</SimpleData>
		<SimpleData name="Fax">410-632-3911</SimpleData>
		<SimpleData name="Email"></SimpleData>
		<SimpleData name="Website"></SimpleData>
		<SimpleData name="City">Snow Hill</SimpleData>
	</SchemaData></ExtendedData>
      <Point><coordinates>-75.3848121039999,38.162655407</coordinates></Point>
  </Placemark>
  <Placemark>
	<ExtendedData><SchemaData schemaUrl="#SAFE_MunicipalFireStations_MCAC">
		<SimpleData name="OBJECTID">377</SimpleData>
		<SimpleData name="County">Worcester County</SimpleData>
		<SimpleData name="ZIP">21863</SimpleData>
		<SimpleData name="Address">206 W Green St</SimpleData>
		<SimpleData name="StationName">Snow Hill Volunteer Fire Company - Station 400</SimpleData>
		<SimpleData name="State">MD</SimpleData>
		<SimpleData name="Type">Volunteer</SimpleData>
		<SimpleData name="Phone"></SimpleData>
		<SimpleData name="Fax"></SimpleData>
		<SimpleData name="Email"></SimpleData>
		<SimpleData name="Website"></SimpleData>
		<SimpleData name="City">Snow Hill</SimpleData>
	</SchemaData></ExtendedData>
      <Point><coordinates>-75.3942966279999,38.1771909570001</coordinates></Point>
  </Placemark>
  <Placemark>
	<ExtendedData><SchemaData schemaUrl="#SAFE_MunicipalFireStations_MCAC">
		<SimpleData name="OBJECTID">378</SimpleData>
		<SimpleData name="County">Calvert County</SimpleData>
		<SimpleData name="ZIP">20629</SimpleData>
		<SimpleData name="Address">13150 Hg Trueman Road</SimpleData>
		<SimpleData name="StationName">Solomons Volunteer Rescue Squad &amp; Fire Department</SimpleData>
		<SimpleData name="State">MD</SimpleData>
		<SimpleData name="Type">Volunteer</SimpleData>
		<SimpleData name="Phone">410-326-6657</SimpleData>
		<SimpleData name="Fax"></SimpleData>
		<SimpleData name="Email"></SimpleData>
		<SimpleData name="Website"></SimpleData>
		<SimpleData name="City">Dowell</SimpleData>
	</SchemaData></ExtendedData>
      <Point><coordinates>-76.4580513339999,38.3494505940001</coordinates></Point>
  </Placemark>
  <Placemark>
	<ExtendedData><SchemaData schemaUrl="#SAFE_MunicipalFireStations_MCAC">
		<SimpleData name="OBJECTID">379</SimpleData>
		<SimpleData name="County">Anne Arundel County</SimpleData>
		<SimpleData name="ZIP">21061</SimpleData>
		<SimpleData name="Address">7880 Crain Hwy S</SimpleData>
		<SimpleData name="StationName">South Glen Burnie Fire Station</SimpleData>
		<SimpleData name="State">MD</SimpleData>
		<SimpleData name="Type">Career</SimpleData>
		<SimpleData name="Phone"></SimpleData>
		<SimpleData name="Fax"></SimpleData>
		<SimpleData name="Email"></SimpleData>
		<SimpleData name="Website"></SimpleData>
		<SimpleData name="City">Glen Burnie</SimpleData>
	</SchemaData></ExtendedData>
      <Point><coordinates>-76.634075614,39.138070182</coordinates></Point>
  </Placemark>
  <Placemark>
	<ExtendedData><SchemaData schemaUrl="#SAFE_MunicipalFireStations_MCAC">
		<SimpleData name="OBJECTID">380</SimpleData>
		<SimpleData name="County">Washington County</SimpleData>
		<SimpleData name="ZIP">21740</SimpleData>
		<SimpleData name="Address">409 First St</SimpleData>
		<SimpleData name="StationName">South Hagerstown Fire Company</SimpleData>
		<SimpleData name="State">MD</SimpleData>
		<SimpleData name="Type">Volunteer</SimpleData>
		<SimpleData name="Phone">301-733-3337</SimpleData>
		<SimpleData name="Fax"></SimpleData>
		<SimpleData name="Email"></SimpleData>
		<SimpleData name="Website"></SimpleData>
		<SimpleData name="City">Hagerstown</SimpleData>
	</SchemaData></ExtendedData>
      <Point><coordinates>-77.7325607179999,39.628053186</coordinates></Point>
  </Placemark>
  <Placemark>
	<ExtendedData><SchemaData schemaUrl="#SAFE_MunicipalFireStations_MCAC">
		<SimpleData name="OBJECTID">381</SimpleData>
		<SimpleData name="County">Garrett County</SimpleData>
		<SimpleData name="ZIP">21550</SimpleData>
		<SimpleData name="Address">200 Baltimore Ave</SimpleData>
		<SimpleData name="StationName">Southern Garrett County Rescue Squad, Inc</SimpleData>
		<SimpleData name="State">MD</SimpleData>
		<SimpleData name="Type">Volunteer</SimpleData>
		<SimpleData name="Phone">301-334-3000</SimpleData>
		<SimpleData name="Fax">301-334-3000</SimpleData>
		<SimpleData name="Email"></SimpleData>
		<SimpleData name="Website"></SimpleData>
		<SimpleData name="City">Oakland</SimpleData>
	</SchemaData></ExtendedData>
      <Point><coordinates>-79.387652666,39.4002108240001</coordinates></Point>
  </Placemark>
  <Placemark>
	<ExtendedData><SchemaData schemaUrl="#SAFE_MunicipalFireStations_MCAC">
		<SimpleData name="OBJECTID">382</SimpleData>
		<SimpleData name="County">Calvert County</SimpleData>
		<SimpleData name="ZIP">20685</SimpleData>
		<SimpleData name="Address">200 Calvert Beach Road</SimpleData>
		<SimpleData name="StationName">St. Leonard Volunteer Fire And Rescue</SimpleData>
		<SimpleData name="State">MD</SimpleData>
		<SimpleData name="Type">Volunteer</SimpleData>
		<SimpleData name="Phone">410-586-1713</SimpleData>
		<SimpleData name="Fax">410-586-3031</SimpleData>
		<SimpleData name="Email">president@slvfd.com</SimpleData>
		<SimpleData name="Website">slvfd.com</SimpleData>
		<SimpleData name="City">St. Leonard</SimpleData>
	</SchemaData></ExtendedData>
      <Point><coordinates>-76.509091316,38.4724887400001</coordinates></Point>
  </Placemark>
  <Placemark>
	<ExtendedData><SchemaData schemaUrl="#SAFE_MunicipalFireStations_MCAC">
		<SimpleData name="OBJECTID">383</SimpleData>
		<SimpleData name="County">Talbot County</SimpleData>
		<SimpleData name="ZIP">21663</SimpleData>
		<SimpleData name="Address">1001 Talbot St S</SimpleData>
		<SimpleData name="StationName">St. Michaels Fire Department</SimpleData>
		<SimpleData name="State">MD</SimpleData>
		<SimpleData name="Type">Volunteer</SimpleData>
		<SimpleData name="Phone">410-745-9393</SimpleData>
		<SimpleData name="Fax">410-745-9947</SimpleData>
		<SimpleData name="Email"></SimpleData>
		<SimpleData name="Website">stmichaelsfd.com</SimpleData>
		<SimpleData name="City">Saint Michaels</SimpleData>
	</SchemaData></ExtendedData>
      <Point><coordinates>-76.2141828699999,38.7756240410001</coordinates></Point>
  </Placemark>
  <Placemark>
	<ExtendedData><SchemaData schemaUrl="#SAFE_MunicipalFireStations_MCAC">
		<SimpleData name="OBJECTID">384</SimpleData>
		<SimpleData name="County">Worcester County</SimpleData>
		<SimpleData name="ZIP">21864</SimpleData>
		<SimpleData name="Address">1501 Snow Hill Road</SimpleData>
		<SimpleData name="StationName">Stockton Volunteer Fire Company Station 200</SimpleData>
		<SimpleData name="State">MD</SimpleData>
		<SimpleData name="Type">Volunteer</SimpleData>
		<SimpleData name="Phone">410-632-3030</SimpleData>
		<SimpleData name="Fax">410-632-3075</SimpleData>
		<SimpleData name="Email">svfd200@ezy.net</SimpleData>
		<SimpleData name="Website"></SimpleData>
		<SimpleData name="City">Stockton</SimpleData>
	</SchemaData></ExtendedData>
      <Point><coordinates>-75.409852147,38.0541515580001</coordinates></Point>
  </Placemark>
  <Placemark>
	<ExtendedData><SchemaData schemaUrl="#SAFE_MunicipalFireStations_MCAC">
		<SimpleData name="OBJECTID">385</SimpleData>
		<SimpleData name="County">Queen Anne's County</SimpleData>
		<SimpleData name="ZIP">21668</SimpleData>
		<SimpleData name="Address">203 N Church St</SimpleData>
		<SimpleData name="StationName">Sudlersville Fire Company</SimpleData>
		<SimpleData name="State">MD</SimpleData>
		<SimpleData name="Type">Volunteer</SimpleData>
		<SimpleData name="Phone">410-438-3155</SimpleData>
		<SimpleData name="Fax"></SimpleData>
		<SimpleData name="Email"></SimpleData>
		<SimpleData name="Website"></SimpleData>
		<SimpleData name="City">Sudlersville</SimpleData>
	</SchemaData></ExtendedData>
      <Point><coordinates>-75.8600916299999,39.189481733</coordinates></Point>
  </Placemark>
  <Placemark>
	<ExtendedData><SchemaData schemaUrl="#SAFE_MunicipalFireStations_MCAC">
		<SimpleData name="OBJECTID">386</SimpleData>
		<SimpleData name="County">Harford County</SimpleData>
		<SimpleData name="ZIP">21078</SimpleData>
		<SimpleData name="Address">911 Revolution St</SimpleData>
		<SimpleData name="StationName">Susquehanna Hose Company</SimpleData>
		<SimpleData name="State">MD</SimpleData>
		<SimpleData name="Type">Volunteer</SimpleData>
		<SimpleData name="Phone">410-939-4070</SimpleData>
		<SimpleData name="Fax"></SimpleData>
		<SimpleData name="Email"></SimpleData>
		<SimpleData name="Website"></SimpleData>
		<SimpleData name="City">Havre De Grace</SimpleData>
	</SchemaData></ExtendedData>
      <Point><coordinates>-76.100093316,39.543242111</coordinates></Point>
  </Placemark>
  <Placemark>
	<ExtendedData><SchemaData schemaUrl="#SAFE_MunicipalFireStations_MCAC">
		<SimpleData name="OBJECTID">387</SimpleData>
		<SimpleData name="County">Carroll County</SimpleData>
		<SimpleData name="ZIP">21784</SimpleData>
		<SimpleData name="Address">6680 Sykesville Road</SimpleData>
		<SimpleData name="StationName">Sykesville-Freedom District Fire Department</SimpleData>
		<SimpleData name="State">MD</SimpleData>
		<SimpleData name="Type">Volunteer</SimpleData>
		<SimpleData name="Phone">410-795-9311</SimpleData>
		<SimpleData name="Fax">410-549-8759</SimpleData>
		<SimpleData name="Email">sfdfd@ccpl.carr.lib.md.vs</SimpleData>
		<SimpleData name="Website">www.sykesvillefire.org</SimpleData>
		<SimpleData name="City">Sykesville</SimpleData>
	</SchemaData></ExtendedData>
      <Point><coordinates>-76.962634646,39.391172087</coordinates></Point>
  </Placemark>
  <Placemark>
	<ExtendedData><SchemaData schemaUrl="#SAFE_MunicipalFireStations_MCAC">
		<SimpleData name="OBJECTID">388</SimpleData>
		<SimpleData name="County">Montgomery County</SimpleData>
		<SimpleData name="ZIP">20912</SimpleData>
		<SimpleData name="Address">7201 Carroll Ave</SimpleData>
		<SimpleData name="StationName">Takoma Park Volunteer Fire Department - Station 2</SimpleData>
		<SimpleData name="State">MD</SimpleData>
		<SimpleData name="Type">Volunteer</SimpleData>
		<SimpleData name="Phone">301-270-8209</SimpleData>
		<SimpleData name="Fax">301-270-0546</SimpleData>
		<SimpleData name="Email">elmerhamm@msn.com</SimpleData>
		<SimpleData name="Website">takomaparkfire.org</SimpleData>
		<SimpleData name="City">Takoma Park</SimpleData>
	</SchemaData></ExtendedData>
      <Point><coordinates>-77.0073251429999,38.9776206700001</coordinates></Point>
  </Placemark>
  <Placemark>
	<ExtendedData><SchemaData schemaUrl="#SAFE_MunicipalFireStations_MCAC">
		<SimpleData name="OBJECTID">389</SimpleData>
		<SimpleData name="County">Carroll County</SimpleData>
		<SimpleData name="ZIP">21787</SimpleData>
		<SimpleData name="Address">39 E Baltimore St</SimpleData>
		<SimpleData name="StationName">Taneytown Volunteer Fire Company</SimpleData>
		<SimpleData name="State">MD</SimpleData>
		<SimpleData name="Type">Volunteer</SimpleData>
		<SimpleData name="Phone">410-756-6253</SimpleData>
		<SimpleData name="Fax"></SimpleData>
		<SimpleData name="Email"></SimpleData>
		<SimpleData name="Website"></SimpleData>
		<SimpleData name="City">Taneytown</SimpleData>
	</SchemaData></ExtendedData>
      <Point><coordinates>-77.175049351,39.6589700270001</coordinates></Point>
  </Placemark>
  <Placemark>
	<ExtendedData><SchemaData schemaUrl="#SAFE_MunicipalFireStations_MCAC">
		<SimpleData name="OBJECTID">390</SimpleData>
		<SimpleData name="County">Charles County</SimpleData>
		<SimpleData name="ZIP">20640</SimpleData>
		<SimpleData name="Address">7035 Poorhouse Road</SimpleData>
		<SimpleData name="StationName">Tenth District Volunteer Fire Department</SimpleData>
		<SimpleData name="State">MD</SimpleData>
		<SimpleData name="Type">Volunteer</SimpleData>
		<SimpleData name="Phone">301-753-8215</SimpleData>
		<SimpleData name="Fax">301-743-6096</SimpleData>
		<SimpleData name="Email"></SimpleData>
		<SimpleData name="Website">tdvfd8.com</SimpleData>
		<SimpleData name="City">Indian Head</SimpleData>
	</SchemaData></ExtendedData>
      <Point><coordinates>-77.134049625,38.5403610600001</coordinates></Point>
  </Placemark>
  <Placemark>
	<ExtendedData><SchemaData schemaUrl="#SAFE_MunicipalFireStations_MCAC">
		<SimpleData name="OBJECTID">391</SimpleData>
		<SimpleData name="County">Frederick County</SimpleData>
		<SimpleData name="ZIP">21788</SimpleData>
		<SimpleData name="Address">27 N Church St</SimpleData>
		<SimpleData name="StationName">Thurmont Community Ambulance</SimpleData>
		<SimpleData name="State">MD</SimpleData>
		<SimpleData name="Type">Volunteer</SimpleData>
		<SimpleData name="Phone">301-271-7550</SimpleData>
		<SimpleData name="Fax">301-271-0167</SimpleData>
		<SimpleData name="Email"></SimpleData>
		<SimpleData name="Website"></SimpleData>
		<SimpleData name="City">Thurmont</SimpleData>
	</SchemaData></ExtendedData>
      <Point><coordinates>-77.4114132029999,39.625262639</coordinates></Point>
  </Placemark>
  <Placemark>
	<ExtendedData><SchemaData schemaUrl="#SAFE_MunicipalFireStations_MCAC">
		<SimpleData name="OBJECTID">392</SimpleData>
		<SimpleData name="County">Talbot County</SimpleData>
		<SimpleData name="ZIP">21671</SimpleData>
		<SimpleData name="Address">5979 Tilghman Island Road</SimpleData>
		<SimpleData name="StationName">Tilghman Volunteer Fire Department</SimpleData>
		<SimpleData name="State">MD</SimpleData>
		<SimpleData name="Type">Volunteer</SimpleData>
		<SimpleData name="Phone">410-886-2101</SimpleData>
		<SimpleData name="Fax"></SimpleData>
		<SimpleData name="Email"></SimpleData>
		<SimpleData name="Website"></SimpleData>
		<SimpleData name="City">Tilghman</SimpleData>
	</SchemaData></ExtendedData>
      <Point><coordinates>-76.335446444,38.715014577</coordinates></Point>
  </Placemark>
  <Placemark>
	<ExtendedData><SchemaData schemaUrl="#SAFE_MunicipalFireStations_MCAC">
		<SimpleData name="OBJECTID">393</SimpleData>
		<SimpleData name="County">Talbot County</SimpleData>
		<SimpleData name="ZIP">21673</SimpleData>
		<SimpleData name="Address">4001 Powell Ave</SimpleData>
		<SimpleData name="StationName">Trappe Volunteer Fire Company</SimpleData>
		<SimpleData name="State">MD</SimpleData>
		<SimpleData name="Type">Volunteer</SimpleData>
		<SimpleData name="Phone">410-476-3535</SimpleData>
		<SimpleData name="Fax"></SimpleData>
		<SimpleData name="Email"></SimpleData>
		<SimpleData name="Website"></SimpleData>
		<SimpleData name="City">Trappe</SimpleData>
	</SchemaData></ExtendedData>
      <Point><coordinates>-76.057008176,38.658895365</coordinates></Point>
  </Placemark>
  <Placemark>
	<ExtendedData><SchemaData schemaUrl="#SAFE_MunicipalFireStations_MCAC">
		<SimpleData name="OBJECTID">394</SimpleData>
		<SimpleData name="County">Allegany County</SimpleData>
		<SimpleData name="ZIP">21562</SimpleData>
		<SimpleData name="Address">59 Main St</SimpleData>
		<SimpleData name="StationName">Tri-Towns Ambulance And Rescue Service</SimpleData>
		<SimpleData name="State">MD</SimpleData>
		<SimpleData name="Type">Volunteer</SimpleData>
		<SimpleData name="Phone">301-359-3067</SimpleData>
		<SimpleData name="Fax">301-359-0479</SimpleData>
		<SimpleData name="Email">co50@allconet.org</SimpleData>
		<SimpleData name="Website">ttems.org</SimpleData>
		<SimpleData name="City">Westernport</SimpleData>
	</SchemaData></ExtendedData>
      <Point><coordinates>-79.045117551,39.4851228090001</coordinates></Point>
  </Placemark>
  <Placemark>
	<ExtendedData><SchemaData schemaUrl="#SAFE_MunicipalFireStations_MCAC">
		<SimpleData name="OBJECTID">395</SimpleData>
		<SimpleData name="County">Somerset County</SimpleData>
		<SimpleData name="ZIP">21866</SimpleData>
		<SimpleData name="Address">21140 Tuff St</SimpleData>
		<SimpleData name="StationName">Tylerton Fire And Rescue Company</SimpleData>
		<SimpleData name="State">MD</SimpleData>
		<SimpleData name="Type">Volunteer</SimpleData>
		<SimpleData name="Phone">410-425-2420</SimpleData>
		<SimpleData name="Fax"></SimpleData>
		<SimpleData name="Email"></SimpleData>
		<SimpleData name="Website"></SimpleData>
		<SimpleData name="City">Tylerton</SimpleData>
	</SchemaData></ExtendedData>
      <Point><coordinates>-76.023612425,37.9671740950001</coordinates></Point>
  </Placemark>
  <Placemark>
	<ExtendedData><SchemaData schemaUrl="#SAFE_MunicipalFireStations_MCAC">
		<SimpleData name="OBJECTID">396</SimpleData>
		<SimpleData name="County">Carroll County</SimpleData>
		<SimpleData name="ZIP">21791</SimpleData>
		<SimpleData name="Address">8 W Locust St</SimpleData>
		<SimpleData name="StationName">Union Bridge Fire Company Station 8</SimpleData>
		<SimpleData name="State">MD</SimpleData>
		<SimpleData name="Type">Volunteer</SimpleData>
		<SimpleData name="Phone">410-775-7422</SimpleData>
		<SimpleData name="Fax">410-857-8775</SimpleData>
		<SimpleData name="Email"></SimpleData>
		<SimpleData name="Website">www.ubfc8.org</SimpleData>
		<SimpleData name="City">Union Bridge</SimpleData>
	</SchemaData></ExtendedData>
      <Point><coordinates>-77.179871958,39.5678307000001</coordinates></Point>
  </Placemark>
  <Placemark>
	<ExtendedData><SchemaData schemaUrl="#SAFE_MunicipalFireStations_MCAC">
		<SimpleData name="OBJECTID">397</SimpleData>
		<SimpleData name="County">Queen Anne's County</SimpleData>
		<SimpleData name="ZIP">21666</SimpleData>
		<SimpleData name="Address">9406 Romancoke Road</SimpleData>
		<SimpleData name="StationName">United Community Volunteer Fire Department</SimpleData>
		<SimpleData name="State">MD</SimpleData>
		<SimpleData name="Type">Volunteer</SimpleData>
		<SimpleData name="Phone">410-643-1162</SimpleData>
		<SimpleData name="Fax">410-643-1163</SimpleData>
		<SimpleData name="Email">rsiarnicki@aol.com</SimpleData>
		<SimpleData name="Website">www.ucvfd.org</SimpleData>
		<SimpleData name="City">Stevensville</SimpleData>
	</SchemaData></ExtendedData>
      <Point><coordinates>-76.338331232,38.8813264390001</coordinates></Point>
  </Placemark>
  <Placemark>
	<ExtendedData><SchemaData schemaUrl="#SAFE_MunicipalFireStations_MCAC">
		<SimpleData name="OBJECTID">398</SimpleData>
		<SimpleData name="County">Frederick County</SimpleData>
		<SimpleData name="ZIP">21701</SimpleData>
		<SimpleData name="Address">79 S Market St</SimpleData>
		<SimpleData name="StationName">United Steam Fire Engine Co. No. 3</SimpleData>
		<SimpleData name="State">MD</SimpleData>
		<SimpleData name="Type">Volunteer</SimpleData>
		<SimpleData name="Phone">301-600-1711</SimpleData>
		<SimpleData name="Fax"></SimpleData>
		<SimpleData name="Email"></SimpleData>
		<SimpleData name="Website"></SimpleData>
		<SimpleData name="City">Frederick</SimpleData>
	</SchemaData></ExtendedData>
      <Point><coordinates>-77.411651352,39.4122304850001</coordinates></Point>
  </Placemark>
  <Placemark>
	<ExtendedData><SchemaData schemaUrl="#SAFE_MunicipalFireStations_MCAC">
		<SimpleData name="OBJECTID">399</SimpleData>
		<SimpleData name="County">Montgomery County</SimpleData>
		<SimpleData name="ZIP">20839</SimpleData>
		<SimpleData name="Address">19801 Beallsville Road</SimpleData>
		<SimpleData name="StationName">Upper Montgomery County Volunteer Fire Department - Station 14</SimpleData>
		<SimpleData name="State">MD</SimpleData>
		<SimpleData name="Type">Volunteer</SimpleData>
		<SimpleData name="Phone">301-972-8888</SimpleData>
		<SimpleData name="Fax">301-407-0453</SimpleData>
		<SimpleData name="Email">umcvfd@hotmail.com</SimpleData>
		<SimpleData name="Website">umcvfd.org</SimpleData>
		<SimpleData name="City">Beallsville</SimpleData>
	</SchemaData></ExtendedData>
      <Point><coordinates>-77.4120303079999,39.179750954</coordinates></Point>
  </Placemark>
  <Placemark>
	<ExtendedData><SchemaData schemaUrl="#SAFE_MunicipalFireStations_MCAC">
		<SimpleData name="OBJECTID">400</SimpleData>
		<SimpleData name="County">Frederick County</SimpleData>
		<SimpleData name="ZIP">21701</SimpleData>
		<SimpleData name="Address">3602 Urbana Pike</SimpleData>
		<SimpleData name="StationName">Urbana Volunteer Fire And Rescue Department</SimpleData>
		<SimpleData name="State">MD</SimpleData>
		<SimpleData name="Type">Volunteer</SimpleData>
		<SimpleData name="Phone">301-831-1155</SimpleData>
		<SimpleData name="Fax">301-662-7935</SimpleData>
		<SimpleData name="Email"></SimpleData>
		<SimpleData name="Website"></SimpleData>
		<SimpleData name="City">Frederick</SimpleData>
	</SchemaData></ExtendedData>
      <Point><coordinates>-77.3576502609999,39.3278689470001</coordinates></Point>
  </Placemark>
  <Placemark>
	<ExtendedData><SchemaData schemaUrl="#SAFE_MunicipalFireStations_MCAC">
		<SimpleData name="OBJECTID">401</SimpleData>
		<SimpleData name="County">Dorchester County</SimpleData>
		<SimpleData name="ZIP">21869</SimpleData>
		<SimpleData name="Address">301 Ocean Gtwy</SimpleData>
		<SimpleData name="StationName">Vienna Volunteer Fire Company</SimpleData>
		<SimpleData name="State">MD</SimpleData>
		<SimpleData name="Type">Volunteer</SimpleData>
		<SimpleData name="Phone">410-376-3319</SimpleData>
		<SimpleData name="Fax"></SimpleData>
		<SimpleData name="Email"></SimpleData>
		<SimpleData name="Website"></SimpleData>
		<SimpleData name="City">Vienna</SimpleData>
	</SchemaData></ExtendedData>
      <Point><coordinates>-75.8264227619999,38.4865325310001</coordinates></Point>
  </Placemark>
  <Placemark>
	<ExtendedData><SchemaData schemaUrl="#SAFE_MunicipalFireStations_MCAC">
		<SimpleData name="OBJECTID">402</SimpleData>
		<SimpleData name="County">Frederick County</SimpleData>
		<SimpleData name="ZIP">21727</SimpleData>
		<SimpleData name="Address">25 W Main St</SimpleData>
		<SimpleData name="StationName">Vigilant Hose Company</SimpleData>
		<SimpleData name="State">MD</SimpleData>
		<SimpleData name="Type">Volunteer</SimpleData>
		<SimpleData name="Phone">301-447-2728</SimpleData>
		<SimpleData name="Fax">301-447-1724</SimpleData>
		<SimpleData name="Email">HN181@acl.com</SimpleData>
		<SimpleData name="Website">www.vigilanthose.org</SimpleData>
		<SimpleData name="City">Emmitsburg</SimpleData>
	</SchemaData></ExtendedData>
      <Point><coordinates>-77.3275657849999,39.7048047810001</coordinates></Point>
  </Placemark>
  <Placemark>
	<ExtendedData><SchemaData schemaUrl="#SAFE_MunicipalFireStations_MCAC">
		<SimpleData name="OBJECTID">403</SimpleData>
		<SimpleData name="County">Baltimore County</SimpleData>
		<SimpleData name="ZIP">21227</SimpleData>
		<SimpleData name="Address">4000 Benson Ave</SimpleData>
		<SimpleData name="StationName">Violetville Volunteer Fire Department Station 34</SimpleData>
		<SimpleData name="State">MD</SimpleData>
		<SimpleData name="Type">Volunteer</SimpleData>
		<SimpleData name="Phone">410-887-1470</SimpleData>
		<SimpleData name="Fax">410-242-2907</SimpleData>
		<SimpleData name="Email">ahoffman@bs.co.md.us</SimpleData>
		<SimpleData name="Website">violetvillevfd34.8m.com</SimpleData>
		<SimpleData name="City">Baltimore</SimpleData>
	</SchemaData></ExtendedData>
      <Point><coordinates>-76.67999979,39.2610074450001</coordinates></Point>
  </Placemark>
  <Placemark>
	<ExtendedData><SchemaData schemaUrl="#SAFE_MunicipalFireStations_MCAC">
		<SimpleData name="OBJECTID">404</SimpleData>
		<SimpleData name="County">Washington County</SimpleData>
		<SimpleData name="ZIP">21740</SimpleData>
		<SimpleData name="Address">11114 Lincoln Ave</SimpleData>
		<SimpleData name="StationName">Volunteer Fire Company Halfway</SimpleData>
		<SimpleData name="State">MD</SimpleData>
		<SimpleData name="Type">Volunteer</SimpleData>
		<SimpleData name="Phone">301-582-2223</SimpleData>
		<SimpleData name="Fax">301-582-1075</SimpleData>
		<SimpleData name="Email"></SimpleData>
		<SimpleData name="Website">vfchalfway.org</SimpleData>
		<SimpleData name="City">Hagerstown</SimpleData>
	</SchemaData></ExtendedData>
      <Point><coordinates>-77.764317735,39.6198113250001</coordinates></Point>
  </Placemark>
  <Placemark>
	<ExtendedData><SchemaData schemaUrl="#SAFE_MunicipalFireStations_MCAC">
		<SimpleData name="OBJECTID">405</SimpleData>
		<SimpleData name="County">Cecil County</SimpleData>
		<SimpleData name="ZIP">21915</SimpleData>
		<SimpleData name="Address">215 Lock St</SimpleData>
		<SimpleData name="StationName">Volunteer Fire Company Of Chesapeake City</SimpleData>
		<SimpleData name="State">MD</SimpleData>
		<SimpleData name="Type">Volunteer</SimpleData>
		<SimpleData name="Phone">410-885-5951</SimpleData>
		<SimpleData name="Fax">410-885-3353</SimpleData>
		<SimpleData name="Email"></SimpleData>
		<SimpleData name="Website"></SimpleData>
		<SimpleData name="City">Chesapeake City</SimpleData>
	</SchemaData></ExtendedData>
      <Point><coordinates>-75.81050012,39.531258279</coordinates></Point>
  </Placemark>
  <Placemark>
	<ExtendedData><SchemaData schemaUrl="#SAFE_MunicipalFireStations_MCAC">
		<SimpleData name="OBJECTID">406</SimpleData>
		<SimpleData name="County">Prince George's County</SimpleData>
		<SimpleData name="ZIP">20784</SimpleData>
		<SimpleData name="Address">7609 Annapolis Road</SimpleData>
		<SimpleData name="StationName">Volunteer Fire Department And Rescue Squad Of West Lanham Hills, Md</SimpleData>
		<SimpleData name="State">MD</SimpleData>
		<SimpleData name="Type">Volunteer</SimpleData>
		<SimpleData name="Phone">301-577-0777</SimpleData>
		<SimpleData name="Fax">301-731-5163</SimpleData>
		<SimpleData name="Email"></SimpleData>
		<SimpleData name="Website">www.wlhvfd.com</SimpleData>
		<SimpleData name="City">Hyattsville</SimpleData>
	</SchemaData></ExtendedData>
      <Point><coordinates>-76.882234994,38.952124176</coordinates></Point>
  </Placemark>
  <Placemark>
	<ExtendedData><SchemaData schemaUrl="#SAFE_MunicipalFireStations_MCAC">
		<SimpleData name="OBJECTID">407</SimpleData>
		<SimpleData name="County">Baltimore County</SimpleData>
		<SimpleData name="ZIP">21221</SimpleData>
		<SimpleData name="Address">1449 Sussex Road</SimpleData>
		<SimpleData name="StationName">Volunteer Fire Department Of Hyde Park</SimpleData>
		<SimpleData name="State">MD</SimpleData>
		<SimpleData name="Type">Volunteer</SimpleData>
		<SimpleData name="Phone">410-887-0329</SimpleData>
		<SimpleData name="Fax"></SimpleData>
		<SimpleData name="Email"></SimpleData>
		<SimpleData name="Website"></SimpleData>
		<SimpleData name="City">Baltimore</SimpleData>
	</SchemaData></ExtendedData>
      <Point><coordinates>-76.440174658,39.2859213190001</coordinates></Point>
  </Placemark>
  <Placemark>
	<ExtendedData><SchemaData schemaUrl="#SAFE_MunicipalFireStations_MCAC">
		<SimpleData name="OBJECTID">408</SimpleData>
		<SimpleData name="County">Charles County</SimpleData>
		<SimpleData name="ZIP">20602</SimpleData>
		<SimpleData name="Address">3245 Old Washington Road</SimpleData>
		<SimpleData name="StationName">Waldorf Volunteer Fire Department</SimpleData>
		<SimpleData name="State">MD</SimpleData>
		<SimpleData name="Type">Volunteer</SimpleData>
		<SimpleData name="Phone">301-645-3000</SimpleData>
		<SimpleData name="Fax">301-870-0136</SimpleData>
		<SimpleData name="Email">dstevens@waldorfvfd.com</SimpleData>
		<SimpleData name="Website">waldorfvfd.com</SimpleData>
		<SimpleData name="City">Waldorf</SimpleData>
	</SchemaData></ExtendedData>
      <Point><coordinates>-76.911531122,38.6232977000001</coordinates></Point>
  </Placemark>
  <Placemark>
	<ExtendedData><SchemaData schemaUrl="#SAFE_MunicipalFireStations_MCAC">
		<SimpleData name="OBJECTID">409</SimpleData>
		<SimpleData name="County">Charles County</SimpleData>
		<SimpleData name="ZIP">20602</SimpleData>
		<SimpleData name="Address">1069 Saint Ignatius Dr</SimpleData>
		<SimpleData name="StationName">Waldorf Volunteer Fire Department - Ems Division</SimpleData>
		<SimpleData name="State">MD</SimpleData>
		<SimpleData name="Type">Volunteer</SimpleData>
		<SimpleData name="Phone"></SimpleData>
		<SimpleData name="Fax"></SimpleData>
		<SimpleData name="Email"></SimpleData>
		<SimpleData name="Website"></SimpleData>
		<SimpleData name="City">Waldorf</SimpleData>
	</SchemaData></ExtendedData>
      <Point><coordinates>-76.902653076,38.6005517030001</coordinates></Point>
  </Placemark>
  <Placemark>
	<ExtendedData><SchemaData schemaUrl="#SAFE_MunicipalFireStations_MCAC">
		<SimpleData name="OBJECTID">410</SimpleData>
		<SimpleData name="County">Frederick County</SimpleData>
		<SimpleData name="ZIP">21793</SimpleData>
		<SimpleData name="Address">79 W Frederick St</SimpleData>
		<SimpleData name="StationName">Walkersville Volunteer Fire Company</SimpleData>
		<SimpleData name="State">MD</SimpleData>
		<SimpleData name="Type">Volunteer</SimpleData>
		<SimpleData name="Phone">301-898-9397</SimpleData>
		<SimpleData name="Fax">301-898-4032</SimpleData>
		<SimpleData name="Email"></SimpleData>
		<SimpleData name="Website">www.walkersvillevfc.com</SimpleData>
		<SimpleData name="City">Walkersville</SimpleData>
	</SchemaData></ExtendedData>
      <Point><coordinates>-77.358820131,39.475984027</coordinates></Point>
  </Placemark>
  <Placemark>
	<ExtendedData><SchemaData schemaUrl="#SAFE_MunicipalFireStations_MCAC">
		<SimpleData name="OBJECTID">411</SimpleData>
		<SimpleData name="County">Frederick County</SimpleData>
		<SimpleData name="ZIP">21793</SimpleData>
		<SimpleData name="Address">73 W Frederick St</SimpleData>
		<SimpleData name="StationName">Walkersville Volunteer Rescue Company</SimpleData>
		<SimpleData name="State">MD</SimpleData>
		<SimpleData name="Type">Volunteer</SimpleData>
		<SimpleData name="Phone">301-845-8875</SimpleData>
		<SimpleData name="Fax">301-845-6058</SimpleData>
		<SimpleData name="Email"></SimpleData>
		<SimpleData name="Website">www.wrc24.com</SimpleData>
		<SimpleData name="City">Walkersville</SimpleData>
	</SchemaData></ExtendedData>
      <Point><coordinates>-77.357472176,39.4769851550001</coordinates></Point>
  </Placemark>
  <Placemark>
	<ExtendedData><SchemaData schemaUrl="#SAFE_MunicipalFireStations_MCAC">
		<SimpleData name="OBJECTID">412</SimpleData>
		<SimpleData name="County">Cecil County</SimpleData>
		<SimpleData name="ZIP">21904</SimpleData>
		<SimpleData name="Address">15 N Main St</SimpleData>
		<SimpleData name="StationName">Water Witch Fire Co, Port Deposit Station - Sta 7</SimpleData>
		<SimpleData name="State">MD</SimpleData>
		<SimpleData name="Type">Volunteer</SimpleData>
		<SimpleData name="Phone">410-378-4223</SimpleData>
		<SimpleData name="Fax">410-378-9343</SimpleData>
		<SimpleData name="Email">waterwitchco@verizon.net</SimpleData>
		<SimpleData name="Website">fire.ems.net/firedept/view/portdeposit/md.com</SimpleData>
		<SimpleData name="City">Port Deposit</SimpleData>
	</SchemaData></ExtendedData>
      <Point><coordinates>-76.116040782,39.6051790880001</coordinates></Point>
  </Placemark>
  <Placemark>
	<ExtendedData><SchemaData schemaUrl="#SAFE_MunicipalFireStations_MCAC">
		<SimpleData name="OBJECTID">413</SimpleData>
		<SimpleData name="County">Anne Arundel County</SimpleData>
		<SimpleData name="ZIP">21054</SimpleData>
		<SimpleData name="Address">1300 Waugh Chapel Road</SimpleData>
		<SimpleData name="StationName">Waugh Chapel Fire Station</SimpleData>
		<SimpleData name="State">MD</SimpleData>
		<SimpleData name="Type">Career</SimpleData>
		<SimpleData name="Phone"></SimpleData>
		<SimpleData name="Fax"></SimpleData>
		<SimpleData name="Email"></SimpleData>
		<SimpleData name="Website"></SimpleData>
		<SimpleData name="City">Gambrills</SimpleData>
	</SchemaData></ExtendedData>
      <Point><coordinates>-76.675967252,39.039472817</coordinates></Point>
  </Placemark>
  <Placemark>
	<ExtendedData><SchemaData schemaUrl="#SAFE_MunicipalFireStations_MCAC">
		<SimpleData name="OBJECTID">414</SimpleData>
		<SimpleData name="County">Anne Arundel County</SimpleData>
		<SimpleData name="ZIP">21401</SimpleData>
		<SimpleData name="Address">121 Jennifer Road</SimpleData>
		<SimpleData name="StationName">West Annapolis Volunteer Fire Company</SimpleData>
		<SimpleData name="State">MD</SimpleData>
		<SimpleData name="Type">Volunteer</SimpleData>
		<SimpleData name="Phone">410-266-8066</SimpleData>
		<SimpleData name="Fax"></SimpleData>
		<SimpleData name="Email"></SimpleData>
		<SimpleData name="Website"></SimpleData>
		<SimpleData name="City">Annapolis</SimpleData>
	</SchemaData></ExtendedData>
      <Point><coordinates>-76.5282318989999,38.989454133</coordinates></Point>
  </Placemark>
  <Placemark>
	<ExtendedData><SchemaData schemaUrl="#SAFE_MunicipalFireStations_MCAC">
		<SimpleData name="OBJECTID">415</SimpleData>
		<SimpleData name="County">Howard County</SimpleData>
		<SimpleData name="ZIP">21784</SimpleData>
		<SimpleData name="Address">12535 Old Frederick Road</SimpleData>
		<SimpleData name="StationName">West Friendship Volunteer Fire Department</SimpleData>
		<SimpleData name="State">MD</SimpleData>
		<SimpleData name="Type">Volunteer</SimpleData>
		<SimpleData name="Phone">410-313-5403</SimpleData>
		<SimpleData name="Fax">410-442-1664</SimpleData>
		<SimpleData name="Email"></SimpleData>
		<SimpleData name="Website"></SimpleData>
		<SimpleData name="City">Sykesville</SimpleData>
	</SchemaData></ExtendedData>
      <Point><coordinates>-76.948314254,39.3190150620001</coordinates></Point>
  </Placemark>
  <Placemark>
	<ExtendedData><SchemaData schemaUrl="#SAFE_MunicipalFireStations_MCAC">
		<SimpleData name="OBJECTID">416</SimpleData>
		<SimpleData name="County">Prince George's County</SimpleData>
		<SimpleData name="ZIP">20706</SimpleData>
		<SimpleData name="Address">8501 Good Luck Road</SimpleData>
		<SimpleData name="StationName">West Lanham Hills Volunteer Fire Department Sta 48</SimpleData>
		<SimpleData name="State">MD</SimpleData>
		<SimpleData name="Type">Volunteer</SimpleData>
		<SimpleData name="Phone"></SimpleData>
		<SimpleData name="Fax"></SimpleData>
		<SimpleData name="Email"></SimpleData>
		<SimpleData name="Website"></SimpleData>
		<SimpleData name="City">Lanham</SimpleData>
	</SchemaData></ExtendedData>
      <Point><coordinates>-76.860535063,38.9777509080001</coordinates></Point>
  </Placemark>
  <Placemark>
	<ExtendedData><SchemaData schemaUrl="#SAFE_MunicipalFireStations_MCAC">
		<SimpleData name="OBJECTID">417</SimpleData>
		<SimpleData name="County">Wicomico County</SimpleData>
		<SimpleData name="ZIP">21814</SimpleData>
		<SimpleData name="Address">21045 Nanticoke Road</SimpleData>
		<SimpleData name="StationName">West Side Volunteer Fire Department</SimpleData>
		<SimpleData name="State">MD</SimpleData>
		<SimpleData name="Type">Volunteer</SimpleData>
		<SimpleData name="Phone">410-873-2140</SimpleData>
		<SimpleData name="Fax"></SimpleData>
		<SimpleData name="Email"></SimpleData>
		<SimpleData name="Website"></SimpleData>
		<SimpleData name="City">Bivalve</SimpleData>
	</SchemaData></ExtendedData>
      <Point><coordinates>-75.887090372,38.30621682</coordinates></Point>
  </Placemark>
  <Placemark>
	<ExtendedData><SchemaData schemaUrl="#SAFE_MunicipalFireStations_MCAC">
		<SimpleData name="OBJECTID">418</SimpleData>
		<SimpleData name="County">Washington County</SimpleData>
		<SimpleData name="ZIP">21740</SimpleData>
		<SimpleData name="Address">526 Washington Ave</SimpleData>
		<SimpleData name="StationName">Western Enterprise Fire Company No. 4</SimpleData>
		<SimpleData name="State">MD</SimpleData>
		<SimpleData name="Type">Volunteer</SimpleData>
		<SimpleData name="Phone">301-733-8615</SimpleData>
		<SimpleData name="Fax">301-739-9124</SimpleData>
		<SimpleData name="Email">wefc@erols.com</SimpleData>
		<SimpleData name="Website"></SimpleData>
		<SimpleData name="City">Hagerstown</SimpleData>
	</SchemaData></ExtendedData>
      <Point><coordinates>-77.729290986,39.646559612</coordinates></Point>
  </Placemark>
  <Placemark>
	<ExtendedData><SchemaData schemaUrl="#SAFE_MunicipalFireStations_MCAC">
		<SimpleData name="OBJECTID">419</SimpleData>
		<SimpleData name="County">Carroll County</SimpleData>
		<SimpleData name="ZIP">21158</SimpleData>
		<SimpleData name="Address">28 John St</SimpleData>
		<SimpleData name="StationName">Westminster Fire Engine And Hose Company</SimpleData>
		<SimpleData name="State">MD</SimpleData>
		<SimpleData name="Type">Volunteer</SimpleData>
		<SimpleData name="Phone">410-848-1800</SimpleData>
		<SimpleData name="Fax">410-848-3407</SimpleData>
		<SimpleData name="Email">westfd@ccpl.carr.lib.md.us</SimpleData>
		<SimpleData name="Website">westminstervfd.org</SimpleData>
		<SimpleData name="City">Westminster</SimpleData>
	</SchemaData></ExtendedData>
      <Point><coordinates>-76.994529921,39.5767914530001</coordinates></Point>
  </Placemark>
  <Placemark>
	<ExtendedData><SchemaData schemaUrl="#SAFE_MunicipalFireStations_MCAC">
		<SimpleData name="OBJECTID">420</SimpleData>
		<SimpleData name="County">Montgomery County</SimpleData>
		<SimpleData name="ZIP">20902</SimpleData>
		<SimpleData name="Address">11435 Grandview Ave</SimpleData>
		<SimpleData name="StationName">Wheaton Volunteer Rescue Squad</SimpleData>
		<SimpleData name="State">MD</SimpleData>
		<SimpleData name="Type">Volunteer</SimpleData>
		<SimpleData name="Phone">301-949-9673</SimpleData>
		<SimpleData name="Fax">301-942-0740</SimpleData>
		<SimpleData name="Email">webmaster@wvrs.org</SimpleData>
		<SimpleData name="Website">wvrs.org</SimpleData>
		<SimpleData name="City">Silver Spring</SimpleData>
	</SchemaData></ExtendedData>
      <Point><coordinates>-77.0528490839999,39.042761204</coordinates></Point>
  </Placemark>
  <Placemark>
	<ExtendedData><SchemaData schemaUrl="#SAFE_MunicipalFireStations_MCAC">
		<SimpleData name="OBJECTID">421</SimpleData>
		<SimpleData name="County">Baltimore County</SimpleData>
		<SimpleData name="ZIP">21162</SimpleData>
		<SimpleData name="Address">5419 Ebenezer Road</SimpleData>
		<SimpleData name="StationName">White Marsh Volunteer Fire Company Station 20</SimpleData>
		<SimpleData name="State">MD</SimpleData>
		<SimpleData name="Type">Volunteer</SimpleData>
		<SimpleData name="Phone">410-335-5112</SimpleData>
		<SimpleData name="Fax">410-335-1842</SimpleData>
		<SimpleData name="Email">cao200@bcvfa.org</SimpleData>
		<SimpleData name="Website">wmvf.org</SimpleData>
		<SimpleData name="City">White Marsh</SimpleData>
	</SchemaData></ExtendedData>
      <Point><coordinates>-76.4307585459999,39.382206281</coordinates></Point>
  </Placemark>
  <Placemark>
	<ExtendedData><SchemaData schemaUrl="#SAFE_MunicipalFireStations_MCAC">
		<SimpleData name="OBJECTID">422</SimpleData>
		<SimpleData name="County">Harford County</SimpleData>
		<SimpleData name="ZIP">21160</SimpleData>
		<SimpleData name="Address">1407 Pylesville Road</SimpleData>
		<SimpleData name="StationName">Whiteford Volunteer Fire Company</SimpleData>
		<SimpleData name="State">MD</SimpleData>
		<SimpleData name="Type">Volunteer</SimpleData>
		<SimpleData name="Phone">410-452-8875</SimpleData>
		<SimpleData name="Fax">410-638-3630</SimpleData>
		<SimpleData name="Email">co@netzero.com</SimpleData>
		<SimpleData name="Website">whitefordfire.com</SimpleData>
		<SimpleData name="City">Whiteford</SimpleData>
	</SchemaData></ExtendedData>
      <Point><coordinates>-76.351858033,39.7088181760001</coordinates></Point>
  </Placemark>
  <Placemark>
	<ExtendedData><SchemaData schemaUrl="#SAFE_MunicipalFireStations_MCAC">
		<SimpleData name="OBJECTID">423</SimpleData>
		<SimpleData name="County">Wicomico County</SimpleData>
		<SimpleData name="ZIP">21874</SimpleData>
		<SimpleData name="Address">7370 Main St</SimpleData>
		<SimpleData name="StationName">Willards Volunteer Fire Company</SimpleData>
		<SimpleData name="State">MD</SimpleData>
		<SimpleData name="Type">Volunteer</SimpleData>
		<SimpleData name="Phone">410-835-8678</SimpleData>
		<SimpleData name="Fax">410-835-2466</SimpleData>
		<SimpleData name="Email"></SimpleData>
		<SimpleData name="Website"></SimpleData>
		<SimpleData name="City">Willards</SimpleData>
	</SchemaData></ExtendedData>
      <Point><coordinates>-75.350122972,38.3918667720001</coordinates></Point>
  </Placemark>
  <Placemark>
	<ExtendedData><SchemaData schemaUrl="#SAFE_MunicipalFireStations_MCAC">
		<SimpleData name="OBJECTID">424</SimpleData>
		<SimpleData name="County">Washington County</SimpleData>
		<SimpleData name="ZIP">21795</SimpleData>
		<SimpleData name="Address">2 Brandy Dr</SimpleData>
		<SimpleData name="StationName">Williamsport Volunteer Fire Company</SimpleData>
		<SimpleData name="State">MD</SimpleData>
		<SimpleData name="Type">Volunteer</SimpleData>
		<SimpleData name="Phone">301-223-9500</SimpleData>
		<SimpleData name="Fax">301-223-6122</SimpleData>
		<SimpleData name="Email">s2chief@wcvfr.org</SimpleData>
		<SimpleData name="Website">www.williamsportfire.org</SimpleData>
		<SimpleData name="City">Williamsport</SimpleData>
	</SchemaData></ExtendedData>
      <Point><coordinates>-77.8198191289999,39.5941379070001</coordinates></Point>
  </Placemark>
  <Placemark>
	<ExtendedData><SchemaData schemaUrl="#SAFE_MunicipalFireStations_MCAC">
		<SimpleData name="OBJECTID">425</SimpleData>
		<SimpleData name="County">Frederick County</SimpleData>
		<SimpleData name="ZIP">21773</SimpleData>
		<SimpleData name="Address">12464 Wolfsville Road</SimpleData>
		<SimpleData name="StationName">Wolfsville Volunteer Fire Department</SimpleData>
		<SimpleData name="State">MD</SimpleData>
		<SimpleData name="Type">Volunteer</SimpleData>
		<SimpleData name="Phone">301-293-1453</SimpleData>
		<SimpleData name="Fax">301-293-1343</SimpleData>
		<SimpleData name="Email">dafddf21@aol.com</SimpleData>
		<SimpleData name="Website"></SimpleData>
		<SimpleData name="City">Myersville</SimpleData>
	</SchemaData></ExtendedData>
      <Point><coordinates>-77.550080232,39.572791631</coordinates></Point>
  </Placemark>
  <Placemark>
	<ExtendedData><SchemaData schemaUrl="#SAFE_MunicipalFireStations_MCAC">
		<SimpleData name="OBJECTID">426</SimpleData>
		<SimpleData name="County">Carroll County</SimpleData>
		<SimpleData name="ZIP">21784</SimpleData>
		<SimpleData name="Address">1320 W Old Liberty Road</SimpleData>
		<SimpleData name="StationName">Winfield Community Volunteer Fire Department</SimpleData>
		<SimpleData name="State">MD</SimpleData>
		<SimpleData name="Type">Volunteer</SimpleData>
		<SimpleData name="Phone">410-795-1333</SimpleData>
		<SimpleData name="Fax">410-795-1375</SimpleData>
		<SimpleData name="Email"></SimpleData>
		<SimpleData name="Website">www.winfieldvfd.org</SimpleData>
		<SimpleData name="City">Sykesville</SimpleData>
	</SchemaData></ExtendedData>
      <Point><coordinates>-77.043428628,39.443129191</coordinates></Point>
  </Placemark>
  <Placemark>
	<ExtendedData><SchemaData schemaUrl="#SAFE_MunicipalFireStations_MCAC">
		<SimpleData name="OBJECTID">427</SimpleData>
		<SimpleData name="County">Baltimore County</SimpleData>
		<SimpleData name="ZIP">21222</SimpleData>
		<SimpleData name="Address">214 Wise Ave</SimpleData>
		<SimpleData name="StationName">Wise Avenue Volunteer Fire Company Station 27</SimpleData>
		<SimpleData name="State">MD</SimpleData>
		<SimpleData name="Type">Volunteer</SimpleData>
		<SimpleData name="Phone">410-288-0710</SimpleData>
		<SimpleData name="Fax">410-288-6095</SimpleData>
		<SimpleData name="Email">co270@bcvfa.org</SimpleData>
		<SimpleData name="Website">www.wavfc.org</SimpleData>
		<SimpleData name="City">Dundalk</SimpleData>
	</SchemaData></ExtendedData>
      <Point><coordinates>-76.4818037539999,39.26259351</coordinates></Point>
  </Placemark>
  <Placemark>
	<ExtendedData><SchemaData schemaUrl="#SAFE_MunicipalFireStations_MCAC">
		<SimpleData name="OBJECTID">428</SimpleData>
		<SimpleData name="County">Anne Arundel County</SimpleData>
		<SimpleData name="ZIP">21037</SimpleData>
		<SimpleData name="Address">529 Londontown Road</SimpleData>
		<SimpleData name="StationName">Woodland Beach Volunteer Fire Company</SimpleData>
		<SimpleData name="State">MD</SimpleData>
		<SimpleData name="Type">Volunteer</SimpleData>
		<SimpleData name="Phone">410-956-3100</SimpleData>
		<SimpleData name="Fax">410-956-0180</SimpleData>
		<SimpleData name="Email">vloemt448@comcast.net</SimpleData>
		<SimpleData name="Website">woodlandbeachvfd.net</SimpleData>
		<SimpleData name="City">Edgewater</SimpleData>
	</SchemaData></ExtendedData>
      <Point><coordinates>-76.547853443,38.934731449</coordinates></Point>
  </Placemark>
  <Placemark>
	<ExtendedData><SchemaData schemaUrl="#SAFE_MunicipalFireStations_MCAC">
		<SimpleData name="OBJECTID">429</SimpleData>
		<SimpleData name="County">Baltimore County</SimpleData>
		<SimpleData name="ZIP">21207</SimpleData>
		<SimpleData name="Address">2033 Woodlawn Dr</SimpleData>
		<SimpleData name="StationName">Woodlawn Volunteer Fire Company Station 33</SimpleData>
		<SimpleData name="State">MD</SimpleData>
		<SimpleData name="Type">Volunteer</SimpleData>
		<SimpleData name="Phone">410-265-8666</SimpleData>
		<SimpleData name="Fax"></SimpleData>
		<SimpleData name="Email"></SimpleData>
		<SimpleData name="Website">woodlawnvfc.org</SimpleData>
		<SimpleData name="City">Baltimore</SimpleData>
	</SchemaData></ExtendedData>
      <Point><coordinates>-76.72919625,39.321966425</coordinates></Point>
  </Placemark>
  <Placemark>
	<ExtendedData><SchemaData schemaUrl="#SAFE_MunicipalFireStations_MCAC">
		<SimpleData name="OBJECTID">430</SimpleData>
		<SimpleData name="County">Baltimore County</SimpleData>
		<SimpleData name="ZIP">21207</SimpleData>
		<SimpleData name="Address">6423 Windsor Mill Road</SimpleData>
		<SimpleData name="StationName">Woodlawn Volunteer Fire Department Station 3</SimpleData>
		<SimpleData name="State">MD</SimpleData>
		<SimpleData name="Type">Volunteer</SimpleData>
		<SimpleData name="Phone"></SimpleData>
		<SimpleData name="Fax"></SimpleData>
		<SimpleData name="Email"></SimpleData>
		<SimpleData name="Website"></SimpleData>
		<SimpleData name="City">Baltimore</SimpleData>
	</SchemaData></ExtendedData>
      <Point><coordinates>-76.728305211,39.322525092</coordinates></Point>
  </Placemark>
  <Placemark>
	<ExtendedData><SchemaData schemaUrl="#SAFE_MunicipalFireStations_MCAC">
		<SimpleData name="OBJECTID">431</SimpleData>
		<SimpleData name="County">Frederick County</SimpleData>
		<SimpleData name="ZIP">21798</SimpleData>
		<SimpleData name="Address">3 Third St</SimpleData>
		<SimpleData name="StationName">Woodsboro Volunteer Fire Department</SimpleData>
		<SimpleData name="State">MD</SimpleData>
		<SimpleData name="Type">Volunteer</SimpleData>
		<SimpleData name="Phone">301-898-5100</SimpleData>
		<SimpleData name="Fax">301-898-5368</SimpleData>
		<SimpleData name="Email">wvfd16@starpower.net</SimpleData>
		<SimpleData name="Website"></SimpleData>
		<SimpleData name="City">Woodsboro</SimpleData>
	</SchemaData></ExtendedData>
      <Point><coordinates>-77.3128789739999,39.5345391380001</coordinates></Point>
  </Placemark>
  <Placemark>
	<ExtendedData><SchemaData schemaUrl="#SAFE_MunicipalFireStations_MCAC">
		<SimpleData name="OBJECTID">432</SimpleData>
		<SimpleData name="County">Dorchester County</SimpleData>
		<SimpleData name="ZIP">21669</SimpleData>
		<SimpleData name="Address">501 Taylors Island Road</SimpleData>
		<SimpleData name="StationName">Taylor's Island Volunteer Fire Company</SimpleData>
		<SimpleData name="State">MD</SimpleData>
		<SimpleData name="Type">Volunteer</SimpleData>
		<SimpleData name="Phone">410-397-3524</SimpleData>
		<SimpleData name="Fax"></SimpleData>
		<SimpleData name="Email"></SimpleData>
		<SimpleData name="Website"></SimpleData>
		<SimpleData name="City">Taylors Island</SimpleData>
	</SchemaData></ExtendedData>
      <Point><coordinates>-76.298856789,38.469613044</coordinates></Point>
  </Placemark>
  <Placemark>
	<ExtendedData><SchemaData schemaUrl="#SAFE_MunicipalFireStations_MCAC">
		<SimpleData name="OBJECTID">433</SimpleData>
		<SimpleData name="County">Montgomery County</SimpleData>
		<SimpleData name="ZIP">20901</SimpleData>
		<SimpleData name="Address">111 University Blvd E</SimpleData>
		<SimpleData name="StationName">Silver Spring Fire Department - Station 16</SimpleData>
		<SimpleData name="State">MD</SimpleData>
		<SimpleData name="Type">Volunteer</SimpleData>
		<SimpleData name="Phone"></SimpleData>
		<SimpleData name="Fax"></SimpleData>
		<SimpleData name="Email"></SimpleData>
		<SimpleData name="Website"></SimpleData>
		<SimpleData name="City">Silver Spring</SimpleData>
	</SchemaData></ExtendedData>
      <Point><coordinates>-77.00721337,39.0175731900001</coordinates></Point>
  </Placemark>
  <Placemark>
	<ExtendedData><SchemaData schemaUrl="#SAFE_MunicipalFireStations_MCAC">
		<SimpleData name="OBJECTID">434</SimpleData>
		<SimpleData name="County">Frederick County</SimpleData>
		<SimpleData name="ZIP">21775</SimpleData>
		<SimpleData name="Address">12012 Woodsboro Pike</SimpleData>
		<SimpleData name="StationName">New Midway Volunteer Fire Company</SimpleData>
		<SimpleData name="State">MD</SimpleData>
		<SimpleData name="Type">Volunteer</SimpleData>
		<SimpleData name="Phone">301-898-0543</SimpleData>
		<SimpleData name="Fax"></SimpleData>
		<SimpleData name="Email"></SimpleData>
		<SimpleData name="Website"></SimpleData>
		<SimpleData name="City">New Midway</SimpleData>
	</SchemaData></ExtendedData>
      <Point><coordinates>-77.296155042,39.5630839140001</coordinates></Point>
  </Placemark>
  <Placemark>
	<ExtendedData><SchemaData schemaUrl="#SAFE_MunicipalFireStations_MCAC">
		<SimpleData name="OBJECTID">435</SimpleData>
		<SimpleData name="County">Allegany County</SimpleData>
		<SimpleData name="ZIP">21540</SimpleData>
		<SimpleData name="Address">500 Grant Street</SimpleData>
		<SimpleData name="StationName">Luke Volunteer Fire Company</SimpleData>
		<SimpleData name="State">MD</SimpleData>
		<SimpleData name="Type">Volunteer</SimpleData>
		<SimpleData name="Phone">301-359-3311x3240</SimpleData>
		<SimpleData name="Fax">301-359-20486</SimpleData>
		<SimpleData name="Email">amm15@meadwestvaco.com</SimpleData>
		<SimpleData name="Website"></SimpleData>
		<SimpleData name="City">Luke</SimpleData>
	</SchemaData></ExtendedData>
      <Point><coordinates>-79.058622821,39.473559245</coordinates></Point>
  </Placemark>
  <Placemark>
	<ExtendedData><SchemaData schemaUrl="#SAFE_MunicipalFireStations_MCAC">
		<SimpleData name="OBJECTID">436</SimpleData>
		<SimpleData name="County">Anne Arundel County</SimpleData>
		<SimpleData name="ZIP">21146</SimpleData>
		<SimpleData name="Address">960 Ritchie Highway</SimpleData>
		<SimpleData name="StationName">Jones Station Fire Station</SimpleData>
		<SimpleData name="State">MD</SimpleData>
		<SimpleData name="Type">Career</SimpleData>
		<SimpleData name="Phone"></SimpleData>
		<SimpleData name="Fax"></SimpleData>
		<SimpleData name="Email"></SimpleData>
		<SimpleData name="Website"></SimpleData>
		<SimpleData name="City">Severna Park</SimpleData>
	</SchemaData></ExtendedData>
      <Point><coordinates>-76.527171988,39.0565012000001</coordinates></Point>
  </Placemark>
  <Placemark>
	<ExtendedData><SchemaData schemaUrl="#SAFE_MunicipalFireStations_MCAC">
		<SimpleData name="OBJECTID">437</SimpleData>
		<SimpleData name="County">Sussex County</SimpleData>
		<SimpleData name="ZIP">19940</SimpleData>
		<SimpleData name="Address">36477 Bi State Blvd</SimpleData>
		<SimpleData name="StationName">Delmar Fire Department</SimpleData>
		<SimpleData name="State">DE</SimpleData>
		<SimpleData name="Type">Volunteer</SimpleData>
		<SimpleData name="Phone">302-846-2530</SimpleData>
		<SimpleData name="Fax"></SimpleData>
		<SimpleData name="Email"></SimpleData>
		<SimpleData name="Website"></SimpleData>
		<SimpleData name="City">Delmar</SimpleData>
	</SchemaData></ExtendedData>
      <Point><coordinates>-75.574076912,38.4570862640001</coordinates></Point>
  </Placemark>
  <Placemark>
	<ExtendedData><SchemaData schemaUrl="#SAFE_MunicipalFireStations_MCAC">
		<SimpleData name="OBJECTID">438</SimpleData>
		<SimpleData name="County">Allegany County</SimpleData>
		<SimpleData name="ZIP">21524</SimpleData>
		<SimpleData name="Address">12501 Corrigan Drive</SimpleData>
		<SimpleData name="StationName">Corriganville Volunteer Fire Company</SimpleData>
		<SimpleData name="State">MD</SimpleData>
		<SimpleData name="Type">Volunteer</SimpleData>
		<SimpleData name="Phone">301-722-7418</SimpleData>
		<SimpleData name="Fax"></SimpleData>
		<SimpleData name="Email"></SimpleData>
		<SimpleData name="Website"></SimpleData>
		<SimpleData name="City">Corriganville</SimpleData>
	</SchemaData></ExtendedData>
      <Point><coordinates>-78.78913757,39.6938213770001</coordinates></Point>
  </Placemark>
</Folder>
</Document></kml>
